pmid,doi,annee,modele,theme,themes_secondaires,journal,titre,url,fichier
41111437,10.1039/d5mh01233c,2026,dosimetrie_modelisation,apoptose_mitochondrie,thermique,,Applying spoof-plasmonic metasurfaces to microwave sample preparation of biological samples.,https://pubmed.ncbi.nlm.nih.gov/41111437/,dosimetrie_modelisation/apoptose_mitochondrie/2026_41111437_applying-spoof-plasmonic-metasurfaces-to-microwave.md
41221473,10.4236/jbise.2025.1810030,2025,dosimetrie_modelisation,apoptose_mitochondrie,dosimetrie_exposition,,Electromagnetic Field Stimulation Effects on Intrinsically Disordered Proteins and Their Role in Aging and Neurodegeneration.,https://pubmed.ncbi.nlm.nih.gov/41221473/,dosimetrie_modelisation/apoptose_mitochondrie/2025_41221473_electromagnetic-field-stimulation-effects-on-intri.md
37628714,10.3390/ijms241612533,2023,dosimetrie_modelisation,apoptose_mitochondrie,dosimetrie_exposition,,Role of Cx43 in iPSC-CM Damage Induced by Microwave Radiation.,https://pubmed.ncbi.nlm.nih.gov/37628714/,dosimetrie_modelisation/apoptose_mitochondrie/2023_37628714_role-of-cx43-in-ipsc-cm-damage-induced-by-microwav.md
14735563,10.1002/bem.10167,2004,dosimetrie_modelisation,apoptose_mitochondrie,,Bioelectromagnetics,Apoptosis induced by ultraviolet radiation is enhanced by amplitude modulated radiofrequency radiation in mutant yeast cells.,https://pubmed.ncbi.nlm.nih.gov/14735563/,dosimetrie_modelisation/apoptose_mitochondrie/2004_14735563_apoptosis-induced-by-ultraviolet-radiation-is-enha.md
9441959,10.1289/ehp.98106101,1998,dosimetrie_modelisation,barriere_hemato_encephalique,,Environmental health perspectives,Headaches from cellular telephones: are they real and what are the implications?,https://pubmed.ncbi.nlm.nih.gov/9441959/,dosimetrie_modelisation/barriere_hemato_encephalique/1998_9441959_headaches-from-cellular-telephones-are-they-real-a.md
41522074,10.21037/qims-2025-1224,2026,dosimetrie_modelisation,cancer,,Quantitative imaging in medicine and surgery,Early postoperative recurrence prediction in pancreatic ductal adenocarcinoma: a nomogram based on dual-energy computed tomography and 18F-fluorodeoxyglucose positron emission tomography-computed tomography.,https://pubmed.ncbi.nlm.nih.gov/41522074/,dosimetrie_modelisation/cancer/2026_41522074_early-postoperative-recurrence-prediction-in-pancr.md
42147050,10.3389/fnins.2026.1746678,2026,dosimetrie_modelisation,cancer,neuroinflammation;dosimetrie_exposition,Frontiers in neuroscience,Clinical application of 1H MRS in the human brain at 7T.,https://pubmed.ncbi.nlm.nih.gov/42147050/,dosimetrie_modelisation/cancer/2026_42147050_clinical-application-of-1h-mrs-in-the-human-brain.md
42382435,10.1016/j.adro.2026.102089,2026,dosimetrie_modelisation,cancer,,,The Role of Low-Energy Virtual Monoenergetic Images Derived From Dual-Energy Computed Tomography in Tumor Segmentation for Head and Neck Radiation Therapy: A Contouring Study.,https://pubmed.ncbi.nlm.nih.gov/42382435/,dosimetrie_modelisation/cancer/2026_42382435_the-role-of-low-energy-virtual-monoenergetic-image.md
42527916,10.1186/s12940-026-01324-5,2026,dosimetrie_modelisation,cancer,dosimetrie_exposition,,Conflicting views in experimental carcinogenesis: a commentary on design and methodological deficiencies in the follow-up validation studies on radiofrequency radiation.,https://pubmed.ncbi.nlm.nih.gov/42527916/,dosimetrie_modelisation/cancer/2026_42527916_conflicting-views-in-experimental-carcinogenesis-a.md
PPR1291611,10.21203/rs.3.rs-10593309/v1,2026,dosimetrie_modelisation,cancer,dosimetrie_exposition,,Compact Cross Dipole Metamaterial-Inspired THz Antenna for Non-invasive early Breast Tumor Detection,https://doi.org/10.21203/rs.3.rs-10593309/v1,dosimetrie_modelisation/cancer/2026_PPR1291611_compact-cross-dipole-metamaterial-inspired-thz-ant.md
PPR1311291,10.20944/preprints202609.0196.v1,2026,dosimetrie_modelisation,cancer,dosimetrie_exposition,,Total Hip Arthroplasty on Tumor Treating Fields Delivery for Ovarian Carcinoma: A Finite Element Study,https://doi.org/10.20944/preprints202609.0196.v1,dosimetrie_modelisation/cancer/2026_PPR1311291_total-hip-arthroplasty-on-tumor-treating-fields-de.md
36706903,10.1016/j.envres.2023.115369,2023,dosimetrie_modelisation,cancer,thermique,Environmental research,Incongruities in recently revised radiofrequency exposure guidelines and standards.,https://pubmed.ncbi.nlm.nih.gov/36706903/,dosimetrie_modelisation/cancer/2023_36706903_incongruities-in-recently-revised-radiofrequency-e.md
32149530,10.1080/09603123.2020.1738352,2022,dosimetrie_modelisation,cancer,dosimetrie_exposition,International journal of environmental health research,Evidences of the (400 MHz - 3 GHz) radiofrequency electromagnetic field influence on brain tumor induction.,https://pubmed.ncbi.nlm.nih.gov/32149530/,dosimetrie_modelisation/cancer/2022_32149530_evidences-of-the-400-mhz-3-ghz-radiofrequency-elec.md
31902750,10.1109/TBME.2019.2963104,2020,dosimetrie_modelisation,cancer,,IEEE transactions on bio-medical engineering,Millimeter-Wave Substrate Integrated Waveguide Probe for Skin Cancer Detection.,https://pubmed.ncbi.nlm.nih.gov/31902750/,dosimetrie_modelisation/cancer/2020_31902750_millimeter-wave-substrate-integrated-waveguide-pro.md
25749340,10.1016/j.bbrc.2015.02.151,2015,dosimetrie_modelisation,cancer,,Biochemical and biophysical research communications,Tumor promotion by exposure to radiofrequency electromagnetic fields below exposure limits for humans.,https://pubmed.ncbi.nlm.nih.gov/25749340/,dosimetrie_modelisation/cancer/2015_25749340_tumor-promotion-by-exposure-to-radiofrequency-elec.md
41411845,10.1016/j.jmr.2025.108002,2026,dosimetrie_modelisation,dosimetrie_exposition,,"Journal of magnetic resonance (San Diego, Calif. : 1997)",Variable spacing Fast-T1ρ for the analysis of fast relaxing species at low-field.,https://pubmed.ncbi.nlm.nih.gov/41411845/,dosimetrie_modelisation/dosimetrie_exposition/2026_41411845_variable-spacing-fast-t1-for-the-analysis-of-fast.md
41481179,10.1097/HP.0000000000002109,2026,dosimetrie_modelisation,dosimetrie_exposition,,Health physics,The Systems of Radiological Protection for Ionizing and Non-Ionizing Radiation.,https://pubmed.ncbi.nlm.nih.gov/41481179/,dosimetrie_modelisation/dosimetrie_exposition/2026_41481179_the-systems-of-radiological-protection-for-ionizin.md
41507064,10.1002/mp.70225,2026,dosimetrie_modelisation,dosimetrie_exposition,,Medical physics,Quantitative conductivity reconstruction network for brain hemorrhage detection in thermoacoustic imaging.,https://pubmed.ncbi.nlm.nih.gov/41507064/,dosimetrie_modelisation/dosimetrie_exposition/2026_41507064_quantitative-conductivity-reconstruction-network-f.md
41615988,10.1371/journal.pone.0340031,2026,dosimetrie_modelisation,dosimetrie_exposition,,PloS one,Numerical analysis of low-frequency electromagnetic field effects from three-phase transformer on coronary stents and cardiac tissues.,https://pubmed.ncbi.nlm.nih.gov/41615988/,dosimetrie_modelisation/dosimetrie_exposition/2026_41615988_numerical-analysis-of-low-frequency-electromagneti.md
41645932,10.1080/15368378.2026.2623473,2026,dosimetrie_modelisation,dosimetrie_exposition,,Electromagnetic biology and medicine,Effects of exposure to nearby mobile phone base stations and mobile phone usage on human blood parameters.,https://pubmed.ncbi.nlm.nih.gov/41645932/,dosimetrie_modelisation/dosimetrie_exposition/2026_41645932_effects-of-exposure-to-nearby-mobile-phone-base-st.md
41700820,10.1039/d5nr04609b,2026,dosimetrie_modelisation,dosimetrie_exposition,,Nanoscale,Synthesis and characterization of platinum-decorated iron carbide nanoparticles and their potential for magnetically induced catalysis.,https://pubmed.ncbi.nlm.nih.gov/41700820/,dosimetrie_modelisation/dosimetrie_exposition/2026_41700820_synthesis-and-characterization-of-platinum-decorat.md
41826931,10.1186/s12940-026-01288-6,2026,dosimetrie_modelisation,dosimetrie_exposition,cancer;reproduction,,Exposure limits to radiofrequency EMF do not account for cancer risk or reproductive toxicity assessed from data in experimental animals.,https://pubmed.ncbi.nlm.nih.gov/41826931/,dosimetrie_modelisation/dosimetrie_exposition/2026_41826931_exposure-limits-to-radiofrequency-emf-do-not-accou.md
41829429,10.3390/s26051468,2026,dosimetrie_modelisation,dosimetrie_exposition,,,Electromagnetic Exposure Assessment of 5G Mobile Phones: SAR and Thermal Distribution in a Multi-Layer Human Head Model.,https://pubmed.ncbi.nlm.nih.gov/41829429/,dosimetrie_modelisation/dosimetrie_exposition/2026_41829429_electromagnetic-exposure-assessment-of-5g-mobile-p.md
41845386,10.1186/s12896-026-01134-0,2026,dosimetrie_modelisation,dosimetrie_exposition,,BMC biotechnology,Sustainable utilization of phosphogypsum in agriculture enhanced by mycorrhizal organisms: a new perspective.,https://pubmed.ncbi.nlm.nih.gov/41845386/,dosimetrie_modelisation/dosimetrie_exposition/2026_41845386_sustainable-utilization-of-phosphogypsum-in-agricu.md
41870386,10.1097/HP.0000000000002145,2026,dosimetrie_modelisation,dosimetrie_exposition,,Health physics,Safety Assessment of Sunroof Status on Radio Frequency Electromagnetic Exposure Levels for Drivers in Vehicle-to-Vehicle Communication.,https://pubmed.ncbi.nlm.nih.gov/41870386/,dosimetrie_modelisation/dosimetrie_exposition/2026_41870386_safety-assessment-of-sunroof-status-on-radio-frequ.md
41875488,10.1088/1361-6498/ae5665,2026,dosimetrie_modelisation,dosimetrie_exposition,,Journal of radiological protection : official journal of the Society for Radiological Protection,A study on the health effects of pantograph-catenary arc from high-speed emus on cardiac pacemaker wearers.,https://pubmed.ncbi.nlm.nih.gov/41875488/,dosimetrie_modelisation/dosimetrie_exposition/2026_41875488_a-study-on-the-health-effects-of-pantograph-catena.md
41902092,10.3390/s26061922,2026,dosimetrie_modelisation,dosimetrie_exposition,,"Sensors (Basel, Switzerland)",Compact AMC-Backed Flexible UHF RFID Tag Antenna for On-Body Biomedical Applications.,https://pubmed.ncbi.nlm.nih.gov/41902092/,dosimetrie_modelisation/dosimetrie_exposition/2026_41902092_compact-amc-backed-flexible-uhf-rfid-tag-antenna-f.md
41938658,10.1038/s44459-026-00031-4,2026,dosimetrie_modelisation,dosimetrie_exposition,neuro_comportement_cognition,NPJ wireless technology,Hybrid ray-tracing-QuaDRiGa/FDTD method for realistic 28 GHz exposure with 6G CF-MaMIMO in 3D outdoor environments.,https://pubmed.ncbi.nlm.nih.gov/41938658/,dosimetrie_modelisation/dosimetrie_exposition/2026_41938658_hybrid-ray-tracing-quadriga-fdtd-method-for-realis.md
42213724,10.1371/journal.pone.0350033,2026,dosimetrie_modelisation,dosimetrie_exposition,,PloS one,Experimental investigation of four-port MIMO-Dual-Band (MDB) antenna for n260/n263 mmWave bands with analysis including conformal & specific-absorption-rate.,https://pubmed.ncbi.nlm.nih.gov/42213724/,dosimetrie_modelisation/dosimetrie_exposition/2026_42213724_experimental-investigation-of-four-port-mimo-dual.md
42230940,10.1038/s41598-026-55490-0,2026,dosimetrie_modelisation,dosimetrie_exposition,,,Fat-intra-body communication system using flexible wearable antennas with human and torso phantom validation for biomedical applications.,https://pubmed.ncbi.nlm.nih.gov/42230940/,dosimetrie_modelisation/dosimetrie_exposition/2026_42230940_fat-intra-body-communication-system-using-flexible.md
42309420,10.1016/j.envres.2026.125040,2026,dosimetrie_modelisation,dosimetrie_exposition,,,Urban radio-frequency electromagnetic field exposure in New York City.,https://pubmed.ncbi.nlm.nih.gov/42309420/,dosimetrie_modelisation/dosimetrie_exposition/2026_42309420_urban-radio-frequency-electromagnetic-field-exposu.md
42346924,10.3390/jimaging12060261,2026,dosimetrie_modelisation,dosimetrie_exposition,,Journal of imaging,SAR-Efficient Sub-Volume Imaging Using Nonlinear Gradient Magnetic Fields.,https://pubmed.ncbi.nlm.nih.gov/42346924/,dosimetrie_modelisation/dosimetrie_exposition/2026_42346924_sar-efficient-sub-volume-imaging-using-nonlinear-g.md
42365512,10.1080/15368378.2026.2694327,2026,dosimetrie_modelisation,dosimetrie_exposition,neurodeveloppement,Electromagnetic biology and medicine,Smartwatch low-SAR approach based on antenna integrated with metamaterial protection layer.,https://pubmed.ncbi.nlm.nih.gov/42365512/,dosimetrie_modelisation/dosimetrie_exposition/2026_42365512_smartwatch-low-sar-approach-based-on-antenna-integ.md
42402072,10.1080/15368378.2026.2695362,2026,dosimetrie_modelisation,dosimetrie_exposition,thermique,Electromagnetic biology and medicine,Computational dosimetry of electromagnetic and thermal exposure for pacemaker wearers in vehicle-to-vehicle environments.,https://pubmed.ncbi.nlm.nih.gov/42402072/,dosimetrie_modelisation/dosimetrie_exposition/2026_42402072_computational-dosimetry-of-electromagnetic-and-the.md
42546006,10.1109/TBCAS.2026.3719439,2026,dosimetrie_modelisation,dosimetrie_exposition,,IEEE transactions on biomedical circuits and systems,Motion-Aware Low-Power Wearable Photoplethysmography System with Metamaterial-Enhanced Wireless Telemetry.,https://pubmed.ncbi.nlm.nih.gov/42546006/,dosimetrie_modelisation/dosimetrie_exposition/2026_42546006_motion-aware-low-power-wearable-photoplethysmograp.md
42557268,10.1038/s41598-026-54193-w,2026,dosimetrie_modelisation,dosimetrie_exposition,,Scientific reports,Design of a wearable compact pulsed electromagnetic field (PEMF) device for orthodontic treatments.,https://pubmed.ncbi.nlm.nih.gov/42557268/,dosimetrie_modelisation/dosimetrie_exposition/2026_42557268_design-of-a-wearable-compact-pulsed-electromagneti.md
42702745,10.1002/mrm.70576,2026,dosimetrie_modelisation,dosimetrie_exposition,,Magnetic resonance in medicine,Feasibility of Laminar Functional Quantitative Susceptibility Mapping.,https://pubmed.ncbi.nlm.nih.gov/42702745/,dosimetrie_modelisation/dosimetrie_exposition/2026_42702745_feasibility-of-laminar-functional-quantitative-sus.md
42732847,10.1016/j.mri.2026.110803,2026,dosimetrie_modelisation,dosimetrie_exposition,,Magnetic resonance imaging,RF safety assessment of dental retainers for human head MRI array coils at 9.4 T.,https://pubmed.ncbi.nlm.nih.gov/42732847/,dosimetrie_modelisation/dosimetrie_exposition/2026_42732847_rf-safety-assessment-of-dental-retainers-for-human.md
42740072,10.3390/s26175452,2026,dosimetrie_modelisation,dosimetrie_exposition,,"Sensors (Basel, Switzerland)",Microwave Radar Sensing for Non-Invasive Intra-Abdominal Pressure Monitoring: A Simulation-Based Analysis with Phantom Testing.,https://pubmed.ncbi.nlm.nih.gov/42740072/,dosimetrie_modelisation/dosimetrie_exposition/2026_42740072_microwave-radar-sensing-for-non-invasive-intra-abd.md
42748860,10.1016/j.jtherbio.2026.104570,2026,dosimetrie_modelisation,dosimetrie_exposition,,,An integrated experimental-computational electromagnetic-thermal framework for predicting bioheat response of the human head to wearable wireless devices.,https://pubmed.ncbi.nlm.nih.gov/42748860/,dosimetrie_modelisation/dosimetrie_exposition/2026_42748860_an-integrated-experimental-computational-electroma.md
42756263,10.3389/fpubh.2026.1893518,2026,dosimetrie_modelisation,dosimetrie_exposition,,Frontiers in public health,Compact metasurface track-side PIS antenna-based occupational electromagnetic exposure research of inspectors in the metro tunnel.,https://pubmed.ncbi.nlm.nih.gov/42756263/,dosimetrie_modelisation/dosimetrie_exposition/2026_42756263_compact-metasurface-track-side-pis-antenna-based-o.md
42784477,10.1109/TBME.2026.3737200,2026,dosimetrie_modelisation,dosimetrie_exposition,,IEEE transactions on bio-medical engineering,Integrating Low-loss High-permittivity Ceramic Helmet with RF Head Array Coil to Largely Enhance Coil Sensitivity and SNR for Human Brain MRI at 7T.,https://pubmed.ncbi.nlm.nih.gov/42784477/,dosimetrie_modelisation/dosimetrie_exposition/2026_42784477_integrating-low-loss-high-permittivity-ceramic-hel.md
42785508,10.1016/j.envres.2026.125736,2026,dosimetrie_modelisation,dosimetrie_exposition,,Environmental research,RF-EMF brain dose from mobile phones and the role of reception quality - a simulation study using the ETAIN 5G Scientist App.,https://pubmed.ncbi.nlm.nih.gov/42785508/,dosimetrie_modelisation/dosimetrie_exposition/2026_42785508_rf-emf-brain-dose-from-mobile-phones-and-the-role.md
39746061,10.1080/09553002.2024.2442693,2025,dosimetrie_modelisation,dosimetrie_exposition,,International journal of radiation biology,Numerical dosimetry of specific absorption rate of insects exposed to far-field radiofrequency electromagnetic fields.,https://pubmed.ncbi.nlm.nih.gov/39746061/,dosimetrie_modelisation/dosimetrie_exposition/2025_39746061_numerical-dosimetry-of-specific-absorption-rate-of.md
39804717,10.1097/hp.0000000000001935,2025,dosimetrie_modelisation,dosimetrie_exposition,,,Measurement of Ambient Millimeter Wave Exposure Levels around Small Base Stations.,https://pubmed.ncbi.nlm.nih.gov/39804717/,dosimetrie_modelisation/dosimetrie_exposition/2025_39804717_measurement-of-ambient-millimeter-wave-exposure-le.md
39909091,10.1016/j.envres.2025.121029,2025,dosimetrie_modelisation,dosimetrie_exposition,,,Auto-induced uplink 4G and 5G RF-EMF exposure assessment using a network monitoring application in different microenvironments across seven European countries.,https://pubmed.ncbi.nlm.nih.gov/39909091/,dosimetrie_modelisation/dosimetrie_exposition/2025_39909091_auto-induced-uplink-4g-and-5g-rf-emf-exposure-asse.md
40006261,10.3390/s25041032,2025,dosimetrie_modelisation,dosimetrie_exposition,,,A Dual-Polarized and Broadband Multiple-Antenna System for 5G Cellular Communications.,https://pubmed.ncbi.nlm.nih.gov/40006261/,dosimetrie_modelisation/dosimetrie_exposition/2025_40006261_a-dual-polarized-and-broadband-multiple-antenna-sy.md
40096075,10.3390/s25051301,2025,dosimetrie_modelisation,dosimetrie_exposition,,,Spatial and Temporal Mapping of RF Exposure in an Urban Core Using Exposimeter and GIS.,https://pubmed.ncbi.nlm.nih.gov/40096075/,dosimetrie_modelisation/dosimetrie_exposition/2025_40096075_spatial-and-temporal-mapping-of-rf-exposure-in-an.md
40341584,10.1002/bem.70008,2025,dosimetrie_modelisation,dosimetrie_exposition,,,5G EMF Exposure at 3.6 GHz in Greece Using Data From Frequency-Selective Monitoring Sensors.,https://pubmed.ncbi.nlm.nih.gov/40341584/,dosimetrie_modelisation/dosimetrie_exposition/2025_40341584_5g-emf-exposure-at-3-6-ghz-in-greece-using-data-fr.md
40367213,10.1371/journal.pone.0322735,2025,dosimetrie_modelisation,dosimetrie_exposition,thermique,,Electromagnetic exposure levels of electric vehicle drive motors to cochlear implanted passenger.,https://pubmed.ncbi.nlm.nih.gov/40367213/,dosimetrie_modelisation/dosimetrie_exposition/2025_40367213_electromagnetic-exposure-levels-of-electric-vehicl.md
40581953,10.1093/rpd/ncaf068,2025,dosimetrie_modelisation,dosimetrie_exposition,,,Effect of elevation on cumulative radiofrequency exposure from multiple communication towers.,https://pubmed.ncbi.nlm.nih.gov/40581953/,dosimetrie_modelisation/dosimetrie_exposition/2025_40581953_effect-of-elevation-on-cumulative-radiofrequency-e.md
40586584,10.1002/bem.70012,2025,dosimetrie_modelisation,dosimetrie_exposition,,Bioelectromagnetics,In-Situ Measurements of Radiofrequency Electromagnetic Fields Measurements Around 5G Macro Base Stations in the UK.,https://pubmed.ncbi.nlm.nih.gov/40586584/,dosimetrie_modelisation/dosimetrie_exposition/2025_40586584_in-situ-measurements-of-radiofrequency-electromagn.md
40595917,10.1038/s41598-025-05835-y,2025,dosimetrie_modelisation,dosimetrie_exposition,,,Characteristic mode analysis of electromagnetic interference susceptibility in motor driven unmanned drones for enhanced design and performance.,https://pubmed.ncbi.nlm.nih.gov/40595917/,dosimetrie_modelisation/dosimetrie_exposition/2025_40595917_characteristic-mode-analysis-of-electromagnetic-in.md
40764353,10.1038/s41598-025-13777-8,2025,dosimetrie_modelisation,dosimetrie_exposition,,,The modeling of the interaction of pulsed 5G/6G signals and the fine structure of human skin.,https://pubmed.ncbi.nlm.nih.gov/40764353/,dosimetrie_modelisation/dosimetrie_exposition/2025_40764353_the-modeling-of-the-interaction-of-pulsed-5g-6g-si.md
40807716,10.3390/s25154549,2025,dosimetrie_modelisation,dosimetrie_exposition,,"Sensors (Basel, Switzerland)",Sustainable THz SWIPT via RIS-Enabled Sensing and Adaptive Power Focusing: Toward Green 6G IoT.,https://pubmed.ncbi.nlm.nih.gov/40807716/,dosimetrie_modelisation/dosimetrie_exposition/2025_40807716_sustainable-thz-swipt-via-ris-enabled-sensing-and.md
40831424,10.1002/bem.70019,2025,dosimetrie_modelisation,dosimetrie_exposition,,,5G RF EMF Spectral Exposure Assessment in Four European Countries.,https://pubmed.ncbi.nlm.nih.gov/40831424/,dosimetrie_modelisation/dosimetrie_exposition/2025_40831424_5g-rf-emf-spectral-exposure-assessment-in-four-eur.md
40831443,10.1002/bem.70020,2025,dosimetrie_modelisation,dosimetrie_exposition,,,Dual Evaluation and Spatial Analysis of RF-EMF Exposure in 5G: Theoretical Extrapolations and Direct Measurements.,https://pubmed.ncbi.nlm.nih.gov/40831443/,dosimetrie_modelisation/dosimetrie_exposition/2025_40831443_dual-evaluation-and-spatial-analysis-of-rf-emf-exp.md
40842699,10.1063/5.0275613,2025,dosimetrie_modelisation,dosimetrie_exposition,,,Non-contact radiofrequency stimulation to the olfactory nerve of human subjects.,https://pubmed.ncbi.nlm.nih.gov/40842699/,dosimetrie_modelisation/dosimetrie_exposition/2025_40842699_non-contact-radiofrequency-stimulation-to-the-olfa.md
41230687,10.1002/bem.70033,2025,dosimetrie_modelisation,dosimetrie_exposition,,Bioelectromagnetics,Comprehensive Measurement-Based Assessment of Downlink RF-EMF Exposure in Urban Environments: Multi-Method Analysis and Intercomparison.,https://pubmed.ncbi.nlm.nih.gov/41230687/,dosimetrie_modelisation/dosimetrie_exposition/2025_41230687_comprehensive-measurement-based-assessment-of-down.md
41239101,10.1007/s11356-025-37188-4,2025,dosimetrie_modelisation,dosimetrie_exposition,,,Visualizing radiofrequency electromagnetic field exposure through Voronoi-based maps.,https://pubmed.ncbi.nlm.nih.gov/41239101/,dosimetrie_modelisation/dosimetrie_exposition/2025_41239101_visualizing-radiofrequency-electromagnetic-field-e.md
41337259,10.1109/embc58623.2025.11253961,2025,dosimetrie_modelisation,dosimetrie_exposition,,,Shielded Relay Coil design to Optimize WPT and SAR for Distributed Wireless Brain Implants<sup/>.,https://pubmed.ncbi.nlm.nih.gov/41337259/,dosimetrie_modelisation/dosimetrie_exposition/2025_41337259_shielded-relay-coil-design-to-optimize-wpt-and-sar.md
41395749,10.1002/bem.70036,2025,dosimetrie_modelisation,dosimetrie_exposition,,,Conceptualization and Realization of a Vibrating Intrinsic Reverberation Chamber for Plant Exposure to Radio Frequency Electromagnetic Fields.,https://pubmed.ncbi.nlm.nih.gov/41395749/,dosimetrie_modelisation/dosimetrie_exposition/2025_41395749_conceptualization-and-realization-of-a-vibrating-i.md
41461760,10.1038/s41598-025-28971-x,2025,dosimetrie_modelisation,dosimetrie_exposition,neuro_comportement_cognition,,Machine learning-optimized compact wearable frequency reconfigurable antenna for sub-6 GHz/mm-wave 5G integration.,https://pubmed.ncbi.nlm.nih.gov/41461760/,dosimetrie_modelisation/dosimetrie_exposition/2025_41461760_machine-learning-optimized-compact-wearable-freque.md
IND608844840,,2025,dosimetrie_modelisation,dosimetrie_exposition,,,Auto-induced uplink 4G and 5G RF-EMF exposure assessment using a network monitoring application in different microenvironments across seven European countries,,dosimetrie_modelisation/dosimetrie_exposition/2025_IND608844840_auto-induced-uplink-4g-and-5g-rf-emf-exposure-asse.md
38199478,10.1016/j.envres.2024.118124,2024,dosimetrie_modelisation,dosimetrie_exposition,,Environmental research,"Personal exposure to radiofrequency electromagnetic fields: A comparative analysis of international, national, and regional guidelines.",https://pubmed.ncbi.nlm.nih.gov/38199478/,dosimetrie_modelisation/dosimetrie_exposition/2024_38199478_personal-exposure-to-radiofrequency-electromagneti.md
38400463,10.3390/s24041305,2024,dosimetrie_modelisation,dosimetrie_exposition,,,Crescent Antennas as Sensors: Case of Sensing Brain Pathology.,https://pubmed.ncbi.nlm.nih.gov/38400463/,dosimetrie_modelisation/dosimetrie_exposition/2024_38400463_crescent-antennas-as-sensors-case-of-sensing-brain.md
38709715,10.1080/09553002.2024.2347354,2024,dosimetrie_modelisation,dosimetrie_exposition,reproduction,International journal of radiation biology,Absorption of 5G sub-6 GHz electromagnetic radiation from base station to male reproduction system.,https://pubmed.ncbi.nlm.nih.gov/38709715/,dosimetrie_modelisation/dosimetrie_exposition/2024_38709715_absorption-of-5g-sub-6-ghz-electromagnetic-radiati.md
38778514,10.1002/bem.22505,2024,dosimetrie_modelisation,dosimetrie_exposition,,Bioelectromagnetics,"Electromagnetic field exposure monitoring of commercial 28-GHz band 5G base stations in Tokyo, Japan.",https://pubmed.ncbi.nlm.nih.gov/38778514/,dosimetrie_modelisation/dosimetrie_exposition/2024_38778514_electromagnetic-field-exposure-monitoring-of-comme.md
39007516,10.1093/rpd/ncae161,2024,dosimetrie_modelisation,dosimetrie_exposition,,,"On the uncertainty in numerical modeling of wireless communication devices operating at frequencies of 900 MHz, 1800 MHz, and 28 GHz.",https://pubmed.ncbi.nlm.nih.gov/39007516/,dosimetrie_modelisation/dosimetrie_exposition/2024_39007516_on-the-uncertainty-in-numerical-modeling-of-wirele.md
39030829,10.1002/bem.22518,2024,dosimetrie_modelisation,dosimetrie_exposition,,Bioelectromagnetics,Estimates and measurements of radiofrequency exposures in smart-connected homes.,https://pubmed.ncbi.nlm.nih.gov/39030829/,dosimetrie_modelisation/dosimetrie_exposition/2024_39030829_estimates-and-measurements-of-radiofrequency-expos.md
39275545,10.3390/s24175634,2024,dosimetrie_modelisation,dosimetrie_exposition,,,"Comprehensive Analysis of Magnetic Flux Density and RF-EMF Exposure in Electric Buses: A Case Study from Samsun, Turkey.",https://pubmed.ncbi.nlm.nih.gov/39275545/,dosimetrie_modelisation/dosimetrie_exposition/2024_39275545_comprehensive-analysis-of-magnetic-flux-density-an.md
39402869,10.1002/bem.22526,2024,dosimetrie_modelisation,dosimetrie_exposition,,,The influence of eyelashes on electric field distribution and absorbed power density in the cornea under millimeter-wave exposure.,https://pubmed.ncbi.nlm.nih.gov/39402869/,dosimetrie_modelisation/dosimetrie_exposition/2024_39402869_the-influence-of-eyelashes-on-electric-field-distr.md
39660198,10.1016/j.heliyon.2024.e40627,2024,dosimetrie_modelisation,dosimetrie_exposition,,,Development of flexible durable multi-slotted antenna for wearable applications.,https://pubmed.ncbi.nlm.nih.gov/39660198/,dosimetrie_modelisation/dosimetrie_exposition/2024_39660198_development-of-flexible-durable-multi-slotted-ante.md
PPR794512,10.20944/preprints202401.2045.v1,2024,dosimetrie_modelisation,dosimetrie_exposition,,,EMF Exposure in Public Places in Central Greece. Active versus Non Active Users 5G Exposure,https://doi.org/10.20944/preprints202401.2045.v1,dosimetrie_modelisation/dosimetrie_exposition/2024_PPR794512_emf-exposure-in-public-places-in-central-greece-ac.md
PPR856001,10.21203/rs.3.rs-4355993/v1,2024,dosimetrie_modelisation,dosimetrie_exposition,,,Specific Absorption Rate in Human Eye Model Exposed to Mobile Phone Radiation: A FDTD Study,https://doi.org/10.21203/rs.3.rs-4355993/v1,dosimetrie_modelisation/dosimetrie_exposition/2024_PPR856001_specific-absorption-rate-in-human-eye-model-expose.md
36368387,10.1016/j.scitotenv.2022.160008,2023,dosimetrie_modelisation,dosimetrie_exposition,,The Science of the total environment,Comparison of personal exposure to Radiofrequency Electromagnetic Fields from Wi-Fi in a Spanish university over three years.,https://pubmed.ncbi.nlm.nih.gov/36368387/,dosimetrie_modelisation/dosimetrie_exposition/2023_36368387_comparison-of-personal-exposure-to-radiofrequency.md
36609755,10.1007/s11356-023-25153-y,2023,dosimetrie_modelisation,dosimetrie_exposition,neuro_comportement_cognition,,Evaluation of Chinese populational exposure to environmental electromagnetic field based on stochastic dosimetry and parametric human modelling.,https://pubmed.ncbi.nlm.nih.gov/36609755/,dosimetrie_modelisation/dosimetrie_exposition/2023_36609755_evaluation-of-chinese-populational-exposure-to-env.md
36772628,10.3390/s23031588,2023,dosimetrie_modelisation,dosimetrie_exposition,,"Sensors (Basel, Switzerland)",Multi-Technology Multi-Operator Site Sharing: Compliance Distance Analysis for EMF Exposure.,https://pubmed.ncbi.nlm.nih.gov/36772628/,dosimetrie_modelisation/dosimetrie_exposition/2023_36772628_multi-technology-multi-operator-site-sharing-compl.md
36901531,10.3390/ijerph20054512,2023,dosimetrie_modelisation,dosimetrie_exposition,,International journal of environmental research and public health,5G Service and Pacemakers/Implantable Defibrillators: What Is the Actual Risk?,https://pubmed.ncbi.nlm.nih.gov/36901531/,dosimetrie_modelisation/dosimetrie_exposition/2023_36901531_5g-service-and-pacemakers-implantable-defibrillato.md
36991856,10.3390/s23063145,2023,dosimetrie_modelisation,dosimetrie_exposition,,"Sensors (Basel, Switzerland)",RF-EMF Exposure near 5G NR Small Cells.,https://pubmed.ncbi.nlm.nih.gov/36991856/,dosimetrie_modelisation/dosimetrie_exposition/2023_36991856_rf-emf-exposure-near-5g-nr-small-cells.md
36992024,10.3390/s23063312,2023,dosimetrie_modelisation,dosimetrie_exposition,,"Sensors (Basel, Switzerland)",Comparison of Low-Cost 5G Electromagnetic Field Sensors.,https://pubmed.ncbi.nlm.nih.gov/36992024/,dosimetrie_modelisation/dosimetrie_exposition/2023_36992024_comparison-of-low-cost-5g-electromagnetic-field-se.md
37147522,10.1038/s41598-023-34394-3,2023,dosimetrie_modelisation,dosimetrie_exposition,,,A monopole antenna with cotton fabric material for wearable applications.,https://pubmed.ncbi.nlm.nih.gov/37147522/,dosimetrie_modelisation/dosimetrie_exposition/2023_37147522_a-monopole-antenna-with-cotton-fabric-material-for.md
37270798,10.1080/15368378.2023.2220736,2023,dosimetrie_modelisation,dosimetrie_exposition,,,Electromagnetic field exposure to human head model with various metal objects at sub-6 GHz frequencies.,https://pubmed.ncbi.nlm.nih.gov/37270798/,dosimetrie_modelisation/dosimetrie_exposition/2023_37270798_electromagnetic-field-exposure-to-human-head-model.md
37447899,10.3390/s23136050,2023,dosimetrie_modelisation,dosimetrie_exposition,,"Sensors (Basel, Switzerland)",Assessment of Electromagnetic Field Exposure on European Roads: A Comprehensive In Situ Measurement Campaign.,https://pubmed.ncbi.nlm.nih.gov/37447899/,dosimetrie_modelisation/dosimetrie_exposition/2023_37447899_assessment-of-electromagnetic-field-exposure-on-eu.md
37809888,10.1016/j.heliyon.2023.e20323,2023,dosimetrie_modelisation,dosimetrie_exposition,,,"Assessment of the electromagnetic field exposure due to wireless communication technologies in two university campuses of medellin, Colombia.",https://pubmed.ncbi.nlm.nih.gov/37809888/,dosimetrie_modelisation/dosimetrie_exposition/2023_37809888_assessment-of-the-electromagnetic-field-exposure-d.md
37893280,10.3390/mi14101842,2023,dosimetrie_modelisation,dosimetrie_exposition,,,A Conformal Tri-Band Antenna for Flexible Devices and Body-Centric Wireless Communications.,https://pubmed.ncbi.nlm.nih.gov/37893280/,dosimetrie_modelisation/dosimetrie_exposition/2023_37893280_a-conformal-tri-band-antenna-for-flexible-devices.md
PPR731001,10.1101/2023.09.25.559414,2023,dosimetrie_modelisation,dosimetrie_exposition,,,1.7 GHz long-term evolution radiofrequency electromagnetic field with efficient thermal control has no effect on the proliferation of different human cell types,https://doi.org/10.1101/2023.09.25.559414,dosimetrie_modelisation/dosimetrie_exposition/2023_PPR731001_1-7-ghz-long-term-evolution-radiofrequency-electro.md
34622411,10.1007/s11356-021-16555-x,2022,dosimetrie_modelisation,dosimetrie_exposition,,Environmental science and pollution research international,"Spatial variability of outdoor exposure to radiofrequency radiation from mobile phone base stations, in Khartoum, Sudan.",https://pubmed.ncbi.nlm.nih.gov/34622411/,dosimetrie_modelisation/dosimetrie_exposition/2022_34622411_spatial-variability-of-outdoor-exposure-to-radiofr.md
34995546,10.1016/j.envres.2021.112627,2022,dosimetrie_modelisation,dosimetrie_exposition,,Environmental research,"Very high radiofrequency radiation at Skeppsbron in Stockholm, Sweden from mobile phone base station antennas positioned close to pedestrians' heads.",https://pubmed.ncbi.nlm.nih.gov/34995546/,dosimetrie_modelisation/dosimetrie_exposition/2022_34995546_very-high-radiofrequency-radiation-at-skeppsbron-i.md
35162566,10.3390/ijerph19031546,2022,dosimetrie_modelisation,dosimetrie_exposition,,International journal of environmental research and public health,Assessment of Human Exposure Levels Due to Mobile Phone Antennas in 5G Networks.,https://pubmed.ncbi.nlm.nih.gov/35162566/,dosimetrie_modelisation/dosimetrie_exposition/2022_35162566_assessment-of-human-exposure-levels-due-to-mobile.md
35352614,10.1080/15368378.2022.2046048,2022,dosimetrie_modelisation,dosimetrie_exposition,,,A novel and effective technique to reduce electromagnetic radiation absorption on biotic components at 2.45 GHz.,https://pubmed.ncbi.nlm.nih.gov/35352614/,dosimetrie_modelisation/dosimetrie_exposition/2022_35352614_a-novel-and-effective-technique-to-reduce-electrom.md
35511688,10.1093/rpd/ncac061,2022,dosimetrie_modelisation,dosimetrie_exposition,,Radiation protection dosimetry,IN-SITU 5G NR BASE STATION EXPOSURE OF THE GENERAL PUBLIC: COMPARISON OF ASSESSMENT METHODS.,https://pubmed.ncbi.nlm.nih.gov/35511688/,dosimetrie_modelisation/dosimetrie_exposition/2022_35511688_in-situ-5g-nr-base-station-exposure-of-the-general.md
35718697,10.1093/rpd/ncac082,2022,dosimetrie_modelisation,dosimetrie_exposition,,Radiation protection dosimetry,NUMERICAL EVALUATION OF SPECIFIC ABSORPTION RATE IN HUMAN HEAD AND TORSO FOR WEARABLE WIRELESS DEVICES IN UNDERGROUND MINE SCENARIOS.,https://pubmed.ncbi.nlm.nih.gov/35718697/,dosimetrie_modelisation/dosimetrie_exposition/2022_35718697_numerical-evaluation-of-specific-absorption-rate-i.md
35778453,10.1038/s41598-022-15221-7,2022,dosimetrie_modelisation,dosimetrie_exposition,,Scientific reports,A co-polarization-insensitive metamaterial absorber for 5G n78 mobile devices at 3.5 GHz to reduce the specific absorption rate.,https://pubmed.ncbi.nlm.nih.gov/35778453/,dosimetrie_modelisation/dosimetrie_exposition/2022_35778453_a-co-polarization-insensitive-metamaterial-absorbe.md
36146331,10.3390/s22186986,2022,dosimetrie_modelisation,dosimetrie_exposition,,"Sensors (Basel, Switzerland)",Road User Exposure from ITS-5.9 GHz Vehicular Connectivity.,https://pubmed.ncbi.nlm.nih.gov/36146331/,dosimetrie_modelisation/dosimetrie_exposition/2022_36146331_road-user-exposure-from-its-5-9-ghz-vehicular-conn.md
36253855,10.1186/s12940-022-00900-9,2022,dosimetrie_modelisation,dosimetrie_exposition,stress_oxydatif;neurodeveloppement;genotoxicite_epigenetique,,Scientific evidence invalidates health assumptions underlying the FCC and ICNIRP exposure limit determinations for radiofrequency radiation: implications for 5G.,https://pubmed.ncbi.nlm.nih.gov/36253855/,dosimetrie_modelisation/dosimetrie_exposition/2022_36253855_scientific-evidence-invalidates-health-assumptions.md
36699954,10.1109/memc.2022.9982572,2022,dosimetrie_modelisation,dosimetrie_exposition,,,A Multi-Frequency 3D Printed Hand Phantom for Electromagnetic Measurements.,https://pubmed.ncbi.nlm.nih.gov/36699954/,dosimetrie_modelisation/dosimetrie_exposition/2022_36699954_a-multi-frequency-3d-printed-hand-phantom-for-elec.md
32974829,10.1007/s11356-020-10728-w,2021,dosimetrie_modelisation,dosimetrie_exposition,,,Functional and network analyses of human exposure to long-term evolution signal.,https://pubmed.ncbi.nlm.nih.gov/32974829/,dosimetrie_modelisation/dosimetrie_exposition/2021_32974829_functional-and-network-analyses-of-human-exposure.md
33221309,10.1016/j.envres.2020.110500,2021,dosimetrie_modelisation,dosimetrie_exposition,,Environmental research,Radiofrequency exposure of people living near mobile-phone base stations in France.,https://pubmed.ncbi.nlm.nih.gov/33221309/,dosimetrie_modelisation/dosimetrie_exposition/2021_33221309_radiofrequency-exposure-of-people-living-near-mobi.md
33597554,10.1038/s41598-021-82458-z,2021,dosimetrie_modelisation,dosimetrie_exposition,thermique,Scientific reports,Age-dependence of electromagnetic power and heat deposition in near-surface tissues in emerging 5G bands.,https://pubmed.ncbi.nlm.nih.gov/33597554/,dosimetrie_modelisation/dosimetrie_exposition/2021_33597554_age-dependence-of-electromagnetic-power-and-heat-d.md
33654268,10.1038/s41370-021-00287-8,2021,dosimetrie_modelisation,dosimetrie_exposition,,Journal of exposure science & environmental epidemiology,Radio-frequency electromagnetic field exposure and contribution of sources in the general population: an organ-specific integrative exposure assessment.,https://pubmed.ncbi.nlm.nih.gov/33654268/,dosimetrie_modelisation/dosimetrie_exposition/2021_33654268_radio-frequency-electromagnetic-field-exposure-and.md
33673014,10.3390/ijerph18041857,2021,dosimetrie_modelisation,dosimetrie_exposition,,International journal of environmental research and public health,Personal Exposure Assessment to Wi-Fi Radiofrequency Electromagnetic Fields in Mexican Microenvironments.,https://pubmed.ncbi.nlm.nih.gov/33673014/,dosimetrie_modelisation/dosimetrie_exposition/2021_33673014_personal-exposure-assessment-to-wi-fi-radiofrequen.md
34130354,10.1002/bem.22355,2021,dosimetrie_modelisation,dosimetrie_exposition,,Bioelectromagnetics,Compliance Assessment of the Epithelial or Absorbed Power Density Below 10 GHz Using SAR Measurement Systems.,https://pubmed.ncbi.nlm.nih.gov/34130354/,dosimetrie_modelisation/dosimetrie_exposition/2021_34130354_compliance-assessment-of-the-epithelial-or-absorbe.md
34153890,10.1016/j.envint.2021.106711,2021,dosimetrie_modelisation,dosimetrie_exposition,,Environment international,Exposure to radiofrequency electromagnetic fields: Comparison of exposimeters with a novel body-worn distributed meter.,https://pubmed.ncbi.nlm.nih.gov/34153890/,dosimetrie_modelisation/dosimetrie_exposition/2021_34153890_exposure-to-radiofrequency-electromagnetic-fields.md
34273995,10.1186/s12940-021-00768-1,2021,dosimetrie_modelisation,dosimetrie_exposition,neurodeveloppement;cancer,Environmental health : a global access science source,Development of health-based exposure limits for radiofrequency radiation from wireless devices using a benchmark dose approach.,https://pubmed.ncbi.nlm.nih.gov/34273995/,dosimetrie_modelisation/dosimetrie_exposition/2021_34273995_development-of-health-based-exposure-limits-for-ra.md
34891364,10.1109/EMBC46164.2021.9630528,2021,dosimetrie_modelisation,dosimetrie_exposition,,Annual International Conference of the IEEE Engineering in Medicine and Biology Society. IEEE Engineering in Medicine and Biology Society. Annual International Conference,Application of Stochastic Dosimetry for assessing the Human RFEMF Exposure in a 5G indoor Scenario.,https://pubmed.ncbi.nlm.nih.gov/34891364/,dosimetrie_modelisation/dosimetrie_exposition/2021_34891364_application-of-stochastic-dosimetry-for-assessing.md
34960513,10.3390/s21248419,2021,dosimetrie_modelisation,dosimetrie_exposition,,"Sensors (Basel, Switzerland)",Towards Environmental RF-EMF Assessment of mmWave High-Node Density Complex Heterogeneous Environments.,https://pubmed.ncbi.nlm.nih.gov/34960513/,dosimetrie_modelisation/dosimetrie_exposition/2021_34960513_towards-environmental-rf-emf-assessment-of-mmwave.md
32032814,10.1016/j.envres.2020.109196,2020,dosimetrie_modelisation,dosimetrie_exposition,,Environmental research,Spatial and temporal assessment of radiofrequency electromagnetic fields emitted by smart meters and smart meter banks in urban environments.,https://pubmed.ncbi.nlm.nih.gov/32032814/,dosimetrie_modelisation/dosimetrie_exposition/2020_32032814_spatial-and-temporal-assessment-of-radiofrequency.md
32167495,10.1097/HP.0000000000001210,2020,dosimetrie_modelisation,dosimetrie_exposition,,Health physics,Guidelines for Limiting Exposure to Electromagnetic Fields (100 kHz to 300 GHz).,https://pubmed.ncbi.nlm.nih.gov/32167495/,dosimetrie_modelisation/dosimetrie_exposition/2020_32167495_guidelines-for-limiting-exposure-to-electromagneti.md
32183369,10.3390/ijerph17061898,2020,dosimetrie_modelisation,dosimetrie_exposition,,International journal of environmental research and public health,Georeferencing of Personal Exposure to Radiofrequency Electromagnetic Fields from Wi-Fi in a University Area.,https://pubmed.ncbi.nlm.nih.gov/32183369/,dosimetrie_modelisation/dosimetrie_exposition/2020_32183369_georeferencing-of-personal-exposure-to-radiofreque.md
32345908,10.1097/HP.0000000000001268,2020,dosimetrie_modelisation,dosimetrie_exposition,,Health physics,Regarding ICNIRP'S Evaluation of the National Toxicology Program's Carcinogenicity Studies on Radiofrequency Electromagnetic Fields.,https://pubmed.ncbi.nlm.nih.gov/32345908/,dosimetrie_modelisation/dosimetrie_exposition/2020_32345908_regarding-icnirp-s-evaluation-of-the-national-toxi.md
32382839,10.1007/s10661-020-08312-3,2020,dosimetrie_modelisation,dosimetrie_exposition,,Environmental monitoring and assessment,Comprehensive radiofrequency electromagnetic field measurements and assessments: a city center example.,https://pubmed.ncbi.nlm.nih.gov/32382839/,dosimetrie_modelisation/dosimetrie_exposition/2020_32382839_comprehensive-radiofrequency-electromagnetic-field.md
32990753,10.1093/rpd/ncaa127,2020,dosimetrie_modelisation,dosimetrie_exposition,,Radiation protection dosimetry,"EVALUATION OF SPECIFIC ABSORPTION RATE IN THE FAR-FIELD, NEAR-TO-FAR FIELD AND NEAR-FIELD REGIONS FOR INTEGRATIVE RADIOFREQUENCY EXPOSURE ASSESSMENT.",https://pubmed.ncbi.nlm.nih.gov/32990753/,dosimetrie_modelisation/dosimetrie_exposition/2020_32990753_evaluation-of-specific-absorption-rate-in-the-far.md
30782530,10.1016/j.envres.2019.02.015,2019,dosimetrie_modelisation,dosimetrie_exposition,,Environmental research,Characterisation of personal exposure to environmental radiofrequency electromagnetic fields in Albacete (Spain) and assessment of risk perception.,https://pubmed.ncbi.nlm.nih.gov/30782530/,dosimetrie_modelisation/dosimetrie_exposition/2019_30782530_characterisation-of-personal-exposure-to-environme.md
31905869,10.3390/s20010202,2019,dosimetrie_modelisation,dosimetrie_exposition,,"Sensors (Basel, Switzerland)",An Evaluation of Electromagnetic Exposure While Using Ultra-High Frequency Radiofrequency Identification (UHF RFID) Guns.,https://pubmed.ncbi.nlm.nih.gov/31905869/,dosimetrie_modelisation/dosimetrie_exposition/2019_31905869_an-evaluation-of-electromagnetic-exposure-while-us.md
29145005,10.1016/j.envres.2017.11.003,2018,dosimetrie_modelisation,dosimetrie_exposition,,Environmental research,Assessment of long-term spatio-temporal radiofrequency electromagnetic field exposure.,https://pubmed.ncbi.nlm.nih.gov/29145005/,dosimetrie_modelisation/dosimetrie_exposition/2018_29145005_assessment-of-long-term-spatio-temporal-radiofrequ.md
29237074,10.1093/rpd/ncx275,2018,dosimetrie_modelisation,dosimetrie_exposition,,Radiation protection dosimetry,MEASUREMENT AND EVALUATION OF ELECTRIC FIELD STRENGTH LEVELS IN PRIMARY AND SECONDARY SCHOOLS IN A PILOT REGION.,https://pubmed.ncbi.nlm.nih.gov/29237074/,dosimetrie_modelisation/dosimetrie_exposition/2018_29237074_measurement-and-evaluation-of-electric-field-stren.md
28121727,10.1097/HP.0000000000000599,2017,dosimetrie_modelisation,dosimetrie_exposition,,Health physics,"Characterizing and Mapping of Exposure to Radiofrequency Electromagnetic Fields (20-3,000 Mhz) in Chengdu, China.",https://pubmed.ncbi.nlm.nih.gov/28121727/,dosimetrie_modelisation/dosimetrie_exposition/2017_28121727_characterizing-and-mapping-of-exposure-to-radiofre.md
28240792,10.1002/bem.22045,2017,dosimetrie_modelisation,dosimetrie_exposition,,Bioelectromagnetics,Radiofrequency exposure near an attocell as part of an ultra-high density access network.,https://pubmed.ncbi.nlm.nih.gov/28240792/,dosimetrie_modelisation/dosimetrie_exposition/2017_28240792_radiofrequency-exposure-near-an-attocell-as-part-o.md
28257069,10.3390/ijerph14030244,2017,dosimetrie_modelisation,dosimetrie_exposition,neuro_comportement_cognition,International journal of environmental research and public health,A Technical Approach to the Evaluation of Radiofrequency Radiation Emissions from Mobile Telephony Base Stations.,https://pubmed.ncbi.nlm.nih.gov/28257069/,dosimetrie_modelisation/dosimetrie_exposition/2017_28257069_a-technical-approach-to-the-evaluation-of-radiofre.md
28355437,10.1093/annweh/wxx012,2017,dosimetrie_modelisation,dosimetrie_exposition,,Annals of work exposures and health,Radiofrequency Exposures of Workers on Low-Power FM Radio Transmitters.,https://pubmed.ncbi.nlm.nih.gov/28355437/,dosimetrie_modelisation/dosimetrie_exposition/2017_28355437_radiofrequency-exposures-of-workers-on-low-power-f.md
28444698,10.1002/bem.22053,2017,dosimetrie_modelisation,dosimetrie_exposition,,Bioelectromagnetics,Radiofrequency exposure levels in Amsterdam schools.,https://pubmed.ncbi.nlm.nih.gov/28444698/,dosimetrie_modelisation/dosimetrie_exposition/2017_28444698_radiofrequency-exposure-levels-in-amsterdam-school.md
26643955,10.1016/j.jplph.2015.11.004,2016,dosimetrie_modelisation,dosimetrie_exposition,thermique,Journal of plant physiology,"Low-amplitude, high-frequency electromagnetic field exposure causes delayed and reduced growth in Rosa hybrida.",https://pubmed.ncbi.nlm.nih.gov/26643955/,dosimetrie_modelisation/dosimetrie_exposition/2016_26643955_low-amplitude-high-frequency-electromagnetic-field.md
26969843,10.1002/bem.21964,2016,dosimetrie_modelisation,dosimetrie_exposition,,Bioelectromagnetics,Drone based measurement system for radiofrequency exposure assessment.,https://pubmed.ncbi.nlm.nih.gov/26969843/,dosimetrie_modelisation/dosimetrie_exposition/2016_26969843_drone-based-measurement-system-for-radiofrequency.md
27336233,10.1016/j.envres.2016.06.020,2016,dosimetrie_modelisation,dosimetrie_exposition,,Environmental research,Use of portable exposimeters to monitor radiofrequency electromagnetic field exposure in the everyday environment.,https://pubmed.ncbi.nlm.nih.gov/27336233/,dosimetrie_modelisation/dosimetrie_exposition/2016_27336233_use-of-portable-exposimeters-to-monitor-radiofrequ.md
27902455,10.1515/reveh-2016-0060,2016,dosimetrie_modelisation,dosimetrie_exposition,,Reviews on environmental health,Inaccurate official assessment of radiofrequency safety by the Advisory Group on Non-ionising Radiation.,https://pubmed.ncbi.nlm.nih.gov/27902455/,dosimetrie_modelisation/dosimetrie_exposition/2016_27902455_inaccurate-official-assessment-of-radiofrequency-s.md
25726724,10.1002/bem.21902,2015,dosimetrie_modelisation,dosimetrie_exposition,,Bioelectromagnetics,In situ measurements of radiofrequency exposure levels in Greece from 2008 to 2013: a multi-parametric annual analysis.,https://pubmed.ncbi.nlm.nih.gov/25726724/,dosimetrie_modelisation/dosimetrie_exposition/2015_25726724_in-situ-measurements-of-radiofrequency-exposure-le.md
25879021,10.1155/2015/272460,2015,dosimetrie_modelisation,dosimetrie_exposition,,BioMed research international,The role of the location of personal exposimeters on the human body in their use for assessing exposure to the electromagnetic field in the radiofrequency range 98-2450 MHz and compliance analysis: evaluation by virtual measurements.,https://pubmed.ncbi.nlm.nih.gov/25879021/,dosimetrie_modelisation/dosimetrie_exposition/2015_25879021_the-role-of-the-location-of-personal-exposimeters.md
26107432,10.1097/HP.0000000000000296,2015,dosimetrie_modelisation,dosimetrie_exposition,,Health physics,"Public Exposure from Indoor Radiofrequency Radiation in the City of Hebron, West Bank-Palestine.",https://pubmed.ncbi.nlm.nih.gov/26107432/,dosimetrie_modelisation/dosimetrie_exposition/2015_26107432_public-exposure-from-indoor-radiofrequency-radiati.md
26176419,10.1016/j.envres.2015.06.029,2015,dosimetrie_modelisation,dosimetrie_exposition,,Environmental research,Validity of at home model predictions as a proxy for personal exposure to radiofrequency electromagnetic fields from mobile phone base stations.,https://pubmed.ncbi.nlm.nih.gov/26176419/,dosimetrie_modelisation/dosimetrie_exposition/2015_26176419_validity-of-at-home-model-predictions-as-a-proxy-f.md
26444190,10.3109/15368378.2015.1076444,2015,dosimetrie_modelisation,dosimetrie_exposition,,Electromagnetic biology and medicine,Near-field radiofrequency electromagnetic exposure assessment.,https://pubmed.ncbi.nlm.nih.gov/26444190/,dosimetrie_modelisation/dosimetrie_exposition/2015_26444190_near-field-radiofrequency-electromagnetic-exposure.md
25196664,10.1002/bem.21874,2014,dosimetrie_modelisation,dosimetrie_exposition,,Bioelectromagnetics,Evaluation of radiofrequency exposure levels from multiple wireless installations in population dense areas in Korea.,https://pubmed.ncbi.nlm.nih.gov/25196664/,dosimetrie_modelisation/dosimetrie_exposition/2014_25196664_evaluation-of-radiofrequency-exposure-levels-from.md
25519944,10.2478/s13382-014-0334-0,2014,dosimetrie_modelisation,dosimetrie_exposition,,International journal of occupational medicine and environmental health,Evaluation of exposure to electromagnetic radiofrequency radiation in the indoor workplace accessible to the public by the use of frequency-selective exposimeters.,https://pubmed.ncbi.nlm.nih.gov/25519944/,dosimetrie_modelisation/dosimetrie_exposition/2014_25519944_evaluation-of-exposure-to-electromagnetic-radiofre.md
23085070,10.1016/j.pbiomolbio.2012.10.002,2013,dosimetrie_modelisation,dosimetrie_exposition,,Progress in biophysics and molecular biology,Determination of the duty cycle of WLAN for realistic radio frequency electromagnetic field exposure assessment.,https://pubmed.ncbi.nlm.nih.gov/23085070/,dosimetrie_modelisation/dosimetrie_exposition/2013_23085070_determination-of-the-duty-cycle-of-wlan-for-realis.md
23361425,10.1097/HP.0b013e31827ca667,2013,dosimetrie_modelisation,dosimetrie_exposition,stress_oxydatif,Health physics,Radiofrequency exposure in Greek indoor environments.,https://pubmed.ncbi.nlm.nih.gov/23361425/,dosimetrie_modelisation/dosimetrie_exposition/2013_23361425_radiofrequency-exposure-in-greek-indoor-environmen.md
23625903,10.1093/rpd/nct104,2013,dosimetrie_modelisation,dosimetrie_exposition,,Radiation protection dosimetry,Study of variations of radiofrequency power density from mobile phone base stations with distance.,https://pubmed.ncbi.nlm.nih.gov/23625903/,dosimetrie_modelisation/dosimetrie_exposition/2013_23625903_study-of-variations-of-radiofrequency-power-densit.md
23734401,,2013,dosimetrie_modelisation,dosimetrie_exposition,,Federal register,Human exposure to radiofrequency electromagnetic fields. Final rule.,https://pubmed.ncbi.nlm.nih.gov/23734401/,dosimetrie_modelisation/dosimetrie_exposition/2013_23734401_human-exposure-to-radiofrequency-electromagnetic-f.md
23861537,10.1093/rpd/nct173,2013,dosimetrie_modelisation,dosimetrie_exposition,,Radiation protection dosimetry,Radiofrequency radiation leakage from microwave ovens.,https://pubmed.ncbi.nlm.nih.gov/23861537/,dosimetrie_modelisation/dosimetrie_exposition/2013_23861537_radiofrequency-radiation-leakage-from-microwave-ov.md
21835841,10.1093/rpd/ncr354,2012,dosimetrie_modelisation,dosimetrie_exposition,,Radiation protection dosimetry,Outdoor radiofrequency radiation levels in the West Bank-Palestine.,https://pubmed.ncbi.nlm.nih.gov/21835841/,dosimetrie_modelisation/dosimetrie_exposition/2012_21835841_outdoor-radiofrequency-radiation-levels-in-the-wes.md
21964673,10.1007/s00411-011-0389-2,2012,dosimetrie_modelisation,dosimetrie_exposition,,Radiation and environmental biophysics,Residential characteristics and radiofrequency electromagnetic field exposures from bedroom measurements in Germany.,https://pubmed.ncbi.nlm.nih.gov/21964673/,dosimetrie_modelisation/dosimetrie_exposition/2012_21964673_residential-characteristics-and-radiofrequency-ele.md
22262818,10.1093/rpd/ncr474,2012,dosimetrie_modelisation,dosimetrie_exposition,,Radiation protection dosimetry,Assessment of radiofrequency radiation within the vicinity of some GSM base stations in Ghana.,https://pubmed.ncbi.nlm.nih.gov/22262818/,dosimetrie_modelisation/dosimetrie_exposition/2012_22262818_assessment-of-radiofrequency-radiation-within-the.md
22377680,10.1038/jes.2012.13,2012,dosimetrie_modelisation,dosimetrie_exposition,,Journal of exposure science & environmental epidemiology,Comparative international analysis of radiofrequency exposure surveys of mobile communication radio base stations.,https://pubmed.ncbi.nlm.nih.gov/22377680/,dosimetrie_modelisation/dosimetrie_exposition/2012_22377680_comparative-international-analysis-of-radiofrequen.md
19780092,10.1002/bem.20548,2010,dosimetrie_modelisation,dosimetrie_exposition,,Bioelectromagnetics,Survey of electromagnetic field exposure in bedrooms of residences in lower Austria.,https://pubmed.ncbi.nlm.nih.gov/19780092/,dosimetrie_modelisation/dosimetrie_exposition/2010_19780092_survey-of-electromagnetic-field-exposure-in-bedroo.md
20564176,10.1002/bem.20585,2010,dosimetrie_modelisation,dosimetrie_exposition,,Bioelectromagnetics,Evaluation of RF electromagnetic field exposure levels from cellular base stations in Korea.,https://pubmed.ncbi.nlm.nih.gov/20564176/,dosimetrie_modelisation/dosimetrie_exposition/2010_20564176_evaluation-of-rf-electromagnetic-field-exposure-le.md
19194889,10.1002/bem.20478,2009,dosimetrie_modelisation,dosimetrie_exposition,,Bioelectromagnetics,Specific absorption rate and electric field measurements in the near field of six mobile phone base station antennas.,https://pubmed.ncbi.nlm.nih.gov/19194889/,dosimetrie_modelisation/dosimetrie_exposition/2009_19194889_specific-absorption-rate-and-electric-field-measur.md
19336431,10.1136/oem.2008.044180,2009,dosimetrie_modelisation,dosimetrie_exposition,,Occupational and environmental medicine,"Residential exposure to radiofrequency fields from mobile phone base stations, and broadcast transmitters: a population-based survey with personal meter.",https://pubmed.ncbi.nlm.nih.gov/19336431/,dosimetrie_modelisation/dosimetrie_exposition/2009_19336431_residential-exposure-to-radiofrequency-fields-from.md
19359846,10.1097/01.HP.0000341327.37310.c8,2009,dosimetrie_modelisation,dosimetrie_exposition,,Health physics,In-situ measurement procedures for temporal RF electromagnetic field exposure of the general public.,https://pubmed.ncbi.nlm.nih.gov/19359846/,dosimetrie_modelisation/dosimetrie_exposition/2009_19359846_in-situ-measurement-procedures-for-temporal-rf-ele.md
19667809,10.1097/HP.0b013e3181aff9db,2009,dosimetrie_modelisation,dosimetrie_exposition,,Health physics,"ICNIRP statement on the ""Guidelines for limiting exposure to time-varying electric, magnetic, and electromagnetic fields (up to 300 GHz)"".",https://pubmed.ncbi.nlm.nih.gov/19667809/,dosimetrie_modelisation/dosimetrie_exposition/2009_19667809_icnirp-statement-on-the-guidelines-for-limiting-ex.md
18695413,10.1097/01.HP.0000318880.16023.61,2008,dosimetrie_modelisation,dosimetrie_exposition,,Health physics,Characterization of personal RF electromagnetic field exposure and actual absorption for the general public.,https://pubmed.ncbi.nlm.nih.gov/18695413/,dosimetrie_modelisation/dosimetrie_exposition/2008_18695413_characterization-of-personal-rf-electromagnetic-fi.md
19054796,10.1093/rpd/ncn301,2008,dosimetrie_modelisation,dosimetrie_exposition,,Radiation protection dosimetry,A practical method to evaluate radiofrequency exposure of mast workers.,https://pubmed.ncbi.nlm.nih.gov/19054796/,dosimetrie_modelisation/dosimetrie_exposition/2008_19054796_a-practical-method-to-evaluate-radiofrequency-expo.md
17166878,10.1093/rpd/ncl505,2007,dosimetrie_modelisation,dosimetrie_exposition,,Radiation protection dosimetry,Occupational exposure to radiofrequency fields in antenna towers.,https://pubmed.ncbi.nlm.nih.gov/17166878/,dosimetrie_modelisation/dosimetrie_exposition/2007_17166878_occupational-exposure-to-radiofrequency-fields-in.md
17293700,10.1097/01.HP.0000248117.74843.34,2007,dosimetrie_modelisation,dosimetrie_exposition,,Health physics,Radiofrequency exposure from wireless LANs utilizing Wi-Fi technology.,https://pubmed.ncbi.nlm.nih.gov/17293700/,dosimetrie_modelisation/dosimetrie_exposition/2007_17293700_radiofrequency-exposure-from-wireless-lans-utilizi.md
16392968,10.1667/rr3462.1,2006,dosimetrie_modelisation,dosimetrie_exposition,,Radiation research,Radiofrequency dosimetry for the Ferris-wheel mouse exposure system.,https://pubmed.ncbi.nlm.nih.gov/16392968/,dosimetrie_modelisation/dosimetrie_exposition/2006_16392968_radiofrequency-dosimetry-for-the-ferris-wheel-mous.md
16825734,10.1088/0031-9155/51/14/004,2006,dosimetrie_modelisation,dosimetrie_exposition,,Physics in medicine and biology,Evaluation of stray radiofrequency radiation emitted by electrosurgical devices.,https://pubmed.ncbi.nlm.nih.gov/16825734/,dosimetrie_modelisation/dosimetrie_exposition/2006_16825734_evaluation-of-stray-radiofrequency-radiation-emitt.md
17282864,10.1109/IEMBS.2005.1617095,2005,dosimetrie_modelisation,dosimetrie_exposition,neurodeveloppement,Conference proceedings : ... Annual International Conference of the IEEE Engineering in Medicine and Biology Society. IEEE Engineering in Medicine and Biology Society. Annual Conference,Determining the influence of population variation on compliance with radiofrequency exposure limits: proposed study.,https://pubmed.ncbi.nlm.nih.gov/17282864/,dosimetrie_modelisation/dosimetrie_exposition/2005_17282864_determining-the-influence-of-population-variation.md
14696048,10.1002/bem.10154,2004,dosimetrie_modelisation,dosimetrie_exposition,,Bioelectromagnetics,Electromagnetic field exposure and health among RF plastic sealer operators.,https://pubmed.ncbi.nlm.nih.gov/14696048/,dosimetrie_modelisation/dosimetrie_exposition/2004_14696048_electromagnetic-field-exposure-and-health-among-rf.md
11534836,10.1109/10.942591,2001,dosimetrie_modelisation,dosimetrie_exposition,,IEEE transactions on bio-medical engineering,Distortion of millimeter-wave absorption in biological media due to presence of thermocouples and other objects.,https://pubmed.ncbi.nlm.nih.gov/11534836/,dosimetrie_modelisation/dosimetrie_exposition/2001_11534836_distortion-of-millimeter-wave-absorption-in-biolog.md
9790564,,1998,dosimetrie_modelisation,dosimetrie_exposition,,Health physics,"Comment on the ICNIRP guidelines for limiting exposure to time-varying electric, magnetic, and electromagnetic fields (up to 300 GHz).",https://pubmed.ncbi.nlm.nih.gov/9790564/,dosimetrie_modelisation/dosimetrie_exposition/1998_9790564_comment-on-the-icnirp-guidelines-for-limiting-expo.md
8491619,10.1097/00004032-199306000-00009,1993,dosimetrie_modelisation,dosimetrie_exposition,,Health physics,Specific absorption rate and radiofrequency current-to-ground in human models exposed to near-field irradiation.,https://pubmed.ncbi.nlm.nih.gov/8491619/,dosimetrie_modelisation/dosimetrie_exposition/1993_8491619_specific-absorption-rate-and-radiofrequency-curren.md
2627835,,1989,dosimetrie_modelisation,dosimetrie_exposition,,Zhonghua yu fang yi xue za zhi [Chinese journal of preventive medicine],[5-HT contents change in peripheral blood of workers exposed to microwave and high frequency radiation].,https://pubmed.ncbi.nlm.nih.gov/2627835/,dosimetrie_modelisation/dosimetrie_exposition/1989_2627835_5-ht-contents-change-in-peripheral-blood-of-worker.md
3635631,,1986,dosimetrie_modelisation,dosimetrie_exposition,neurodeveloppement;thermique,The Journal of microwave power and electromagnetic energy : a publication of the International Microwave Power Institute,The development of biomedical approaches and concepts in radiofrequency radiation protection.,https://pubmed.ncbi.nlm.nih.gov/3635631/,dosimetrie_modelisation/dosimetrie_exposition/1986_3635631_the-development-of-biomedical-approaches-and-conce.md
3854055,10.1080/16070658.1985.11720307,1985,dosimetrie_modelisation,dosimetrie_exposition,,The Journal of microwave power and electromagnetic energy : a publication of the International Microwave Power Institute,Radiofrequency radiation exposure limits in Eastern Europe.,https://pubmed.ncbi.nlm.nih.gov/3854055/,dosimetrie_modelisation/dosimetrie_exposition/1985_3854055_radiofrequency-radiation-exposure-limits-in-easter.md
7284014,10.1002/bem.2250010104,1980,dosimetrie_modelisation,dosimetrie_exposition,,Bioelectromagnetics,Induction of calcium-ion efflux from brain tissue by radiofrequency radiation: effect of sample number and modulation frequency on the power-density window.,https://pubmed.ncbi.nlm.nih.gov/7284014/,dosimetrie_modelisation/dosimetrie_exposition/1980_7284014_induction-of-calcium-ion-efflux-from-brain-tissue.md
42748123,10.1371/journal.pone.0347398,2026,dosimetrie_modelisation,eeg_sommeil,dosimetrie_exposition,,The 6G integrated perception and networking technology enables the low-altitude economy to achieve carbon neutrality: Dynamic sleep strategy for eVTOL wireless charging based on time-energy-carbon coupling.,https://pubmed.ncbi.nlm.nih.gov/42748123/,dosimetrie_modelisation/eeg_sommeil/2026_42748123_the-6g-integrated-perception-and-networking-techno.md
37972294,10.1080/09553002.2023.2277365,2024,dosimetrie_modelisation,eeg_sommeil,neurodeveloppement,International journal of radiation biology,Influence of radiofrequency electromagnetic fields exposure on sleep patterns in preterm neonates.,https://pubmed.ncbi.nlm.nih.gov/37972294/,dosimetrie_modelisation/eeg_sommeil/2024_37972294_influence-of-radiofrequency-electromagnetic-fields.md
32104921,10.1002/bem.22256,2020,dosimetrie_modelisation,eeg_sommeil,dosimetrie_exposition,,Design and Dosimetric Analysis of an Exposure Facility for Investigating Possible Effects of 2.45 GHz Wi-Fi Signals on Human Sleep.,https://pubmed.ncbi.nlm.nih.gov/32104921/,dosimetrie_modelisation/eeg_sommeil/2020_32104921_design-and-dosimetric-analysis-of-an-exposure-faci.md
27118764,10.1177/1550059416644887,2017,dosimetrie_modelisation,eeg_sommeil,dosimetrie_exposition,Clinical EEG and neuroscience,Long-Term Evolution Electromagnetic Fields Exposure Modulates the Resting State EEG on Alpha and Beta Bands.,https://pubmed.ncbi.nlm.nih.gov/27118764/,dosimetrie_modelisation/eeg_sommeil/2017_27118764_long-term-evolution-electromagnetic-fields-exposur.md
24523224,10.1002/bem.21837,2014,dosimetrie_modelisation,eeg_sommeil,dosimetrie_exposition,Bioelectromagnetics,Modeling of EEG electrode artifacts and thermal ripples in human radiofrequency exposure studies.,https://pubmed.ncbi.nlm.nih.gov/24523224/,dosimetrie_modelisation/eeg_sommeil/2014_24523224_modeling-of-eeg-electrode-artifacts-and-thermal-ri.md
22268596,10.3109/15368378.2011.624232,2012,dosimetrie_modelisation,eeg_sommeil,reproduction,Electromagnetic biology and medicine,Is there any exposure from a mobile phone in stand-by mode?,https://pubmed.ncbi.nlm.nih.gov/22268596/,dosimetrie_modelisation/eeg_sommeil/2012_22268596_is-there-any-exposure-from-a-mobile-phone-in-stand.md
19028599,10.1016/j.mrgentox.2008.09.022,2009,dosimetrie_modelisation,eeg_sommeil,thermique,Mutation research,Effects of radiofrequency electromagnetic fields on seed germination and root meristematic cells of Allium cepa L.,https://pubmed.ncbi.nlm.nih.gov/19028599/,dosimetrie_modelisation/eeg_sommeil/2009_19028599_effects-of-radiofrequency-electromagnetic-fields-o.md
15787706,10.1111/j.1460-9568.2005.03929.x,2005,dosimetrie_modelisation,eeg_sommeil,,The European journal of neuroscience,Exposure to pulse-modulated radio frequency electromagnetic fields affects regional cerebral blood flow.,https://pubmed.ncbi.nlm.nih.gov/15787706/,dosimetrie_modelisation/eeg_sommeil/2005_15787706_exposure-to-pulse-modulated-radio-frequency-electr.md
12696086,10.1002/bem.10103,2003,dosimetrie_modelisation,eeg_sommeil,dosimetrie_exposition,Bioelectromagnetics,"Radio frequency electromagnetic field exposure in humans: Estimation of SAR distribution in the brain, effects on sleep and heart rate.",https://pubmed.ncbi.nlm.nih.gov/12696086/,dosimetrie_modelisation/eeg_sommeil/2003_12696086_radio-frequency-electromagnetic-field-exposure-in.md
11059895,10.1097/00001756-200010200-00012,2000,dosimetrie_modelisation,eeg_sommeil,dosimetrie_exposition,Neuroreport,Exposure to pulsed high-frequency electromagnetic field during waking affects human sleep EEG.,https://pubmed.ncbi.nlm.nih.gov/11059895/,dosimetrie_modelisation/eeg_sommeil/2000_11059895_exposure-to-pulsed-high-frequency-electromagnetic.md
41435553,10.1016/j.ejmp.2025.105702,2026,dosimetrie_modelisation,general,,Physica medica : PM : an international journal devoted to the applications of physics to medicine and biology : official journal of the Italian Association of Biomedical Physics (AIFB),Validation and optimization of dual-energy CT for accurate dose calculation in photon radiotherapy of brain metastases.,https://pubmed.ncbi.nlm.nih.gov/41435553/,dosimetrie_modelisation/general/2026_41435553_validation-and-optimization-of-dual-energy-ct-for.md
41484724,10.1007/s11356-025-37318-y,2026,dosimetrie_modelisation,general,,Environmental science and pollution research international,Measurement of urban environmental exposure to extremely low frequency magnetic fields in several Spanish regions.,https://pubmed.ncbi.nlm.nih.gov/41484724/,dosimetrie_modelisation/general/2026_41484724_measurement-of-urban-environmental-exposure-to-ext.md
41579102,10.1002/mp.70288,2026,dosimetrie_modelisation,general,,Medical physics,Evaluation of a fast kV switching dual energy CT in deriving relative stopping power using tissue equivalent phantoms of various sizes.,https://pubmed.ncbi.nlm.nih.gov/41579102/,dosimetrie_modelisation/general/2026_41579102_evaluation-of-a-fast-kv-switching-dual-energy-ct-i.md
41604713,10.1088/2057-1976/ae3e99,2026,dosimetrie_modelisation,general,,Biomedical physics & engineering express,Adaptive optimization framework for accurate multi-material decomposition in dual-energy CT.,https://pubmed.ncbi.nlm.nih.gov/41604713/,dosimetrie_modelisation/general/2026_41604713_adaptive-optimization-framework-for-accurate-multi.md
41681023,10.1002/mp.70333,2026,dosimetrie_modelisation,general,,Medical physics,Dual-energy CT-based virtual non-contrast imaging for stopping power ratio estimation.,https://pubmed.ncbi.nlm.nih.gov/41681023/,dosimetrie_modelisation/general/2026_41681023_dual-energy-ct-based-virtual-non-contrast-imaging.md
41725151,10.1002/jmrs.70070,2026,dosimetrie_modelisation,general,,,Comparison of Low-Iodine Concentration Quantification Accuracy and Contrast-To-Noise Ratio Across Three Dual-Energy CT Techniques: A Phantom Study.,https://pubmed.ncbi.nlm.nih.gov/41725151/,dosimetrie_modelisation/general/2026_41725151_comparison-of-low-iodine-concentration-quantificat.md
41812336,10.1088/1361-6560/ae50c8,2026,dosimetrie_modelisation,general,,Physics in medicine and biology,Evaluation of proton range differences in photon-counting and dual-energy computed tomography across imaging doses and anthropomorphic phantom sizes.,https://pubmed.ncbi.nlm.nih.gov/41812336/,dosimetrie_modelisation/general/2026_41812336_evaluation-of-proton-range-differences-in-photon-c.md
41821452,10.1093/rpd/ncaf159,2026,dosimetrie_modelisation,general,,Radiation protection dosimetry,Assessing accuracy and artefacts in proton stopping power ratio images across four computed tomography imaging workflows using a head-sized electron density phantom.,https://pubmed.ncbi.nlm.nih.gov/41821452/,dosimetrie_modelisation/general/2026_41821452_assessing-accuracy-and-artefacts-in-proton-stoppin.md
41886819,10.1177/19714009261434498,2026,dosimetrie_modelisation,general,,The neuroradiology journal,Accuracy of virtual non-contrast images from dual-energy integrating detector CT and photon-counting detector CT at high iodine concentrations.,https://pubmed.ncbi.nlm.nih.gov/41886819/,dosimetrie_modelisation/general/2026_41886819_accuracy-of-virtual-non-contrast-images-from-dual.md
42091752,10.1007/s10661-026-15361-7,2026,dosimetrie_modelisation,general,,,Geospatial mapping and 7-year temporal trends of electromagnetic field bands in Cyprus.,https://pubmed.ncbi.nlm.nih.gov/42091752/,dosimetrie_modelisation/general/2026_42091752_geospatial-mapping-and-7-year-temporal-trends-of-e.md
42121306,10.1002/mp.70472,2026,dosimetrie_modelisation,general,,,Phantom evaluation of spectral performance in photon-counting CT for breast cancer imaging.,https://pubmed.ncbi.nlm.nih.gov/42121306/,dosimetrie_modelisation/general/2026_42121306_phantom-evaluation-of-spectral-performance-in-phot.md
42236375,10.1016/j.meddos.2026.04.005,2026,dosimetrie_modelisation,general,,,Dosimetric comparison of proton therapy plans calculated using fast kV-switching dual-energy CT versus single-energy CT.,https://pubmed.ncbi.nlm.nih.gov/42236375/,dosimetrie_modelisation/general/2026_42236375_dosimetric-comparison-of-proton-therapy-plans-calc.md
42244425,10.1002/bem.70058,2026,dosimetrie_modelisation,general,,,"A Ten-Country Study on Public Perceptions of 5G EMF Emissions: Who Feels Exposed, and Why?",https://pubmed.ncbi.nlm.nih.gov/42244425/,dosimetrie_modelisation/general/2026_42244425_a-ten-country-study-on-public-perceptions-of-5g-em.md
42276343,10.1016/j.envres.2026.125023,2026,dosimetrie_modelisation,general,,,Determinants of radiofrequency electromagnetic fields emitted by smartphones in French cellular telephony networks.,https://pubmed.ncbi.nlm.nih.gov/42276343/,dosimetrie_modelisation/general/2026_42276343_determinants-of-radiofrequency-electromagnetic-fie.md
42380174,10.1038/s41598-026-58536-5,2026,dosimetrie_modelisation,general,,,Low-cost UWB CPW microwave tattoo sensor for respiratory monitoring using near-field phase variation.,https://pubmed.ncbi.nlm.nih.gov/42380174/,dosimetrie_modelisation/general/2026_42380174_low-cost-uwb-cpw-microwave-tattoo-sensor-for-respi.md
42447532,10.1016/j.scitotenv.2026.182037,2026,dosimetrie_modelisation,general,,The Science of the total environment,Temporal 2G-5G RF-EMF exposure assessment in ten European countries during one year.,https://pubmed.ncbi.nlm.nih.gov/42447532/,dosimetrie_modelisation/general/2026_42447532_temporal-2g-5g-rf-emf-exposure-assessment-in-ten-e.md
42555230,10.1002/mp.70600,2026,dosimetrie_modelisation,general,,,"A comparison of relative stopping power derived by fast kV-switching dual-energy CT, single-energy CT, and proton CT in phantom and tissue.",https://pubmed.ncbi.nlm.nih.gov/42555230/,dosimetrie_modelisation/general/2026_42555230_a-comparison-of-relative-stopping-power-derived-by.md
42560085,10.1002/acm2.70735,2026,dosimetrie_modelisation,general,,,Comparison of three commercial multi-energy CT and electron density phantoms for iodine quantification and tissue substitute characterization.,https://pubmed.ncbi.nlm.nih.gov/42560085/,dosimetrie_modelisation/general/2026_42560085_comparison-of-three-commercial-multi-energy-ct-and.md
42563473,10.1002/mp.70590,2026,dosimetrie_modelisation,general,,,Theoretical assessment of DECT noise on physical and biological dose accuracy in carbon-ion radiation therapy.,https://pubmed.ncbi.nlm.nih.gov/42563473/,dosimetrie_modelisation/general/2026_42563473_theoretical-assessment-of-dect-noise-on-physical-a.md
42640536,10.1007/s12194-026-01129-8,2026,dosimetrie_modelisation,general,,,Comparison of breast-level surface dose between single-energy CT and fast kilovoltage-switching dual-energy CT under matched CTDIvol conditions: a chest phantom study.,https://pubmed.ncbi.nlm.nih.gov/42640536/,dosimetrie_modelisation/general/2026_42640536_comparison-of-breast-level-surface-dose-between-si.md
42685782,10.1088/1361-6560/aea1d4,2026,dosimetrie_modelisation,general,,,Assessment of elemental decomposition algorithms for particle therapy dose monitoring using positron emission tomography and prompt-gamma imaging.,https://pubmed.ncbi.nlm.nih.gov/42685782/,dosimetrie_modelisation/general/2026_42685782_assessment-of-elemental-decomposition-algorithms-f.md
42753715,10.1093/rpd/ncag104,2026,dosimetrie_modelisation,general,,,Low-frequency magnetic flux density levels in various exposure scenarios: a measurement-based study.,https://pubmed.ncbi.nlm.nih.gov/42753715/,dosimetrie_modelisation/general/2026_42753715_low-frequency-magnetic-flux-density-levels-in-vari.md
PPR1284137,10.64898/2026.07.22.26358681,2026,dosimetrie_modelisation,general,,,Photon-counting computed tomography for phantom-less quantitative measures of musculoskeletal tissues,https://doi.org/10.64898/2026.07.22.26358681,dosimetrie_modelisation/general/2026_PPR1284137_photon-counting-computed-tomography-for-phantom-le.md
39643257,10.1016/j.envres.2024.120550,2025,dosimetrie_modelisation,general,,,Exploring RF-EMF levels in Swiss microenvironments: An evaluation of environmental and auto-induced downlink and uplink exposure in the era of 5G.,https://pubmed.ncbi.nlm.nih.gov/39643257/,dosimetrie_modelisation/general/2025_39643257_exploring-rf-emf-levels-in-swiss-microenvironments.md
39812400,10.1002/bem.22539,2025,dosimetrie_modelisation,general,,,The Development of a Reverberation Chamber for the Assessment of Biological Effects of Electromagnetic Energy Absorption in Mice.,https://pubmed.ncbi.nlm.nih.gov/39812400/,dosimetrie_modelisation/general/2025_39812400_the-development-of-a-reverberation-chamber-for-the.md
40090040,10.1016/j.envint.2025.109368,2025,dosimetrie_modelisation,general,,,RF-EMF exposure assessment with add-on uplink exposure sensor in different microenvironments in seven European countries.,https://pubmed.ncbi.nlm.nih.gov/40090040/,dosimetrie_modelisation/general/2025_40090040_rf-emf-exposure-assessment-with-add-on-uplink-expo.md
40245077,10.1371/journal.pone.0320806,2025,dosimetrie_modelisation,general,,,Modeling and simulation of an effectual triangular slotted UWB flexible antenna for breast cancer detection and healthcare monitoring.,https://pubmed.ncbi.nlm.nih.gov/40245077/,dosimetrie_modelisation/general/2025_40245077_modeling-and-simulation-of-an-effectual-triangular.md
40414185,10.1016/j.envint.2025.109540,2025,dosimetrie_modelisation,general,,,Assessing radiofrequency electromagnetic field exposure in multiple microenvironments across ten European countries with a focus on 5G.,https://pubmed.ncbi.nlm.nih.gov/40414185/,dosimetrie_modelisation/general/2025_40414185_assessing-radiofrequency-electromagnetic-field-exp.md
41038242,10.1088/1361-6560/ae0ef9,2025,dosimetrie_modelisation,general,,,Tensor-based SPFD method for accurate low-frequency magnetic field dosimetry in anatomical models.,https://pubmed.ncbi.nlm.nih.gov/41038242/,dosimetrie_modelisation/general/2025_41038242_tensor-based-spfd-method-for-accurate-low-frequenc.md
41255099,10.1002/mp.70146,2025,dosimetrie_modelisation,general,,Medical physics,Photon-counting computed tomography for stopping power ratio prediction in proton therapy.,https://pubmed.ncbi.nlm.nih.gov/41255099/,dosimetrie_modelisation/general/2025_41255099_photon-counting-computed-tomography-for-stopping-p.md
41259811,10.1088/1361-6498/ae2132,2025,dosimetrie_modelisation,general,,Journal of radiological protection : official journal of the Society for Radiological Protection,Proposal and validation of weighting factors for the weighted computed tomography dose index in dual-energy computed tomography.,https://pubmed.ncbi.nlm.nih.gov/41259811/,dosimetrie_modelisation/general/2025_41259811_proposal-and-validation-of-weighting-factors-for-t.md
41265041,10.1088/1361-6560/ae222d,2025,dosimetrie_modelisation,general,,Physics in medicine and biology,Computed tomography sequence integration for enhanced proton therapy in patients with metallic implants.,https://pubmed.ncbi.nlm.nih.gov/41265041/,dosimetrie_modelisation/general/2025_41265041_computed-tomography-sequence-integration-for-enhan.md
41325629,10.1088/2057-1976/ae2622,2025,dosimetrie_modelisation,general,,Biomedical physics & engineering express,Derivation of tissue properties from basis-vector model weights for dual-energy CT-based Monte Carlo proton beam dose calculations.,https://pubmed.ncbi.nlm.nih.gov/41325629/,dosimetrie_modelisation/general/2025_41325629_derivation-of-tissue-properties-from-basis-vector.md
41503095,,2025,dosimetrie_modelisation,general,,ArXiv,Incorporating Tissue Composition Information in Total-Body PET Metabolic Quantification of Bone Marrow through Dual-Energy CT.,https://pubmed.ncbi.nlm.nih.gov/41503095/,dosimetrie_modelisation/general/2025_41503095_incorporating-tissue-composition-information-in-to.md
IND609298217,,2025,dosimetrie_modelisation,general,,,Assessing radiofrequency electromagnetic field exposure in multiple microenvironments across ten European countries with a focus on 5G,,dosimetrie_modelisation/general/2025_IND609298217_assessing-radiofrequency-electromagnetic-field-exp.md
PPR996795,10.12688/openreseurope.18285.2,2025,dosimetrie_modelisation,general,,,Determining the relationship between mobile phone network signal strength and radiofrequency electromagnetic field exposure: protocol and pilot study to derive conversion functions,https://doi.org/10.12688/openreseurope.18285.2,dosimetrie_modelisation/general/2025_PPR996795_determining-the-relationship-between-mobile-phone.md
38475053,10.3390/s24051516,2024,dosimetrie_modelisation,general,,"Sensors (Basel, Switzerland)",Design and Implementation of a Specialised Millimetre-Wave Exposure System for Investigating the Radiation Effects of 5G and Future Technologies.,https://pubmed.ncbi.nlm.nih.gov/38475053/,dosimetrie_modelisation/general/2024_38475053_design-and-implementation-of-a-specialised-millime.md
38566696,10.1007/s12070-023-04354-4,2024,dosimetrie_modelisation,general,,Indian journal of otolaryngology and head and neck surgery : official publication of the Association of Otolaryngologists of India,Assessment of Effects of Chronic Mobile Phone Usage on Auditory Functions: A Study at a Tertiary Care Teaching Hospital in Northern India.,https://pubmed.ncbi.nlm.nih.gov/38566696/,dosimetrie_modelisation/general/2024_38566696_assessment-of-effects-of-chronic-mobile-phone-usag.md
39326006,10.1093/annweh/wxae072,2024,dosimetrie_modelisation,general,,Annals of work exposures and health,Comparison of a radiofrequency electric and magnetic field source-based job-exposure matrix with personal radiofrequency exposure measurements.,https://pubmed.ncbi.nlm.nih.gov/39326006/,dosimetrie_modelisation/general/2024_39326006_comparison-of-a-radiofrequency-electric-and-magnet.md
40039333,10.1109/embc53108.2024.10782384,2024,dosimetrie_modelisation,general,,,Utilizing Microwave Radiation for the Eradication of Bacteria and Fungi.,https://pubmed.ncbi.nlm.nih.gov/40039333/,dosimetrie_modelisation/general/2024_40039333_utilizing-microwave-radiation-for-the-eradication.md
40291791,10.12688/openreseurope.18285.2,2024,dosimetrie_modelisation,general,,,Determining the relationship between mobile phone network signal strength and radiofrequency electromagnetic field exposure: protocol and pilot study to derive conversion functions.,https://pubmed.ncbi.nlm.nih.gov/40291791/,dosimetrie_modelisation/general/2024_40291791_determining-the-relationship-between-mobile-phone.md
PPR912660,10.12688/openreseurope.18285.1,2024,dosimetrie_modelisation,general,,,Determining the relationship between mobile phone network signal strength and radiofrequency electromagnetic field exposure: protocol and pilot study to derive conversion functions,https://doi.org/10.12688/openreseurope.18285.1,dosimetrie_modelisation/general/2024_PPR912660_determining-the-relationship-between-mobile-phone.md
37598840,10.1016/j.envres.2023.116921,2023,dosimetrie_modelisation,general,,Environmental research,Comparison of ambient radiofrequency electromagnetic field (RF-EMF) levels in outdoor areas and public transport in Switzerland in 2014 and 2021.,https://pubmed.ncbi.nlm.nih.gov/37598840/,dosimetrie_modelisation/general/2023_37598840_comparison-of-ambient-radiofrequency-electromagnet.md
34998169,10.1016/j.cmpb.2021.106611,2022,dosimetrie_modelisation,general,,Computer methods and programs in biomedicine,Using AI and passive medical radiometry for diagnostics (MWR) of venous diseases.,https://pubmed.ncbi.nlm.nih.gov/34998169/,dosimetrie_modelisation/general/2022_34998169_using-ai-and-passive-medical-radiometry-for-diagno.md
36044461,10.1371/journal.pone.0268605,2022,dosimetrie_modelisation,general,,PloS one,Comparative study between radiofrequency-induced and muscimol-induced inhibition of cultured networks of cortical neuron.,https://pubmed.ncbi.nlm.nih.gov/36044461/,dosimetrie_modelisation/general/2022_36044461_comparative-study-between-radiofrequency-induced-a.md
36366179,10.3390/s22218481,2022,dosimetrie_modelisation,general,,"Sensors (Basel, Switzerland)",Electromagnetic Fields Exposure Assessment in Europe Utilizing Publicly Available Data.,https://pubmed.ncbi.nlm.nih.gov/36366179/,dosimetrie_modelisation/general/2022_36366179_electromagnetic-fields-exposure-assessment-in-euro.md
36554825,10.3390/ijerph192416942,2022,dosimetrie_modelisation,general,,International journal of environmental research and public health,Controversy in Electromagnetic Safety.,https://pubmed.ncbi.nlm.nih.gov/36554825/,dosimetrie_modelisation/general/2022_36554825_controversy-in-electromagnetic-safety.md
36742690,10.1007/s12070-021-02523-x,2022,dosimetrie_modelisation,general,,Indian journal of otolaryngology and head and neck surgery : official publication of the Association of Otolaryngologists of India,Effect of Mobile Phone use on Hearing in Young Adults: An Observational Study.,https://pubmed.ncbi.nlm.nih.gov/36742690/,dosimetrie_modelisation/general/2022_36742690_effect-of-mobile-phone-use-on-hearing-in-young-adu.md
34150266,10.1007/s40201-021-00636-7,2021,dosimetrie_modelisation,general,,Journal of environmental health science & engineering,Wi-fi related radiofrequency electromagnetic fields (RF-EMF): a pilot experimental study of personal exposure and risk perception.,https://pubmed.ncbi.nlm.nih.gov/34150266/,dosimetrie_modelisation/general/2021_34150266_wi-fi-related-radiofrequency-electromagnetic-field.md
34360361,10.3390/ijerph18158068,2021,dosimetrie_modelisation,general,,International journal of environmental research and public health,Radiofrequency Exposure Levels from Mobile Phone Base Stations in Outdoor Environments and an Underground Shopping Mall in Japan.,https://pubmed.ncbi.nlm.nih.gov/34360361/,dosimetrie_modelisation/general/2021_34360361_radiofrequency-exposure-levels-from-mobile-phone-b.md
34886365,10.3390/ijerph182312642,2021,dosimetrie_modelisation,general,,,Methodology of Studying Effects of Mobile Phone Radiation on Organisms: Technical Aspects.,https://pubmed.ncbi.nlm.nih.gov/34886365/,dosimetrie_modelisation/general/2021_34886365_methodology-of-studying-effects-of-mobile-phone-ra.md
29993467,10.1109/TBME.2018.2837102,2019,dosimetrie_modelisation,general,,IEEE transactions on bio-medical engineering,Synthetic Ultra-High-Resolution Millimeter-Wave Imaging for Skin Cancer Detection.,https://pubmed.ncbi.nlm.nih.gov/29993467/,dosimetrie_modelisation/general/2019_29993467_synthetic-ultra-high-resolution-millimeter-wave-im.md
31200442,10.3390/ijerph16122087,2019,dosimetrie_modelisation,general,,International journal of environmental research and public health,"Assessment of Personal Occupational Exposure to Radiofrequency Electromagnetic Fields in Libraries and Media Libraries, Using Calibrated On-Body Exposimeters.",https://pubmed.ncbi.nlm.nih.gov/31200442/,dosimetrie_modelisation/general/2019_31200442_assessment-of-personal-occupational-exposure-to-ra.md
31750144,10.1007/s12070-018-1247-1,2019,dosimetrie_modelisation,general,,Indian journal of otolaryngology and head and neck surgery : official publication of the Association of Otolaryngologists of India,Adverse Effect of Mobile Phone on Hearing in Healthy Individuals: A Clinical Study.,https://pubmed.ncbi.nlm.nih.gov/31750144/,dosimetrie_modelisation/general/2019_31750144_adverse-effect-of-mobile-phone-on-hearing-in-healt.md
30168103,10.1007/s13246-018-0682-3,2018,dosimetrie_modelisation,general,,Australasian physical & engineering sciences in medicine,Microwave reflectometry for noninvasive imaging of skin abnormalities.,https://pubmed.ncbi.nlm.nih.gov/30168103/,dosimetrie_modelisation/general/2018_30168103_microwave-reflectometry-for-noninvasive-imaging-of.md
28454038,10.1016/j.scitotenv.2017.03.131,2017,dosimetrie_modelisation,general,,The Science of the total environment,Long term variations measurement of electromagnetic field exposures in Alcalá de Henares (Spain).,https://pubmed.ncbi.nlm.nih.gov/28454038/,dosimetrie_modelisation/general/2017_28454038_long-term-variations-measurement-of-electromagneti.md
27588949,10.1016/j.envres.2016.08.022,2016,dosimetrie_modelisation,general,,Environmental research,Assessment of personal exposure from radiofrequency-electromagnetic fields in Australia and Belgium using on-body calibrated exposimeters.,https://pubmed.ncbi.nlm.nih.gov/27588949/,dosimetrie_modelisation/general/2016_27588949_assessment-of-personal-exposure-from-radiofrequenc.md
23942394,10.1038/jes.2013.40,2015,dosimetrie_modelisation,general,,Journal of exposure science & environmental epidemiology,Electromagnetic field exposure assessment in Europe radiofrequency fields (10 MHz-6 GHz).,https://pubmed.ncbi.nlm.nih.gov/23942394/,dosimetrie_modelisation/general/2015_23942394_electromagnetic-field-exposure-assessment-in-europ.md
24460417,10.3109/15368378.2013.863782,2015,dosimetrie_modelisation,general,,Electromagnetic biology and medicine,Analysis of estimation of electromagnetic dosimetric values from non-ionizing radiofrequency fields in conventional road vehicle environments.,https://pubmed.ncbi.nlm.nih.gov/24460417/,dosimetrie_modelisation/general/2015_24460417_analysis-of-estimation-of-electromagnetic-dosimetr.md
25705676,10.1155/2015/603260,2015,dosimetrie_modelisation,general,,BioMed research international,Estimation of radiofrequency power leakage from microwave ovens for dosimetric assessment at nonionizing radiation exposure levels.,https://pubmed.ncbi.nlm.nih.gov/25705676/,dosimetrie_modelisation/general/2015_25705676_estimation-of-radiofrequency-power-leakage-from-mi.md
23915231,10.3109/15368378.2013.810155,2014,dosimetrie_modelisation,general,,Electromagnetic biology and medicine,Estimation of electromagnetic dosimetric values from non-ionizing radiofrequency fields in an indoor commercial airplane environment.,https://pubmed.ncbi.nlm.nih.gov/23915231/,dosimetrie_modelisation/general/2014_23915231_estimation-of-electromagnetic-dosimetric-values-fr.md
24964580,,2014,dosimetrie_modelisation,general,,Roczniki Panstwowego Zakladu Higieny,Environmental impact of the use of radiofrequency electromagnetic fields in physiotherapeutic treatment.,https://pubmed.ncbi.nlm.nih.gov/24964580/,dosimetrie_modelisation/general/2014_24964580_environmental-impact-of-the-use-of-radiofrequency.md
25230564,,2014,dosimetrie_modelisation,general,,Medycyna pracy,[Anthropometric differentiation of effects of radiofrequency electromagnetic fields of frequency 100 MHz on workers].,https://pubmed.ncbi.nlm.nih.gov/25230564/,dosimetrie_modelisation/general/2014_25230564_anthropometric-differentiation-of-effects-of-radio.md
22906414,10.1016/j.envint.2012.07.006,2012,dosimetrie_modelisation,general,,Environment international,"Personal radiofrequency electromagnetic field measurements in The Netherlands: exposure level and variability for everyday activities, times of day and types of area.",https://pubmed.ncbi.nlm.nih.gov/22906414/,dosimetrie_modelisation/general/2012_22906414_personal-radiofrequency-electromagnetic-field-meas.md
20551994,10.1038/jes.2010.12,2011,dosimetrie_modelisation,general,,Journal of exposure science & environmental epidemiology,Measured radiofrequency exposure during various mobile-phone use scenarios.,https://pubmed.ncbi.nlm.nih.gov/20551994/,dosimetrie_modelisation/general/2011_20551994_measured-radiofrequency-exposure-during-various-mo.md
21544843,10.1002/bem.20677,2011,dosimetrie_modelisation,general,,Bioelectromagnetics,Calibration and uncertainties in personal exposure measurements of radiofrequency electromagnetic fields.,https://pubmed.ncbi.nlm.nih.gov/21544843/,dosimetrie_modelisation/general/2011_21544843_calibration-and-uncertainties-in-personal-exposure.md
20564178,10.1002/bem.20587,2010,dosimetrie_modelisation,general,,Bioelectromagnetics,The association between exposure determined by radiofrequency personal exposimeters and human exposure: a simulation study.,https://pubmed.ncbi.nlm.nih.gov/20564178/,dosimetrie_modelisation/general/2010_20564178_the-association-between-exposure-determined-by-rad.md
19321926,10.1088/0031-9155/54/8/N03,2009,dosimetrie_modelisation,general,,Physics in medicine and biology,Assessment of SAR in the tissues near a cochlear implant exposed to radiofrequency electromagnetic fields.,https://pubmed.ncbi.nlm.nih.gov/19321926/,dosimetrie_modelisation/general/2009_19321926_assessment-of-sar-in-the-tissues-near-a-cochlear-i.md
19584141,10.1093/rpd/ncp115,2009,dosimetrie_modelisation,general,,Radiation protection dosimetry,Measurement and analysis of radiofrequency radiations from some mobile phone base stations in Ghana.,https://pubmed.ncbi.nlm.nih.gov/19584141/,dosimetrie_modelisation/general/2009_19584141_measurement-and-analysis-of-radiofrequency-radiati.md
15285261,10.1088/0031-9155/49/13/016,2004,dosimetrie_modelisation,general,,Physics in medicine and biology,An evaluation of safety guidelines to restrict exposure to stray radiofrequency radiation from short-wave diathermy units.,https://pubmed.ncbi.nlm.nih.gov/15285261/,dosimetrie_modelisation/general/2004_15285261_an-evaluation-of-safety-guidelines-to-restrict-exp.md
12643800,10.1667/0033-7587(2003)159[0550:eotsit]2.0.co;2,2003,dosimetrie_modelisation,general,,Radiation research,Estimation of the SAR in the human head and body due to radiofrequency radiation exposure from handheld mobile phones with hands-free accessories.,https://pubmed.ncbi.nlm.nih.gov/12643800/,dosimetrie_modelisation/general/2003_12643800_estimation-of-the-sar-in-the-human-head-and-body-d.md
11845841,10.1097/00004032-200203000-00011,2002,dosimetrie_modelisation,general,,Health physics,Medical aspects of radiofrequency radiation overexposure.,https://pubmed.ncbi.nlm.nih.gov/11845841/,dosimetrie_modelisation/general/2002_11845841_medical-aspects-of-radiofrequency-radiation-overex.md
9099436,,1997,dosimetrie_modelisation,general,,Biomedical instrumentation & technology,Measurement of radiofrequency electromagnetic fields in and around ambulances.,https://pubmed.ncbi.nlm.nih.gov/9099436/,dosimetrie_modelisation/general/1997_9099436_measurement-of-radiofrequency-electromagnetic-fiel.md
2323174,10.1088/0143-0815/11/1/005,1990,dosimetrie_modelisation,general,,"Clinical physics and physiological measurement : an official journal of the Hospital Physicists' Association, Deutsche Gesellschaft fur Medizinische Physik and the European Federation of Organisations for Medical Physics",An evaluation of radiofrequency exposure from therapeutic diathermy equipment in the light of current recommendations.,https://pubmed.ncbi.nlm.nih.gov/2323174/,dosimetrie_modelisation/general/1990_2323174_an-evaluation-of-radiofrequency-exposure-from-ther.md
3679829,10.1097/00004032-198712000-00008,1987,dosimetrie_modelisation,general,,Health physics,Proposed revision of the Canadian recommendations on radiofrequency-exposure protection.,https://pubmed.ncbi.nlm.nih.gov/3679829/,dosimetrie_modelisation/general/1987_3679829_proposed-revision-of-the-canadian-recommendations.md
3850131,10.1080/16070658.1985.11720296,1985,dosimetrie_modelisation,general,,The Journal of microwave power and electromagnetic energy : a publication of the International Microwave Power Institute,Radiofrequency electromagnetic leakage fields from plastic welding machines. Measurements and reducing measures.,https://pubmed.ncbi.nlm.nih.gov/3850131/,dosimetrie_modelisation/general/1985_3850131_radiofrequency-electromagnetic-leakage-fields-from.md
1212147,,1975,dosimetrie_modelisation,general,,"Aviation, space, and environmental medicine",Evaluation of possible microwave-induced lens changes in the United States Air Force.,https://pubmed.ncbi.nlm.nih.gov/1212147/,dosimetrie_modelisation/general/1975_1212147_evaluation-of-possible-microwave-induced-lens-chan.md
28844241,10.1016/j.mrgentox.2017.08.001,2017,dosimetrie_modelisation,genotoxicite_epigenetique,neurodeveloppement;cancer,Mutation research. Genetic toxicology and environmental mutagenesis,Is mobile phone radiation genotoxic? An analysis of micronucleus frequency in exfoliated buccal cells.,https://pubmed.ncbi.nlm.nih.gov/28844241/,dosimetrie_modelisation/genotoxicite_epigenetique/2017_28844241_is-mobile-phone-radiation-genotoxic-an-analysis-of.md
26476436,10.1093/mutage/gev071,2016,dosimetrie_modelisation,genotoxicite_epigenetique,cancer;dosimetrie_exposition,Mutagenesis,Exposure to 915 MHz radiation induces micronuclei in Vicia faba root tips.,https://pubmed.ncbi.nlm.nih.gov/26476436/,dosimetrie_modelisation/genotoxicite_epigenetique/2016_26476436_exposure-to-915-mhz-radiation-induces-micronuclei.md
15785322,10.1097/00008469-200504000-00014,2005,dosimetrie_modelisation,genotoxicite_epigenetique,dosimetrie_exposition,European journal of cancer prevention : the official journal of the European Cancer Prevention Organisation (ECP),Genotoxicity evaluation of electromagnetic fields generated by 835-MHz mobile phone frequency band.,https://pubmed.ncbi.nlm.nih.gov/15785322/,dosimetrie_modelisation/genotoxicite_epigenetique/2005_15785322_genotoxicity-evaluation-of-electromagnetic-fields.md
7515472,10.1016/0165-7992(94)90069-8,1994,dosimetrie_modelisation,genotoxicite_epigenetique,dosimetrie_exposition,Mutation research,Clastogenic effects of radiofrequency radiations on chromosomes of Tradescantia.,https://pubmed.ncbi.nlm.nih.gov/7515472/,dosimetrie_modelisation/genotoxicite_epigenetique/1994_7515472_clastogenic-effects-of-radiofrequency-radiations-o.md
41448143,10.1002/mp.70252,2026,dosimetrie_modelisation,neuro_comportement_cognition,,Medical physics,Comparison of methodological uncertainties in tissue parameter estimation for carbon ion dose calculation.,https://pubmed.ncbi.nlm.nih.gov/41448143/,dosimetrie_modelisation/neuro_comportement_cognition/2026_41448143_comparison-of-methodological-uncertainties-in-tiss.md
41615330,10.1002/smll.202510453,2026,dosimetrie_modelisation,neuro_comportement_cognition,thermique;dosimetrie_exposition,"Small (Weinheim an der Bergstrasse, Germany)",Machine Learning on Systematically Curated Data Reveals Key Determinants of Magnetic Hyperthermia Performance.,https://pubmed.ncbi.nlm.nih.gov/41615330/,dosimetrie_modelisation/neuro_comportement_cognition/2026_41615330_machine-learning-on-systematically-curated-data-re.md
41828198,10.3390/ma19050931,2026,dosimetrie_modelisation,neuro_comportement_cognition,thermique,,"Multiphysical Characterization of a Tissue-Mimicking Phantom: Composition, Thermal Behavior, and Broadband Electromagnetic Properties from Visible to Terahertz and Microwave Frequencies.",https://pubmed.ncbi.nlm.nih.gov/41828198/,dosimetrie_modelisation/neuro_comportement_cognition/2026_41828198_multiphysical-characterization-of-a-tissue-mimicki.md
42076313,10.3390/polym18080930,2026,dosimetrie_modelisation,neuro_comportement_cognition,dosimetrie_exposition,,Modeling of Polyolefin-Aluminum Bonding Technology Under Electromagnetic Energy: Using Hot-Melt Adhesives with Metallic Micro-Additives.,https://pubmed.ncbi.nlm.nih.gov/42076313/,dosimetrie_modelisation/neuro_comportement_cognition/2026_42076313_modeling-of-polyolefin-aluminum-bonding-technology.md
42090102,10.1007/s13246-026-01735-1,2026,dosimetrie_modelisation,neuro_comportement_cognition,,,Impact of automatic exposure control on radiation dose and detectability in dual-source and fast kV switching dual-energy CT.,https://pubmed.ncbi.nlm.nih.gov/42090102/,dosimetrie_modelisation/neuro_comportement_cognition/2026_42090102_impact-of-automatic-exposure-control-on-radiation.md
42120409,10.1038/s41597-026-07314-z,2026,dosimetrie_modelisation,neuro_comportement_cognition,,Scientific data,A Dataset for Victim Detection in Search-and-Rescue Operations Using Robot-Mounted UWB-Radar Sensors.,https://pubmed.ncbi.nlm.nih.gov/42120409/,dosimetrie_modelisation/neuro_comportement_cognition/2026_42120409_a-dataset-for-victim-detection-in-search-and-rescu.md
42295906,10.1364/OL.600275,2026,dosimetrie_modelisation,neuro_comportement_cognition,dosimetrie_exposition,Optics letters,Physics-constrained deep-learning framework for MRI metasurfaces.,https://pubmed.ncbi.nlm.nih.gov/42295906/,dosimetrie_modelisation/neuro_comportement_cognition/2026_42295906_physics-constrained-deep-learning-framework-for-mr.md
42501850,10.1016/j.ijbiomac.2026.153721,2026,dosimetrie_modelisation,neuro_comportement_cognition,thermique;dosimetrie_exposition,International journal of biological macromolecules,Dual temperature- and magnetic-responsive PNIPAAm-based nanogels for tunable and drug release.,https://pubmed.ncbi.nlm.nih.gov/42501850/,dosimetrie_modelisation/neuro_comportement_cognition/2026_42501850_dual-temperature-and-magnetic-responsive-pnipaam-b.md
42620040,,2026,dosimetrie_modelisation,neuro_comportement_cognition,dosimetrie_exposition,ArXiv,MWF-MIMOSA for efficient simultaneous relaxometry and myelin water fraction mapping.,https://pubmed.ncbi.nlm.nih.gov/42620040/,dosimetrie_modelisation/neuro_comportement_cognition/2026_42620040_mwf-mimosa-for-efficient-simultaneous-relaxometry.md
PPR1317233,10.21203/rs.3.rs-10998828/v1,2026,dosimetrie_modelisation,neuro_comportement_cognition,dosimetrie_exposition,,First Experimental Realization of a Cable-Free and Battery-Free Spatial Power Grid Infrastructure,https://doi.org/10.21203/rs.3.rs-10998828/v1,dosimetrie_modelisation/neuro_comportement_cognition/2026_PPR1317233_first-experimental-realization-of-a-cable-free-and.md
41413440,10.1038/s41598-025-27963-1,2025,dosimetrie_modelisation,neuro_comportement_cognition,dosimetrie_exposition,Scientific reports,ML/GA-based performance optimization of PBG-enhanced THz microstrip patch antennas on PTFE-SWCNT.,https://pubmed.ncbi.nlm.nih.gov/41413440/,dosimetrie_modelisation/neuro_comportement_cognition/2025_41413440_ml-ga-based-performance-optimization-of-pbg-enhanc.md
38602349,10.1021/acs.jpcb.3c07759,2024,dosimetrie_modelisation,neuro_comportement_cognition,,,Anomalously Large Heat Generation of Hydration Water under Microwave Irradiation.,https://pubmed.ncbi.nlm.nih.gov/38602349/,dosimetrie_modelisation/neuro_comportement_cognition/2024_38602349_anomalously-large-heat-generation-of-hydration-wat.md
40040200,10.1109/EMBC53108.2024.10782684,2024,dosimetrie_modelisation,neuro_comportement_cognition,dosimetrie_exposition,Annual International Conference of the IEEE Engineering in Medicine and Biology Society. IEEE Engineering in Medicine and Biology Society. Annual International Conference,Cerebral Blood Flow Monitoring with a Portable Radio Frequency Sensing System.,https://pubmed.ncbi.nlm.nih.gov/40040200/,dosimetrie_modelisation/neuro_comportement_cognition/2024_40040200_cerebral-blood-flow-monitoring-with-a-portable-rad.md
39294811,10.1186/s13750-023-00304-3,2023,dosimetrie_modelisation,neuro_comportement_cognition,dosimetrie_exposition,Environmental evidence,What evidence exists on the impact of anthropogenic radiofrequency electromagnetic fields on animals and plants in the environment: a systematic map.,https://pubmed.ncbi.nlm.nih.gov/39294811/,dosimetrie_modelisation/neuro_comportement_cognition/2023_39294811_what-evidence-exists-on-the-impact-of-anthropogeni.md
35270862,10.3390/s22051715,2022,dosimetrie_modelisation,neuro_comportement_cognition,,,Lessons Learned from a Distributed RF-EMF Sensor Network.,https://pubmed.ncbi.nlm.nih.gov/35270862/,dosimetrie_modelisation/neuro_comportement_cognition/2022_35270862_lessons-learned-from-a-distributed-rf-emf-sensor-n.md
35888240,10.3390/ma15144773,2022,dosimetrie_modelisation,neuro_comportement_cognition,,,Microwave Treatment of Calcium Phosphate/Titanium Dioxide Composite to Improve Protein Adsorption.,https://pubmed.ncbi.nlm.nih.gov/35888240/,dosimetrie_modelisation/neuro_comportement_cognition/2022_35888240_microwave-treatment-of-calcium-phosphate-titanium.md
21873111,10.1016/j.clinph.2011.06.019,2012,dosimetrie_modelisation,neuro_comportement_cognition,eeg_sommeil,Clinical neurophysiology : official journal of the International Federation of Clinical Neurophysiology,Mobile phone emission modulates event-related desynchronization of α rhythms and cognitive-motor performance in healthy humans.,https://pubmed.ncbi.nlm.nih.gov/21873111/,dosimetrie_modelisation/neuro_comportement_cognition/2012_21873111_mobile-phone-emission-modulates-event-related-desy.md
21488064,10.1002/bem.20671,2011,dosimetrie_modelisation,neuro_comportement_cognition,,Bioelectromagnetics,Cognitive effects of cellular phones: a possible role of non-radiofrequency radiation factors.,https://pubmed.ncbi.nlm.nih.gov/21488064/,dosimetrie_modelisation/neuro_comportement_cognition/2011_21488064_cognitive-effects-of-cellular-phones-a-possible-ro.md
42233965,10.1093/rpd/ncag052,2026,dosimetrie_modelisation,neurodeveloppement,dosimetrie_exposition,,Exposure of the palm to handheld wireless devices operating at frequencies from 900 MHz to 6 GHz.,https://pubmed.ncbi.nlm.nih.gov/42233965/,dosimetrie_modelisation/neurodeveloppement/2026_42233965_exposure-of-the-palm-to-handheld-wireless-devices.md
42426191,10.1038/s41598-026-60822-1,2026,dosimetrie_modelisation,neurodeveloppement,dosimetrie_exposition,,Environmental radiofrequency exposure and genotoxic biomarkers in schoolchildren: a cross-sectional analysis.,https://pubmed.ncbi.nlm.nih.gov/42426191/,dosimetrie_modelisation/neurodeveloppement/2026_42426191_environmental-radiofrequency-exposure-and-genotoxi.md
42697239,10.1088/1361-6560/aea302,2026,dosimetrie_modelisation,neurodeveloppement,,,Evaluation of neuronal activation thresholds for low-frequency electromagnetic exposure using morphologically realistic neuron models.,https://pubmed.ncbi.nlm.nih.gov/42697239/,dosimetrie_modelisation/neurodeveloppement/2026_42697239_evaluation-of-neuronal-activation-thresholds-for-l.md
PPR1214119,10.64898/2026.04.17.719188,2026,dosimetrie_modelisation,neurodeveloppement,dosimetrie_exposition,,Evaluation of Neuronal Activation Thresholds for Low-Frequency Electromagnetic Exposure Using Morphologically Realistic Neuron Models,https://doi.org/10.64898/2026.04.17.719188,dosimetrie_modelisation/neurodeveloppement/2026_PPR1214119_evaluation-of-neuronal-activation-thresholds-for-l.md
40995977,10.1093/rpd/ncaf110,2025,dosimetrie_modelisation,neurodeveloppement,dosimetrie_exposition,,Investigation of fetal exposure to electromagnetic waves between 2.45 and 5 GHz during pregnancy.,https://pubmed.ncbi.nlm.nih.gov/40995977/,dosimetrie_modelisation/neurodeveloppement/2025_40995977_investigation-of-fetal-exposure-to-electromagnetic.md
38444310,10.4274/jtgga.galenos.2023.2022-10-1,2024,dosimetrie_modelisation,neurodeveloppement,dosimetrie_exposition,,Evaluation of neonatal outcomes according to the specific absorption rate values of phones used during pregnancy.,https://pubmed.ncbi.nlm.nih.gov/38444310/,dosimetrie_modelisation/neurodeveloppement/2024_38444310_evaluation-of-neonatal-outcomes-according-to-the-s.md
38475194,10.3390/s24051658,2024,dosimetrie_modelisation,neurodeveloppement,dosimetrie_exposition,,A Comparative Study of Narrow/Ultra-Wideband Microwave Sensors for the Continuous Monitoring of Vital Signs and Lung Water Level.,https://pubmed.ncbi.nlm.nih.gov/38475194/,dosimetrie_modelisation/neurodeveloppement/2024_38475194_a-comparative-study-of-narrow-ultra-wideband-micro.md
36786436,10.1002/bem.22434,2023,dosimetrie_modelisation,neurodeveloppement,dosimetrie_exposition,Bioelectromagnetics,Radiofrequency Exposure Levels in Greece.,https://pubmed.ncbi.nlm.nih.gov/36786436/,dosimetrie_modelisation/neurodeveloppement/2023_36786436_radiofrequency-exposure-levels-in-greece.md
37299897,10.3390/s23115170,2023,dosimetrie_modelisation,neurodeveloppement,dosimetrie_exposition,"Sensors (Basel, Switzerland)",Assessment of Children's Exposure to Intelligent Transport System 5.9 GHz Vehicular Connectivity Using Numerical Dosimetry.,https://pubmed.ncbi.nlm.nih.gov/37299897/,dosimetrie_modelisation/neurodeveloppement/2023_37299897_assessment-of-children-s-exposure-to-intelligent-t.md
37414391,10.1016/j.envres.2023.116542,2023,dosimetrie_modelisation,neurodeveloppement,dosimetrie_exposition,Environmental research,Dosimetric assessment in the brain for downlink EMF exposure in Korean mobile communication networks.,https://pubmed.ncbi.nlm.nih.gov/37414391/,dosimetrie_modelisation/neurodeveloppement/2023_37414391_dosimetric-assessment-in-the-brain-for-downlink-em.md
37571584,10.3390/s23156802,2023,dosimetrie_modelisation,neurodeveloppement,dosimetrie_exposition,"Sensors (Basel, Switzerland)",Assessment of the Variability of Human Exposure to Radiofrequency Electromagnetic Fields Arising from 5.9 GHz Vehicular Communication in Urban Environments.,https://pubmed.ncbi.nlm.nih.gov/37571584/,dosimetrie_modelisation/neurodeveloppement/2023_37571584_assessment-of-the-variability-of-human-exposure-to.md
PPR757362,10.22541/au.169956822.22451476/v1,2023,dosimetrie_modelisation,neurodeveloppement,dosimetrie_exposition,,Realistic Modeling of Exposure to Sub-6 GHz Fifth-Generation Mobile Phone Radiation in Anatomical Child Head Model,https://doi.org/10.22541/au.169956822.22451476/v1,dosimetrie_modelisation/neurodeveloppement/2023_PPR757362_realistic-modeling-of-exposure-to-sub-6-ghz-fifth.md
33530365,10.3390/ijerph18031073,2021,dosimetrie_modelisation,neurodeveloppement,dosimetrie_exposition,International journal of environmental research and public health,Numerical Analysis of Electromagnetic Field Exposure from 5G Mobile Communications at 28 GHZ in Adults and Children Users for Real-World Exposure Scenarios.,https://pubmed.ncbi.nlm.nih.gov/33530365/,dosimetrie_modelisation/neurodeveloppement/2021_33530365_numerical-analysis-of-electromagnetic-field-exposu.md
33998013,10.1002/bem.22349,2021,dosimetrie_modelisation,neurodeveloppement,,Bioelectromagnetics,Individual Exposure to Environmental Radiofrequency Electromagnetic Fields in Hospitalized Preterm Neonates.,https://pubmed.ncbi.nlm.nih.gov/33998013/,dosimetrie_modelisation/neurodeveloppement/2021_33998013_individual-exposure-to-environmental-radiofrequenc.md
31740038,10.1016/j.envres.2019.108894,2020,dosimetrie_modelisation,neurodeveloppement,,Environmental research,Environmental radiofrequency electromagnetic field levels in a department of pediatrics.,https://pubmed.ncbi.nlm.nih.gov/31740038/,dosimetrie_modelisation/neurodeveloppement/2020_31740038_environmental-radiofrequency-electromagnetic-field.md
28504422,10.1111/cdev.12831,2018,dosimetrie_modelisation,neurodeveloppement,neuro_comportement_cognition;eeg_sommeil;cancer,Child development,Effects of Mobile Phones on Children's and Adolescents' Health: A Commentary.,https://pubmed.ncbi.nlm.nih.gov/28504422/,dosimetrie_modelisation/neurodeveloppement/2018_28504422_effects-of-mobile-phones-on-children-s-and-adolesc.md
29469164,10.1002/bem.22115,2018,dosimetrie_modelisation,neurodeveloppement,thermique;dosimetrie_exposition,Bioelectromagnetics,Heart rate variability affected by radiofrequency electromagnetic field in adolescent students.,https://pubmed.ncbi.nlm.nih.gov/29469164/,dosimetrie_modelisation/neurodeveloppement/2018_29469164_heart-rate-variability-affected-by-radiofrequency.md
29803802,10.1016/j.envint.2018.05.028,2018,dosimetrie_modelisation,neurodeveloppement,dosimetrie_exposition,Environment international,Children's exposure assessment of radiofrequency fields: Comparison between spot and personal measurements.,https://pubmed.ncbi.nlm.nih.gov/29803802/,dosimetrie_modelisation/neurodeveloppement/2018_29803802_children-s-exposure-assessment-of-radiofrequency-f.md
30455754,10.3889/oamjms.2018.405,2018,dosimetrie_modelisation,neurodeveloppement,dosimetrie_exposition,Open access Macedonian journal of medical sciences,Impact of Maternal Obesity and Mobile Phone Use on Fetal Cardiotocography Pattern.,https://pubmed.ncbi.nlm.nih.gov/30455754/,dosimetrie_modelisation/neurodeveloppement/2018_30455754_impact-of-maternal-obesity-and-mobile-phone-use-on.md
30857115,10.1016/j.scitotenv.2018.01.318,2018,dosimetrie_modelisation,neurodeveloppement,dosimetrie_exposition,The Science of the total environment,Assessment of radiofrequency electromagnetic field exposure from personal measurements considering the body shadowing effect in Korean children and parents.,https://pubmed.ncbi.nlm.nih.gov/30857115/,dosimetrie_modelisation/neurodeveloppement/2018_30857115_assessment-of-radiofrequency-electromagnetic-field.md
27759027,10.1038/jes.2016.55,2017,dosimetrie_modelisation,neurodeveloppement,dosimetrie_exposition,Journal of exposure science & environmental epidemiology,Radiofrequency-electromagnetic field exposures in kindergarten children.,https://pubmed.ncbi.nlm.nih.gov/27759027/,dosimetrie_modelisation/neurodeveloppement/2017_27759027_radiofrequency-electromagnetic-field-exposures-in.md
28074013,10.1093/rpd/ncw370,2017,dosimetrie_modelisation,neurodeveloppement,,Radiation protection dosimetry,Exposure to Radiofrequency Electromagnetic Fields From Wi-Fi in Australian Schools.,https://pubmed.ncbi.nlm.nih.gov/28074013/,dosimetrie_modelisation/neurodeveloppement/2017_28074013_exposure-to-radiofrequency-electromagnetic-fields.md
28267685,10.1088/1361-6560/aa5c2d,2017,dosimetrie_modelisation,neurodeveloppement,dosimetrie_exposition,Physics in medicine and biology,Mobile phone types and SAR characteristics of the human brain.,https://pubmed.ncbi.nlm.nih.gov/28267685/,dosimetrie_modelisation/neurodeveloppement/2017_28267685_mobile-phone-types-and-sar-characteristics-of-the.md
29214149,10.3389/fpubh.2017.00279,2017,dosimetrie_modelisation,neurodeveloppement,neuro_comportement_cognition,Frontiers in public health,Measurements of Radiofrequency Radiation with a Body-Borne Exposimeter in Swedish Schools with Wi-Fi.,https://pubmed.ncbi.nlm.nih.gov/29214149/,dosimetrie_modelisation/neurodeveloppement/2017_29214149_measurements-of-radiofrequency-radiation-with-a-bo.md
27633090,10.3892/ijo.2016.3657,2016,dosimetrie_modelisation,neurodeveloppement,dosimetrie_exposition,International journal of oncology,Radiofrequency radiation at Stockholm Central Railway Station in Sweden and some medical aspects on public exposure to RF fields.,https://pubmed.ncbi.nlm.nih.gov/27633090/,dosimetrie_modelisation/neurodeveloppement/2016_27633090_radiofrequency-radiation-at-stockholm-central-rail.md
24723195,10.1093/rpd/ncu057,2015,dosimetrie_modelisation,neurodeveloppement,dosimetrie_exposition,Radiation protection dosimetry,Typical exposure of children to EMF: exposimetry and dosimetry.,https://pubmed.ncbi.nlm.nih.gov/24723195/,dosimetrie_modelisation/neurodeveloppement/2015_24723195_typical-exposure-of-children-to-emf-exposimetry-an.md
23280584,10.1002/bem.21771,2013,dosimetrie_modelisation,neurodeveloppement,dosimetrie_exposition,Bioelectromagnetics,ECG changes in factory workers exposed to 27.2  MHz radiofrequency radiation.,https://pubmed.ncbi.nlm.nih.gov/23280584/,dosimetrie_modelisation/neurodeveloppement/2013_23280584_ecg-changes-in-factory-workers-exposed-to-27-2-mhz.md
15850420,10.1667/rr3353,2005,dosimetrie_modelisation,neurodeveloppement,dosimetrie_exposition,Radiation research,Simulation of exposure and SAR estimation for adult and child heads exposed to radiofrequency energy from portable communication devices.,https://pubmed.ncbi.nlm.nih.gov/15850420/,dosimetrie_modelisation/neurodeveloppement/2005_15850420_simulation-of-exposure-and-sar-estimation-for-adul.md
14995060,10.1007/BF03179176,2003,dosimetrie_modelisation,neurodeveloppement,eeg_sommeil,Australasian physical & engineering sciences in medicine,Human brain wave activity during exposure to radiofrequency field emissions from mobile phones.,https://pubmed.ncbi.nlm.nih.gov/14995060/,dosimetrie_modelisation/neurodeveloppement/2003_14995060_human-brain-wave-activity-during-exposure-to-radio.md
11793407,10.1002/bem.99,2002,dosimetrie_modelisation,neurodeveloppement,dosimetrie_exposition,Bioelectromagnetics,Health and safety implications of exposure to electromagnetic fields in the frequency range 300 Hz to 10 MHz.,https://pubmed.ncbi.nlm.nih.gov/11793407/,dosimetrie_modelisation/neurodeveloppement/2002_11793407_health-and-safety-implications-of-exposure-to-elec.md
3372031,10.1007/BF00378471,1988,dosimetrie_modelisation,neurodeveloppement,dosimetrie_exposition,International archives of occupational and environmental health,Health problems among operators of plastic welding machines and exposure to radiofrequency electromagnetic fields.,https://pubmed.ncbi.nlm.nih.gov/3372031/,dosimetrie_modelisation/neurodeveloppement/1988_3372031_health-problems-among-operators-of-plastic-welding.md
42012352,10.1177/13872877261444315,2026,dosimetrie_modelisation,neuroinflammation,apoptose_mitochondrie,Journal of Alzheimer's disease : JAD,"Electromagnetic field induced activation of amyloid-β degrading enzyme, neprilysin, for accelerated Alzheimer's disease therapy.",https://pubmed.ncbi.nlm.nih.gov/42012352/,dosimetrie_modelisation/neuroinflammation/2026_42012352_electromagnetic-field-induced-activation-of-amyloi.md
42183756,10.1002/bem.70055,2026,dosimetrie_modelisation,reproduction,dosimetrie_exposition,,Gender Differentiation Based Mobile Terminal Electromagnetic Exposure Safety Analysis and Corresponding Antenna Miniaturized-Based Protective Measures.,https://pubmed.ncbi.nlm.nih.gov/42183756/,dosimetrie_modelisation/reproduction/2026_42183756_gender-differentiation-based-mobile-terminal-elect.md
7064810,10.1080/15298668291409523,1982,dosimetrie_modelisation,reproduction,,American Industrial Hygiene Association journal,Occupational exposures to radiofrequency radiation (18-31 MHz) from F dielectric heat sealers.,https://pubmed.ncbi.nlm.nih.gov/7064810/,dosimetrie_modelisation/reproduction/1982_7064810_occupational-exposures-to-radiofrequency-radiation.md
40400323,10.1098/rsta.2024.0073,2025,dosimetrie_modelisation,stress_oxydatif,thermique,,Direct measurement of non-thermal microwave effects on bacterial growth and redox dynamics using a novel high-throughput waveguide applicator.,https://pubmed.ncbi.nlm.nih.gov/40400323/,dosimetrie_modelisation/stress_oxydatif/2025_40400323_direct-measurement-of-non-thermal-microwave-effect.md
39361824,10.1080/15368378.2024.2411629,2024,dosimetrie_modelisation,stress_oxydatif,genotoxicite_epigenetique;thermique;dosimetrie_exposition,,Assessing the biochemical and genotoxic effects of low intensity 2.45GHz microwave exposure on <i>Arabidopsis thaliana</i> plants.,https://pubmed.ncbi.nlm.nih.gov/39361824/,dosimetrie_modelisation/stress_oxydatif/2024_39361824_assessing-the-biochemical-and-genotoxic-effects-of.md
36910143,10.3389/fcell.2023.1067861,2023,dosimetrie_modelisation,stress_oxydatif,apoptose_mitochondrie;genotoxicite_epigenetique,,ROS production in response to high-power microwave pulses induces p53 activation and DNA damage in brain cells: Radiosensitivity and biological dosimetry evaluation.,https://pubmed.ncbi.nlm.nih.gov/36910143/,dosimetrie_modelisation/stress_oxydatif/2023_36910143_ros-production-in-response-to-high-power-microwave.md
33828192,10.1038/s41598-021-87263-2,2021,dosimetrie_modelisation,stress_oxydatif,dosimetrie_exposition,Scientific reports,Activation of matrix metalloproteinases and FoxO3a in HaCaT keratinocytes by radiofrequency electromagnetic field exposure.,https://pubmed.ncbi.nlm.nih.gov/33828192/,dosimetrie_modelisation/stress_oxydatif/2021_33828192_activation-of-matrix-metalloproteinases-and-foxo3a.md
34234197,10.1038/s41598-021-93274-w,2021,dosimetrie_modelisation,stress_oxydatif,genotoxicite_epigenetique;thermique;neuro_comportement_cognition,,Evaluation of non-thermal effect of microwave radiation and its mode of action in bacterial cell inactivation.,https://pubmed.ncbi.nlm.nih.gov/34234197/,dosimetrie_modelisation/stress_oxydatif/2021_34234197_evaluation-of-non-thermal-effect-of-microwave-radi.md
20638656,10.1016/j.envres.2010.06.009,2010,dosimetrie_modelisation,stress_oxydatif,,Environmental research,Comparison of personal radio frequency electromagnetic field exposure in different urban areas across Europe.,https://pubmed.ncbi.nlm.nih.gov/20638656/,dosimetrie_modelisation/stress_oxydatif/2010_20638656_comparison-of-personal-radio-frequency-electromagn.md
41384965,10.1007/s00066-025-02489-7,2026,dosimetrie_modelisation,thermique,dosimetrie_exposition,Strahlentherapie und Onkologie : Organ der Deutschen Rontgengesellschaft ... [et al],Dosimetric applicator characterization in hyperthermia: an automated quality assurance procedure based on relative specific absorption rate measurements.,https://pubmed.ncbi.nlm.nih.gov/41384965/,dosimetrie_modelisation/thermique/2026_41384965_dosimetric-applicator-characterization-in-hyperthe.md
41600503,10.3390/s26020709,2026,dosimetrie_modelisation,thermique,dosimetrie_exposition,,Electromagnetic Exposure from RF Antennas on Subway Station Attendant: A Thermal Analysis.,https://pubmed.ncbi.nlm.nih.gov/41600503/,dosimetrie_modelisation/thermique/2026_41600503_electromagnetic-exposure-from-rf-antennas-on-subwa.md
41657279,10.1039/d5nr03252k,2026,dosimetrie_modelisation,thermique,dosimetrie_exposition,Nanoscale,Iron oxide nanocube assembly on silver nanowire templates to enhance magnetic hyperthermia performance.,https://pubmed.ncbi.nlm.nih.gov/41657279/,dosimetrie_modelisation/thermique/2026_41657279_iron-oxide-nanocube-assembly-on-silver-nanowire-te.md
41675186,10.1039/d5ra07531a,2026,dosimetrie_modelisation,thermique,dosimetrie_exposition,RSC advances,Green synthesis and magnetothermal performance of Zn1-X ONi X nanocomposites for magnetic hyperthermia applications.,https://pubmed.ncbi.nlm.nih.gov/41675186/,dosimetrie_modelisation/thermique/2026_41675186_green-synthesis-and-magnetothermal-performance-of.md
41675654,10.1021/acsanm.5c05187,2026,dosimetrie_modelisation,thermique,dosimetrie_exposition,ACS applied nano materials,Ferrite Nanocubes Coupled with Gold Nanorods: A Plasmonic Leap in Hyperthermia Efficiency.,https://pubmed.ncbi.nlm.nih.gov/41675654/,dosimetrie_modelisation/thermique/2026_41675654_ferrite-nanocubes-coupled-with-gold-nanorods-a-pla.md
41899895,10.3390/bioengineering13030364,2026,dosimetrie_modelisation,thermique,dosimetrie_exposition;neuro_comportement_cognition,"Bioengineering (Basel, Switzerland)",SAR-Based Thermal Assessment of Dielectrophoretic Pulsed Electromagnetic Stimulation in Tibia Fractures with Metallic Implants.,https://pubmed.ncbi.nlm.nih.gov/41899895/,dosimetrie_modelisation/thermique/2026_41899895_sar-based-thermal-assessment-of-dielectrophoretic.md
41904808,10.1002/smll.202514961,2026,dosimetrie_modelisation,thermique,neuro_comportement_cognition;dosimetrie_exposition,"Small (Weinheim an der Bergstrasse, Germany)",Biomimetic Single-Domain Magnetic Nanochains Surpassing Magnetotactic Bacteria in Hyperthermia Efficiency.,https://pubmed.ncbi.nlm.nih.gov/41904808/,dosimetrie_modelisation/thermique/2026_41904808_biomimetic-single-domain-magnetic-nanochains-surpa.md
42061976,10.1088/1361-6560/ae6748,2026,dosimetrie_modelisation,thermique,dosimetrie_exposition,Physics in medicine and biology,Quality assurance phantoms for deep hyperthermia devices: design principles informed by computational modeling.,https://pubmed.ncbi.nlm.nih.gov/42061976/,dosimetrie_modelisation/thermique/2026_42061976_quality-assurance-phantoms-for-deep-hyperthermia-d.md
42076502,10.3390/s26082393,2026,dosimetrie_modelisation,thermique,dosimetrie_exposition,,Dosimetry of a Thermoregulated TEM Cell for 5G 700 MHz and 3.5 GHz Band Frequencies for Bioelectromagnetic Investigations.,https://pubmed.ncbi.nlm.nih.gov/42076502/,dosimetrie_modelisation/thermique/2026_42076502_dosimetry-of-a-thermoregulated-tem-cell-for-5g-700.md
42094104,10.1021/acsanm.5c05783,2026,dosimetrie_modelisation,thermique,neuro_comportement_cognition;dosimetrie_exposition,ACS applied nano materials,Self-Assembly Interactions in Magnetite-Coated Cellulose Nanocrystals: Implications for Magnetic Hyperthermia Applications.,https://pubmed.ncbi.nlm.nih.gov/42094104/,dosimetrie_modelisation/thermique/2026_42094104_self-assembly-interactions-in-magnetite-coated-cel.md
42127324,10.1021/acs.langmuir.6c00627,2026,dosimetrie_modelisation,thermique,dosimetrie_exposition,Langmuir : the ACS journal of surfaces and colloids,Nonlinear Dynamic Hysteresis Driven Self-Heating in Fe100-xCox Alloy Nanoparticles.,https://pubmed.ncbi.nlm.nih.gov/42127324/,dosimetrie_modelisation/thermique/2026_42127324_nonlinear-dynamic-hysteresis-driven-self-heating-i.md
42302816,10.1088/1361-6528/ae7df8,2026,dosimetrie_modelisation,thermique,neuro_comportement_cognition;dosimetrie_exposition,Nanotechnology,Effect of surfactant functionalization on Fe3O4aqueous ferrofluid stability and magnetic hyperthermia performance.,https://pubmed.ncbi.nlm.nih.gov/42302816/,dosimetrie_modelisation/thermique/2026_42302816_effect-of-surfactant-functionalization-on-fe3o4aqu.md
42360684,10.1186/s40580-026-00558-w,2026,dosimetrie_modelisation,thermique,cancer;dosimetrie_exposition,Nano convergence,Synergistic photothermal and magnetothermal heat generation with Sc-doped iron oxide nanoflakes: a platform for potential bimodal tumor therapy.,https://pubmed.ncbi.nlm.nih.gov/42360684/,dosimetrie_modelisation/thermique/2026_42360684_synergistic-photothermal-and-magnetothermal-heat-g.md
42569626,10.2147/NSA.S628375,2026,dosimetrie_modelisation,thermique,dosimetrie_exposition,"Nanotechnology, science and applications","Biogenic Nickel Ferrite Nanoparticles Synthesized From Agro-Waste: Green Synthesis, Physicochemical Characterization, and Potential for Magnetic Hyperthermia Applications.",https://pubmed.ncbi.nlm.nih.gov/42569626/,dosimetrie_modelisation/thermique/2026_42569626_biogenic-nickel-ferrite-nanoparticles-synthesized.md
42582817,10.1109/access.2026.3713428,2026,dosimetrie_modelisation,thermique,dosimetrie_exposition,"IEEE access : practical innovations, open solutions",Reducing RF-Induced Heating of DBS in 3 T MRI Using Dual-Role Receive Arrays as Wireless Resonators: A Simulation Study.,https://pubmed.ncbi.nlm.nih.gov/42582817/,dosimetrie_modelisation/thermique/2026_42582817_reducing-rf-induced-heating-of-dbs-in-3-t-mri-usin.md
42726541,10.3390/nano16171065,2026,dosimetrie_modelisation,thermique,dosimetrie_exposition,"Nanomaterials (Basel, Switzerland)","Design and Physicochemical Characterization of a Multifunctional Maisine-Based Microemulsion Incorporating Doxorubicin@Mn-Doped Magnetite Nanoparticles for MRI, Hyperthermia, and Drug Delivery.",https://pubmed.ncbi.nlm.nih.gov/42726541/,dosimetrie_modelisation/thermique/2026_42726541_design-and-physicochemical-characterization-of-a-m.md
42726545,10.3390/nano16171069,2026,dosimetrie_modelisation,thermique,dosimetrie_exposition,"Nanomaterials (Basel, Switzerland)",From Dipolar Interactions to Tissue Heating: A Multiscale Model for Magnetic Hyperthermia.,https://pubmed.ncbi.nlm.nih.gov/42726545/,dosimetrie_modelisation/thermique/2026_42726545_from-dipolar-interactions-to-tissue-heating-a-mult.md
42759781,10.1016/j.neuroimage.2026.122244,2026,dosimetrie_modelisation,thermique,dosimetrie_exposition,NeuroImage,Head-only MRI of deep brain stimulation devices at 0.5 T: Patient-derived approaches for estimating radiofrequency heating.,https://pubmed.ncbi.nlm.nih.gov/42759781/,dosimetrie_modelisation/thermique/2026_42759781_head-only-mri-of-deep-brain-stimulation-devices-at.md
39760845,10.1007/s13246-024-01508-8,2025,dosimetrie_modelisation,thermique,neuro_comportement_cognition;dosimetrie_exposition,,Memory enhancement by transcranial radiofrequency wave treatment occurs without appreciably increasing brain temperature.,https://pubmed.ncbi.nlm.nih.gov/39760845/,dosimetrie_modelisation/thermique/2025_39760845_memory-enhancement-by-transcranial-radiofrequency.md
40255192,10.1080/02656736.2025.2491518,2025,dosimetrie_modelisation,thermique,cancer;dosimetrie_exposition,"International journal of hyperthermia : the official journal of European Society for Hyperthermic Oncology, North American Hyperthermia Group",Use of radiofrequency electromagnetic fields applied by capacitive hyperthermia for glioblastoma therapy.,https://pubmed.ncbi.nlm.nih.gov/40255192/,dosimetrie_modelisation/thermique/2025_40255192_use-of-radiofrequency-electromagnetic-fields-appli.md
40432039,10.3390/s25103247,2025,dosimetrie_modelisation,thermique,dosimetrie_exposition,,Assessment of RF Electromagnetic Exposure to Car Driver from Monopole Array Antennas in V2V Communications Considering Thermal Characteristics.,https://pubmed.ncbi.nlm.nih.gov/40432039/,dosimetrie_modelisation/thermique/2025_40432039_assessment-of-rf-electromagnetic-exposure-to-car-d.md
40437036,10.1038/s41598-025-01599-7,2025,dosimetrie_modelisation,thermique,dosimetrie_exposition,,Experimental analysis of metamaterial integrated applicator for hyperthermia cancer treatment.,https://pubmed.ncbi.nlm.nih.gov/40437036/,dosimetrie_modelisation/thermique/2025_40437036_experimental-analysis-of-metamaterial-integrated-a.md
41364971,10.1088/1361-6560/ae2aa3,2025,dosimetrie_modelisation,thermique,dosimetrie_exposition,Physics in medicine and biology,Compressed sensing based optimization of electromagnetic field measurements required for quality assurance of hyperthermia applicators.,https://pubmed.ncbi.nlm.nih.gov/41364971/,dosimetrie_modelisation/thermique/2025_41364971_compressed-sensing-based-optimization-of-electroma.md
41367692,10.1039/d5ra08039h,2025,dosimetrie_modelisation,thermique,stress_oxydatif;dosimetrie_exposition,RSC advances,"Gd3+ engineered Co-Mn-Mg spinel nanoferrites for multifunctional theranostics: magnetic hyperthermia, antioxidant hepatoprotection, and antibacterial activity.",https://pubmed.ncbi.nlm.nih.gov/41367692/,dosimetrie_modelisation/thermique/2025_41367692_gd3-engineered-co-mn-mg-spinel-nanoferrites-for-mu.md
41397352,10.1088/1361-6560/ae2ce1,2025,dosimetrie_modelisation,thermique,dosimetrie_exposition,Physics in medicine and biology,Intercomparisons of computed epithelial/absorbed power density and temperature rise in anatomical human face models under localized exposures at 10 GHz and 30 GHz.,https://pubmed.ncbi.nlm.nih.gov/41397352/,dosimetrie_modelisation/thermique/2025_41397352_intercomparisons-of-computed-epithelial-absorbed-p.md
41454125,10.1038/s41598-025-33460-2,2025,dosimetrie_modelisation,thermique,dosimetrie_exposition,,"Parametric analysis of electromagnetic wave interactions with layered biological tissues for varying frequency, polarization, and fat thickness.",https://pubmed.ncbi.nlm.nih.gov/41454125/,dosimetrie_modelisation/thermique/2025_41454125_parametric-analysis-of-electromagnetic-wave-intera.md
41470401,10.3390/ma18245629,2025,dosimetrie_modelisation,thermique,dosimetrie_exposition,"Materials (Basel, Switzerland)",Chitosan-Coated Fe3O4 Nanoparticles for Magnetic Hyperthermia.,https://pubmed.ncbi.nlm.nih.gov/41470401/,dosimetrie_modelisation/thermique/2025_41470401_chitosan-coated-fe3o4-nanoparticles-for-magnetic-h.md
41488518,10.1039/d5ra08765a,2025,dosimetrie_modelisation,thermique,neuro_comportement_cognition;dosimetrie_exposition,RSC advances,Molybdenum-doped La0.7Sr0.3MnO3 nanoparticles: tuning magnetic and heating properties for magnetic hyperthermia.,https://pubmed.ncbi.nlm.nih.gov/41488518/,dosimetrie_modelisation/thermique/2025_41488518_molybdenum-doped-la0-7sr0-3mno3-nanoparticles-tuni.md
38476868,10.3389/fnins.2024.1331416,2024,dosimetrie_modelisation,thermique,dosimetrie_exposition,,The thermal sensation threshold and its reliability induced by the exposure to 28 GHz millimeter-wave.,https://pubmed.ncbi.nlm.nih.gov/38476868/,dosimetrie_modelisation/thermique/2024_38476868_the-thermal-sensation-threshold-and-its-reliabilit.md
38545209,10.1016/j.heliyon.2024.e28061,2024,dosimetrie_modelisation,thermique,cancer,,Design method of a focusing dielectric lens antenna and temperature increment measurement at the focusing spot.,https://pubmed.ncbi.nlm.nih.gov/38545209/,dosimetrie_modelisation/thermique/2024_38545209_design-method-of-a-focusing-dielectric-lens-antenn.md
38605987,10.3389/fbioe.2024.1378084,2024,dosimetrie_modelisation,thermique,cancer,,Radio frequency hyperthermia system for skin tightening effect by filled waveguide aperture antenna with compact metamaterials.,https://pubmed.ncbi.nlm.nih.gov/38605987/,dosimetrie_modelisation/thermique/2024_38605987_radio-frequency-hyperthermia-system-for-skin-tight.md
39559194,10.1016/j.heliyon.2024.e40109,2024,dosimetrie_modelisation,thermique,neuro_comportement_cognition;dosimetrie_exposition,,Thermal wave and Pennes' models of bioheat transfer in human skin: A transient comparative analysis.,https://pubmed.ncbi.nlm.nih.gov/39559194/,dosimetrie_modelisation/thermique/2024_39559194_thermal-wave-and-pennes-models-of-bioheat-transfer.md
36850949,10.3390/s23042351,2023,dosimetrie_modelisation,thermique,,,Investigation of Microwave Electromagnetic Fields in Open and Shielded Areas and Their Possible Effects on Biological Structure.,https://pubmed.ncbi.nlm.nih.gov/36850949/,dosimetrie_modelisation/thermique/2023_36850949_investigation-of-microwave-electromagnetic-fields.md
37514884,10.3390/s23146592,2023,dosimetrie_modelisation,thermique,cancer;dosimetrie_exposition,,Comparison of Microwave Hyperthermia Applicator Designs with Fora Dipole and Connected Array.,https://pubmed.ncbi.nlm.nih.gov/37514884/,dosimetrie_modelisation/thermique/2023_37514884_comparison-of-microwave-hyperthermia-applicator-de.md
35613372,10.1097/HP.0000000000001581,2022,dosimetrie_modelisation,thermique,dosimetrie_exposition,Health physics,Analysis of ICNIRP 2020 Basic Restrictions for Localized Radiofrequency Exposure in the Frequency Range above 6 GHz.,https://pubmed.ncbi.nlm.nih.gov/35613372/,dosimetrie_modelisation/thermique/2022_35613372_analysis-of-icnirp-2020-basic-restrictions-for-loc.md
33206197,10.1667/RADE-20-00101.1,2021,dosimetrie_modelisation,thermique,dosimetrie_exposition,Radiation research,Radiofrequency Fields and Calcium Movements Into and Out of Cells.,https://pubmed.ncbi.nlm.nih.gov/33206197/,dosimetrie_modelisation/thermique/2021_33206197_radiofrequency-fields-and-calcium-movements-into-a.md
30675237,10.3892/ol.2018.9789,2019,dosimetrie_modelisation,thermique,,Oncology letters,"High ambient radiofrequency radiation in Stockholm city, Sweden.",https://pubmed.ncbi.nlm.nih.gov/30675237/,dosimetrie_modelisation/thermique/2019_30675237_high-ambient-radiofrequency-radiation-in-stockholm.md
31033707,10.1097/HP.0000000000001077,2019,dosimetrie_modelisation,thermique,,Health physics,Personal Exposure to Radiofrequency Electromagnetic Fields Among Palestinian Adults.,https://pubmed.ncbi.nlm.nih.gov/31033707/,dosimetrie_modelisation/thermique/2019_31033707_personal-exposure-to-radiofrequency-electromagneti.md
31125321,10.1097/HP.0000000000001036,2019,dosimetrie_modelisation,thermique,dosimetrie_exposition,Health physics,Model of Steady-state Temperature Rise in Multilayer Tissues Due to Narrow-beam Millimeter-wave Radiofrequency Field Exposure.,https://pubmed.ncbi.nlm.nih.gov/31125321/,dosimetrie_modelisation/thermique/2019_31125321_model-of-steady-state-temperature-rise-in-multilay.md
29957690,10.1097/HP.0000000000000854,2018,dosimetrie_modelisation,thermique,dosimetrie_exposition,Health physics,Modeling Tissue Heating From Exposure to Radiofrequency Energy and Relevance of Tissue Heating to Exposure Limits: Heating Factor.,https://pubmed.ncbi.nlm.nih.gov/29957690/,dosimetrie_modelisation/thermique/2018_29957690_modeling-tissue-heating-from-exposure-to-radiofreq.md
30247338,10.1097/HP.0000000000000930,2018,dosimetrie_modelisation,thermique,dosimetrie_exposition,Health physics,Systematic Derivation of Safety Limits for Time-Varying 5G Radiofrequency Exposure Based on Analytical Models and Thermal Dose.,https://pubmed.ncbi.nlm.nih.gov/30247338/,dosimetrie_modelisation/thermique/2018_30247338_systematic-derivation-of-safety-limits-for-time-va.md
28342187,10.1002/bem.22048,2017,dosimetrie_modelisation,thermique,,Bioelectromagnetics,Effect of adverse environmental conditions and protective clothing on temperature rise in a human body exposed to radiofrequency electromagnetic fields.,https://pubmed.ncbi.nlm.nih.gov/28342187/,dosimetrie_modelisation/thermique/2017_28342187_effect-of-adverse-environmental-conditions-and-pro.md
28413651,10.3892/mco.2017.1180,2017,dosimetrie_modelisation,thermique,dosimetrie_exposition,Molecular and clinical oncology,"High radiofrequency radiation at Stockholm Old Town: An exposimeter study including the Royal Castle, Supreme Court, three major squares and the Swedish Parliament.",https://pubmed.ncbi.nlm.nih.gov/28413651/,dosimetrie_modelisation/thermique/2017_28413651_high-radiofrequency-radiation-at-stockholm-old-tow.md
28542010,10.1097/HP.0000000000000671,2017,dosimetrie_modelisation,thermique,dosimetrie_exposition,Health physics,Thermal Modeling for the Next Generation of Radiofrequency Exposure Limits: Commentary.,https://pubmed.ncbi.nlm.nih.gov/28542010/,dosimetrie_modelisation/thermique/2017_28542010_thermal-modeling-for-the-next-generation-of-radiof.md
25978146,10.1088/0952-4746/35/2/429,2015,dosimetrie_modelisation,thermique,,Journal of radiological protection : official journal of the Society for Radiological Protection,Occupational exposures to radiofrequency fields: results of an Israeli national survey.,https://pubmed.ncbi.nlm.nih.gov/25978146/,dosimetrie_modelisation/thermique/2015_25978146_occupational-exposures-to-radiofrequency-fields-re.md
23675617,10.3109/15368378.2013.776349,2013,dosimetrie_modelisation,thermique,,Electromagnetic biology and medicine,Electromagnetic field occupational exposure: non-thermal vs. thermal effects.,https://pubmed.ncbi.nlm.nih.gov/23675617/,dosimetrie_modelisation/thermique/2013_23675617_electromagnetic-field-occupational-exposure-non-th.md
21591902,10.3109/02656736.2010.534528,2011,dosimetrie_modelisation,thermique,dosimetrie_exposition,"International journal of hyperthermia : the official journal of European Society for Hyperthermic Oncology, North American Hyperthermia Group",Health Council of The Netherlands: no need to change from SAR to time-temperature relation in electromagnetic fields exposure limits.,https://pubmed.ncbi.nlm.nih.gov/21591902/,dosimetrie_modelisation/thermique/2011_21591902_health-council-of-the-netherlands-no-need-to-chang.md
20844329,10.1088/0031-9155/55/19/016,2010,dosimetrie_modelisation,thermique,,Physics in medicine and biology,"Temperature changes associated with radiofrequency exposure near authentic metallic implants in the head phantom--a near field simulation study with 900, 1800 and 2450 MHz dipole.",https://pubmed.ncbi.nlm.nih.gov/20844329/,dosimetrie_modelisation/thermique/2010_20844329_temperature-changes-associated-with-radiofrequency.md
14989757,10.1186/1475-925X-3-4,2004,dosimetrie_modelisation,thermique,,Biomedical engineering online,Modeling thermal responses in human subjects following extended exposure to radiofrequency energy.,https://pubmed.ncbi.nlm.nih.gov/14989757/,dosimetrie_modelisation/thermique/2004_14989757_modeling-thermal-responses-in-human-subjects-follo.md
3679824,10.1097/00004032-198712000-00003,1987,dosimetrie_modelisation,thermique,,Health physics,Radiofrequency radiation activities and issues: a 1986 perspective.,https://pubmed.ncbi.nlm.nih.gov/3679824/,dosimetrie_modelisation/thermique/1987_3679824_radiofrequency-radiation-activities-and-issues-a-1.md
41186132,10.1111/1754-9485.70039,2026,epidemiologie,cancer,,Journal of medical imaging and radiation oncology,Utility of Quantitative Parameters From Triple-Phase Contrast Enhanced Dual-Energy CT for Predicting Immunohistochemical Biomarkers in Invasive Breast Cancer.,https://pubmed.ncbi.nlm.nih.gov/41186132/,epidemiologie/cancer/2026_41186132_utility-of-quantitative-parameters-from-triple-pha.md
41251127,10.1002/ijc.70255,2026,epidemiologie,cancer,,International journal of cancer,Personal radio use and risk of cancers among police officers in Great Britain: Results from the airwave health monitoring study.,https://pubmed.ncbi.nlm.nih.gov/41251127/,epidemiologie/cancer/2026_41251127_personal-radio-use-and-risk-of-cancers-among-polic.md
41669464,10.21037/qims-2025-862,2026,epidemiologie,cancer,,Quantitative imaging in medicine and surgery,Diagnostic efficacy of dual-energy computed tomography-based fractal analysis for assessing extramural venous invasion/tumor deposits and peripheral nerve invasion in rectal cancer.,https://pubmed.ncbi.nlm.nih.gov/41669464/,epidemiologie/cancer/2026_41669464_diagnostic-efficacy-of-dual-energy-computed-tomogr.md
41753103,10.3390/jcm15041415,2026,epidemiologie,cancer,,,CT-Guided Lung Biopsy Using Dual-Energy Iodine Mapping to Target Lung Masses with Necrotic Tissue-A Proof-of-Concept Study.,https://pubmed.ncbi.nlm.nih.gov/41753103/,epidemiologie/cancer/2026_41753103_ct-guided-lung-biopsy-using-dual-energy-iodine-map.md
41763072,10.1016/j.ejrad.2026.112747,2026,epidemiologie,cancer,,European journal of radiology,Predicting axillary lymph node metastasis in clinical T1/2 stage breast cancer using iodine map-derived multi-region radiomics and multi-modality imaging characteristics.,https://pubmed.ncbi.nlm.nih.gov/41763072/,epidemiologie/cancer/2026_41763072_predicting-axillary-lymph-node-metastasis-in-clini.md
42147883,10.21037/qims-2025-aw-2383,2026,epidemiologie,cancer,,,Dual-phase dual-energy computed tomography (DECT) in assessing recurrence-associated histopathological features of parotid pleomorphic adenoma.,https://pubmed.ncbi.nlm.nih.gov/42147883/,epidemiologie/cancer/2026_42147883_dual-phase-dual-energy-computed-tomography-dect-in.md
42440112,10.1007/s00261-026-05677-w,2026,epidemiologie,cancer,,Abdominal radiology (New York),Integrated dual-energy CT spectral kinetics and subregional habitat phenotyping for preoperative prediction of perineural invasion in gastric adenocarcinoma.,https://pubmed.ncbi.nlm.nih.gov/42440112/,epidemiologie/cancer/2026_42440112_integrated-dual-energy-ct-spectral-kinetics-and-su.md
42640753,10.1177/02841851261477082,2026,epidemiologie,cancer,,,Added value of dual-energy CT to ultrasound assessment for AJCC 8th staging of papillary thyroid carcinoma.,https://pubmed.ncbi.nlm.nih.gov/42640753/,epidemiologie/cancer/2026_42640753_added-value-of-dual-energy-ct-to-ultrasound-assess.md
39301814,10.1002/ijc.35182,2025,epidemiologie,cancer,,International journal of cancer,Occupational exposure to radiofrequency electromagnetic fields and brain tumor risk: Application of the INTEROCC job-exposure matrix.,https://pubmed.ncbi.nlm.nih.gov/39301814/,epidemiologie/cancer/2025_39301814_occupational-exposure-to-radiofrequency-electromag.md
41357589,10.3389/fonc.2025.1698927,2025,epidemiologie,cancer,,Frontiers in oncology,Dual-energy CT-based nomogram for predicting progression-free survival in locally advanced nasopharyngeal carcinoma.,https://pubmed.ncbi.nlm.nih.gov/41357589/,epidemiologie/cancer/2025_41357589_dual-energy-ct-based-nomogram-for-predicting-progr.md
41367803,10.21037/qims-2025-124,2025,epidemiologie,cancer,,Quantitative imaging in medicine and surgery,Dual-energy CT for distinguishing between T3 and T4 stages of locally advanced nasopharyngeal carcinoma.,https://pubmed.ncbi.nlm.nih.gov/41367803/,epidemiologie/cancer/2025_41367803_dual-energy-ct-for-distinguishing-between-t3-and-t.md
41623445,10.4103/jrms.jrms_679_25,2025,epidemiologie,cancer,reproduction,Journal of research in medical sciences : the official journal of Isfahan University of Medical Sciences,Radiofrequency radiation from mobile phones and the risk of breast cancer: A multicenter case-control study with an additional suspected comparison group.,https://pubmed.ncbi.nlm.nih.gov/41623445/,epidemiologie/cancer/2025_41623445_radiofrequency-radiation-from-mobile-phones-and-th.md
38458118,10.1016/j.envint.2024.108552,2024,epidemiologie,cancer,,Environment international,"Mobile phone use and brain tumour risk - COSMOS, a prospective cohort study.",https://pubmed.ncbi.nlm.nih.gov/38458118/,epidemiologie/cancer/2024_38458118_mobile-phone-use-and-brain-tumour-risk-cosmos-a-pr.md
38677087,10.1016/j.envint.2024.108665,2024,epidemiologie,cancer,,Environment international,Letter to the editor.,https://pubmed.ncbi.nlm.nih.gov/38677087/,epidemiologie/cancer/2024_38677087_letter-to-the-editor.md
39241333,10.1016/j.envint.2024.108983,2024,epidemiologie,cancer,neurodeveloppement,Environment international,The effect of exposure to radiofrequency fields on cancer risk in the general and working population: A systematic review of human observational studies - Part I: Most researched outcomes.,https://pubmed.ncbi.nlm.nih.gov/39241333/,epidemiologie/cancer/2024_39241333_the-effect-of-exposure-to-radiofrequency-fields-on.md
36279918,10.1016/j.envres.2022.114610,2023,epidemiologie,cancer,dosimetrie_exposition,Environmental research,On radar and radio exposure and cancer in the military setting.,https://pubmed.ncbi.nlm.nih.gov/36279918/,epidemiologie/cancer/2023_36279918_on-radar-and-radio-exposure-and-cancer-in-the-mili.md
36738768,10.1016/j.envres.2023.115422,2023,epidemiologie,cancer,,Environmental research,Effects of generalization descriptions on risk perception.,https://pubmed.ncbi.nlm.nih.gov/36738768/,epidemiologie/cancer/2023_36738768_effects-of-generalization-descriptions-on-risk-per.md
36906274,10.1016/j.envres.2023.115657,2023,epidemiologie,cancer,,Environmental research,The relationship between radiofrequency-electromagnetic radiation from cell phones and brain tumor: The brain tumor incidence trends in South Korea.,https://pubmed.ncbi.nlm.nih.gov/36906274/,epidemiologie/cancer/2023_36906274_the-relationship-between-radiofrequency-electromag.md
36041243,10.1016/j.envint.2022.107487,2022,epidemiologie,cancer,,Environment international,"Time trends in mobile phone use and glioma incidence among males in the Nordic Countries, 1979-2016.",https://pubmed.ncbi.nlm.nih.gov/36041243/,epidemiologie/cancer/2022_36041243_time-trends-in-mobile-phone-use-and-glioma-inciden.md
32956078,10.1097/CEJ.0000000000000629,2021,epidemiologie,cancer,,European journal of cancer prevention : the official journal of the European Cancer Prevention Organisation (ECP),A case-control study on dietary calcium intake and risk of glioma.,https://pubmed.ncbi.nlm.nih.gov/32956078/,epidemiologie/cancer/2021_32956078_a-case-control-study-on-dietary-calcium-intake-and.md
34029549,10.1016/j.envres.2021.111283,2021,epidemiologie,cancer,,Environmental research,Cell phone use and the risk of glioma: are case-control study findings consistent with Canadian time trends in cancer incidence?,https://pubmed.ncbi.nlm.nih.gov/34029549/,epidemiologie/cancer/2021_34029549_cell-phone-use-and-the-risk-of-glioma-are-case-con.md
30446214,10.1016/j.annepidem.2018.10.004,2019,epidemiologie,cancer,neurodeveloppement,Annals of epidemiology,Cell phone use and risk of thyroid cancer: a population-based case-control study in Connecticut.,https://pubmed.ncbi.nlm.nih.gov/30446214/,epidemiologie/cancer/2019_30446214_cell-phone-use-and-risk-of-thyroid-cancer-a-popula.md
31612047,10.3892/ol.2019.10899,2019,epidemiologie,cancer,dosimetrie_exposition,Oncology letters,Radiofrequency radiation from nearby mobile phone base stations-a case comparison of one low and one high exposure apartment.,https://pubmed.ncbi.nlm.nih.gov/31612047/,epidemiologie/cancer/2019_31612047_radiofrequency-radiation-from-nearby-mobile-phone.md
29500663,10.1007/s11060-018-2816-6,2018,epidemiologie,cancer,neuro_comportement_cognition,Journal of neuro-oncology,Allergic conditions and risk of glioma and meningioma in the CERENAT case-control study.,https://pubmed.ncbi.nlm.nih.gov/29500663/,epidemiologie/cancer/2018_29500663_allergic-conditions-and-risk-of-glioma-and-meningi.md
29709736,10.1016/j.wneu.2018.04.122,2018,epidemiologie,cancer,,World neurosurgery,Wireless Phone Use and Risk of Adult Glioma: Evidence from a Meta-Analysis.,https://pubmed.ncbi.nlm.nih.gov/29709736/,epidemiologie/cancer/2018_29709736_wireless-phone-use-and-risk-of-adult-glioma-eviden.md
30196934,10.1016/j.envres.2018.06.043,2018,epidemiologie,cancer,neuro_comportement_cognition,Environmental research,"Cancer epidemiology update, following the 2011 IARC evaluation of radiofrequency electromagnetic fields (Monograph 102).",https://pubmed.ncbi.nlm.nih.gov/30196934/,epidemiologie/cancer/2018_30196934_cancer-epidemiology-update-following-the-2011-iarc.md
27738083,10.1093/rpd/ncw283,2017,epidemiologie,cancer,,Radiation protection dosimetry,Radiofrequency Exposure Amongst Employees of Mobile Network Operators and Broadcasters.,https://pubmed.ncbi.nlm.nih.gov/27738083/,epidemiologie/cancer/2017_27738083_radiofrequency-exposure-amongst-employees-of-mobil.md
27050182,,2016,epidemiologie,cancer,,The Gulf journal of oncology,Mobile Phone Use and the Risk of Parotid Gland Tumors: A Retrospective Case-Control Study.,https://pubmed.ncbi.nlm.nih.gov/27050182/,epidemiologie/cancer/2016_27050182_mobile-phone-use-and-the-risk-of-parotid-gland-tum.md
26726040,10.5620/eht.e2015015,2015,epidemiologie,cancer,,Environmental health and toxicology,Mobile phone use and risk of glioma: a case-control study in Korea for 2002-2007.,https://pubmed.ncbi.nlm.nih.gov/26726040/,epidemiologie/cancer/2015_26726040_mobile-phone-use-and-risk-of-glioma-a-case-control.md
23975478,10.1007/s13277-013-1081-8,2014,epidemiologie,cancer,,Tumour biology : the journal of the International Society for Oncodevelopmental Biology and Medicine,Association between vestibular schwannomas and mobile phone use.,https://pubmed.ncbi.nlm.nih.gov/23975478/,epidemiologie/cancer/2014_23975478_association-between-vestibular-schwannomas-and-mob.md
25249839,10.2203/dose-response.14-012.Vijayalaxmi,2014,epidemiologie,cancer,,Dose-response : a publication of International Hormesis Society,"Mobile phones, non-ionizing radiofrequency fields and brain cancer: is there an adaptive response?",https://pubmed.ncbi.nlm.nih.gov/25249839/,epidemiologie/cancer/2014_25249839_mobile-phones-non-ionizing-radiofrequency-fields-a.md
23534787,10.7314/apjcp.2013.14.1.523,2013,epidemiologie,cancer,,Asian Pacific journal of cancer prevention : APJCP,Electromagnetic field exposure and male breast cancer risk: a meta-analysis of 18 studies.,https://pubmed.ncbi.nlm.nih.gov/23534787/,epidemiologie/cancer/2013_23534787_electromagnetic-field-exposure-and-male-breast-can.md
23657200,10.1093/ije/dyt072,2013,epidemiologie,cancer,,International journal of epidemiology,Mobile phone use and risk of brain neoplasms and other cancers: prospective study.,https://pubmed.ncbi.nlm.nih.gov/23657200/,epidemiologie/cancer/2013_23657200_mobile-phone-use-and-risk-of-brain-neoplasms-and-o.md
20589524,10.1007/s11060-010-0280-z,2011,epidemiologie,cancer,,Journal of neuro-oncology,Association between number of cell phone contracts and brain tumor incidence in nineteen U.S. States.,https://pubmed.ncbi.nlm.nih.gov/20589524/,epidemiologie/cancer/2011_20589524_association-between-number-of-cell-phone-contracts.md
20145992,10.1007/s10549-010-0782-6,2010,epidemiologie,cancer,,Breast cancer research and treatment,"Extremely low-frequency electromagnetic fields exposure and female breast cancer risk: a meta-analysis based on 24,338 cases and 60,628 controls.",https://pubmed.ncbi.nlm.nih.gov/20145992/,epidemiologie/cancer/2010_20145992_extremely-low-frequency-electromagnetic-fields-exp.md
18256587,10.1038/sj.bjc.6604214,2008,epidemiologie,cancer,dosimetrie_exposition,British journal of cancer,"Mobile phone use, exposure to radiofrequency electromagnetic field, and brain tumour: a case-control study.",https://pubmed.ncbi.nlm.nih.gov/18256587/,epidemiologie/cancer/2008_18256587_mobile-phone-use-exposure-to-radiofrequency-electr.md
16428250,10.1136/bmj.38720.687975.55,2006,epidemiologie,cancer,neurodeveloppement,BMJ (Clinical research ed.),Mobile phone use and risk of glioma in adults: case-control study.,https://pubmed.ncbi.nlm.nih.gov/16428250/,epidemiologie/cancer/2006_16428250_mobile-phone-use-and-risk-of-glioma-in-adults-case.md
16808597,10.1667/RR3581.1,2006,epidemiologie,cancer,dosimetrie_exposition,Radiation research,"Radiofrequency electromagnetic fields emitted from base stations of DECT cordless phones and the risk of glioma and meningioma (Interphone Study Group, Germany).",https://pubmed.ncbi.nlm.nih.gov/16808597/,epidemiologie/cancer/2006_16808597_radiofrequency-electromagnetic-fields-emitted-from.md
16818464,10.1093/aje/kwj242,2006,epidemiologie,cancer,,American journal of epidemiology,Mobile phone use and risk of parotid gland tumor.,https://pubmed.ncbi.nlm.nih.gov/16818464/,epidemiologie/cancer/2006_16818464_mobile-phone-use-and-risk-of-parotid-gland-tumor.md
15746469,10.1093/aje/kwi091,2005,epidemiologie,cancer,,American journal of epidemiology,Long-term mobile phone use and brain tumor risk.,https://pubmed.ncbi.nlm.nih.gov/15746469/,epidemiologie/cancer/2005_15746469_long-term-mobile-phone-use-and-brain-tumor-risk.md
12496061,,2002,epidemiologie,cancer,,"Cancer epidemiology, biomarkers & prevention : a publication of the American Association for Cancer Research, cosponsored by the American Society of Preventive Oncology",Interactive effect of chemical substances and occupational electromagnetic field exposure on the risk of gliomas and meningiomas in Swedish men.,https://pubmed.ncbi.nlm.nih.gov/12496061/,epidemiologie/cancer/2002_12496061_interactive-effect-of-chemical-substances-and-occu.md
11021607,10.1097/00001648-200003000-00007,2000,epidemiologie,cancer,,"Epidemiology (Cambridge, Mass.)",Radiofrequency exposure and mortality from cancer of the brain and lymphatic/hematopoietic systems.,https://pubmed.ncbi.nlm.nih.gov/11021607/,epidemiologie/cancer/2000_11021607_radiofrequency-exposure-and-mortality-from-cancer.md
10229715,10.1289/ehp.99107s1155,1999,epidemiologie,cancer,,Environmental health perspectives,A critical review of epidemiologic studies of radiofrequency exposure and human cancers.,https://pubmed.ncbi.nlm.nih.gov/10229715/,epidemiologie/cancer/1999_10229715_a-critical-review-of-epidemiologic-studies-of-radi.md
10468425,,1999,epidemiologie,cancer,,"Epidemiology (Cambridge, Mass.)",Adult glioma in relation to residential power frequency electromagnetic field exposures in the San Francisco Bay area.,https://pubmed.ncbi.nlm.nih.gov/10468425/,epidemiologie/cancer/1999_10468425_adult-glioma-in-relation-to-residential-power-freq.md
8218879,10.1007/BF00050866,1993,epidemiologie,cancer,,Cancer causes & control : CCC,Occupational exposure to electromagnetic fields in relation to leukemia and brain tumors: a case-control study in Sweden.,https://pubmed.ncbi.nlm.nih.gov/8218879/,epidemiologie/cancer/1993_8218879_occupational-exposure-to-electromagnetic-fields-in.md
2016656,,1991,epidemiologie,cancer,,Journal of occupational medicine. : official publication of the Industrial Medical Association,Electromagnetic field exposure and leukemia mortality in the United States.,https://pubmed.ncbi.nlm.nih.gov/2016656/,epidemiologie/cancer/1991_2016656_electromagnetic-field-exposure-and-leukemia-mortal.md
2372008,10.1093/oxfordjournals.aje.a115658,1990,epidemiologie,cancer,neurodeveloppement,American journal of epidemiology,Incidence of leukemia in occupations with potential electromagnetic field exposure in United States Navy personnel.,https://pubmed.ncbi.nlm.nih.gov/2372008/,epidemiologie/cancer/1990_2372008_incidence-of-leukemia-in-occupations-with-potentia.md
4020499,,1985,epidemiologie,cancer,,Journal of occupational medicine. : official publication of the Industrial Medical Association,Occupational exposure to electromagnetic fields and the occurrence of brain tumors. An analysis of possible associations.,https://pubmed.ncbi.nlm.nih.gov/4020499/,epidemiologie/cancer/1985_4020499_occupational-exposure-to-electromagnetic-fields-an.md
42606958,10.1152/jn.00554.2025,2026,epidemiologie,dosimetrie_exposition,,,Pain threshold induced by local exposure to millimeter waves on human skin.,https://pubmed.ncbi.nlm.nih.gov/42606958/,epidemiologie/dosimetrie_exposition/2026_42606958_pain-threshold-induced-by-local-exposure-to-millim.md
37722304,10.1016/j.envint.2023.108156,2023,epidemiologie,dosimetrie_exposition,,Environment international,Personal exposure to radiofrequency electromagnetic fields in various occupations in Spain and France.,https://pubmed.ncbi.nlm.nih.gov/37722304/,epidemiologie/dosimetrie_exposition/2023_37722304_personal-exposure-to-radiofrequency-electromagneti.md
33285159,10.1016/j.envres.2020.110583,2021,epidemiologie,dosimetrie_exposition,neuro_comportement_cognition,Environmental research,Health disturbances and exposure to radiofrequency electromagnetic fields from mobile-phone base stations in French urban areas.,https://pubmed.ncbi.nlm.nih.gov/33285159/,epidemiologie/dosimetrie_exposition/2021_33285159_health-disturbances-and-exposure-to-radiofrequency.md
29547352,10.1667/RR14952.1,2018,epidemiologie,dosimetrie_exposition,,Radiation research,Estimates of Environmental Exposure to Radiofrequency Electromagnetic Fields and Risk of Lymphoma Subtypes.,https://pubmed.ncbi.nlm.nih.gov/29547352/,epidemiologie/dosimetrie_exposition/2018_29547352_estimates-of-environmental-exposure-to-radiofreque.md
30227317,10.1016/j.envint.2018.08.064,2018,epidemiologie,dosimetrie_exposition,,Environment international,Individual variation in temporal relationships between exposure to radiofrequency electromagnetic fields and non-specific physical symptoms: A new approach in studying 'electrosensitivity'.,https://pubmed.ncbi.nlm.nih.gov/30227317/,epidemiologie/dosimetrie_exposition/2018_30227317_individual-variation-in-temporal-relationships-bet.md
30321997,10.3390/ijerph15102234,2018,epidemiologie,dosimetrie_exposition,,International journal of environmental research and public health,Personal Exposure to Radio Frequency Electromagnetic Fields among Australian Adults.,https://pubmed.ncbi.nlm.nih.gov/30321997/,epidemiologie/dosimetrie_exposition/2018_30321997_personal-exposure-to-radio-frequency-electromagnet.md
27011934,10.4103/2231-0762.175413,2016,epidemiologie,dosimetrie_exposition,eeg_sommeil,Journal of International Society of Preventive & Community Dentistry,Effect of electromagnetic radiations from mobile phone base stations on general health and salivary function.,https://pubmed.ncbi.nlm.nih.gov/27011934/,epidemiologie/dosimetrie_exposition/2016_27011934_effect-of-electromagnetic-radiations-from-mobile-p.md
27219506,10.1016/j.scitotenv.2016.05.021,2016,epidemiologie,dosimetrie_exposition,,The Science of the total environment,Clinically defined non-specific symptoms in the vicinity of mobile phone base stations: A retrospective before-after study.,https://pubmed.ncbi.nlm.nih.gov/27219506/,epidemiologie/dosimetrie_exposition/2016_27219506_clinically-defined-non-specific-symptoms-in-the-vi.md
24632329,10.1016/j.envint.2014.02.008,2014,epidemiologie,dosimetrie_exposition,,Environment international,Modelling indoor electromagnetic fields (EMF) from mobile phone base stations for epidemiological studies.,https://pubmed.ncbi.nlm.nih.gov/24632329/,epidemiologie/dosimetrie_exposition/2014_24632329_modelling-indoor-electromagnetic-fields-emf-from-m.md
23988360,10.1136/bmjopen-2013-002933,2013,epidemiologie,dosimetrie_exposition,,BMJ open,Design of an ecological momentary assessment study of exposure to radiofrequency electromagnetic fields and non-specific physical symptoms.,https://pubmed.ncbi.nlm.nih.gov/23988360/,epidemiologie/dosimetrie_exposition/2013_23988360_design-of-an-ecological-momentary-assessment-study.md
21411077,10.1016/j.envres.2011.02.015,2011,epidemiologie,dosimetrie_exposition,,Environmental research,Variability of radiofrequency exposure across days of the week: a population-based study.,https://pubmed.ncbi.nlm.nih.gov/21411077/,epidemiologie/dosimetrie_exposition/2011_21411077_variability-of-radiofrequency-exposure-across-days.md
20708499,10.1016/S0895-3988(10)60053-0,2010,epidemiologie,dosimetrie_exposition,neurodeveloppement,Biomedical and environmental sciences : BES,"Effects of exposure to GSM mobile phone base station signals on salivary cortisol, alpha-amylase, and immunoglobulin A.",https://pubmed.ncbi.nlm.nih.gov/20708499/,epidemiologie/dosimetrie_exposition/2010_20708499_effects-of-exposure-to-gsm-mobile-phone-base-stati.md
15266354,10.1038/sj.jea.7500390,2005,epidemiologie,dosimetrie_exposition,,Journal of exposure analysis and environmental epidemiology,Assessment of radiofrequency exposure from cellular telephone daily use in an epidemiological study: German Validation study of the international case-control study of cancers of the brain--INTERPHONE-Study.,https://pubmed.ncbi.nlm.nih.gov/15266354/,epidemiologie/dosimetrie_exposition/2005_15266354_assessment-of-radiofrequency-exposure-from-cellula.md
15266067,10.1093/rpd/nch334,2004,epidemiologie,dosimetrie_exposition,,Radiation protection dosimetry,Assessment of occupational exposure to radiofrequency fields and radiation.,https://pubmed.ncbi.nlm.nih.gov/15266067/,epidemiologie/dosimetrie_exposition/2004_15266067_assessment-of-occupational-exposure-to-radiofreque.md
39322200,10.1177/00332941241283759,2026,epidemiologie,eeg_sommeil,,Psychological reports,Partner Phubbing and Sleep Quality: Serial Mediation Models With Relationship Satisfaction and Perceived Stress.,https://pubmed.ncbi.nlm.nih.gov/39322200/,epidemiologie/eeg_sommeil/2026_39322200_partner-phubbing-and-sleep-quality-serial-mediatio.md
42258677,10.1109/tbme.2026.3701134,2026,epidemiologie,eeg_sommeil,neuro_comportement_cognition,,Using Legacy Polysomnography Data to Train a Radar System to Quantify Sleep in Older Adults and People living with Dementia.,https://pubmed.ncbi.nlm.nih.gov/42258677/,epidemiologie/eeg_sommeil/2026_42258677_using-legacy-polysomnography-data-to-train-a-radar.md
42352556,10.3390/brainsci16060547,2026,epidemiologie,eeg_sommeil,,Brain sciences,Delayed Correlations Between Geomagnetic Activity and Human EEG Alpha and Theta Oscillations: Evidence from Archival and Experimental Data.,https://pubmed.ncbi.nlm.nih.gov/42352556/,epidemiologie/eeg_sommeil/2026_42352556_delayed-correlations-between-geomagnetic-activity.md
42580044,10.1016/j.ijheh.2026.114886,2026,epidemiologie,eeg_sommeil,,,Occupational electromagnetic field exposure and sleep disturbances: The predominant role of high-frequency electric fields.,https://pubmed.ncbi.nlm.nih.gov/42580044/,epidemiologie/eeg_sommeil/2026_42580044_occupational-electromagnetic-field-exposure-and-sl.md
41122328,10.31661/jbpe.v0i0.2311-1685,2025,epidemiologie,eeg_sommeil,neurodeveloppement,Journal of biomedical physics & engineering,The Influence of Mobile Technologies on the Quality of Sleep.,https://pubmed.ncbi.nlm.nih.gov/41122328/,epidemiologie/eeg_sommeil/2025_41122328_the-influence-of-mobile-technologies-on-the-qualit.md
38214483,10.13075/ijomeh.1896.02320,2024,epidemiologie,eeg_sommeil,,International journal of occupational medicine and environmental health,Distribution of sleep components while working remotely.,https://pubmed.ncbi.nlm.nih.gov/38214483/,epidemiologie/eeg_sommeil/2024_38214483_distribution-of-sleep-components-while-working-rem.md
38461462,10.1080/15368378.2024.2327432,2024,epidemiologie,eeg_sommeil,,Electromagnetic biology and medicine,Do blue light filter applications improve sleep outcomes? A study of smartphone users' sleep quality in an observational setting.,https://pubmed.ncbi.nlm.nih.gov/38461462/,epidemiologie/eeg_sommeil/2024_38461462_do-blue-light-filter-applications-improve-sleep-ou.md
39230550,10.1016/j.cjca.2024.06.006,2024,epidemiologie,eeg_sommeil,,The Canadian journal of cardiology,"Regular Mobile Phone Use and Incident Cardiovascular Diseases: Mediating Effects of Sleep Patterns, Psychological Distress, and Neuroticism.",https://pubmed.ncbi.nlm.nih.gov/39230550/,epidemiologie/eeg_sommeil/2024_39230550_regular-mobile-phone-use-and-incident-cardiovascul.md
39338060,10.3390/ijerph21091177,2024,epidemiologie,eeg_sommeil,neurodeveloppement;neuro_comportement_cognition,International journal of environmental research and public health,Problematic Use of Smartphones and Social Media on Sleep Quality of High School Students in Mexico City.,https://pubmed.ncbi.nlm.nih.gov/39338060/,epidemiologie/eeg_sommeil/2024_39338060_problematic-use-of-smartphones-and-social-media-on.md
41341239,10.2196/48148,2024,epidemiologie,eeg_sommeil,,JMIR neurotechnology,Assessing the Role of the Autonomic Nervous System as a Driver of Sleep Quality in Patients With Multiple Sclerosis: Observation Study.,https://pubmed.ncbi.nlm.nih.gov/41341239/,epidemiologie/eeg_sommeil/2024_41341239_assessing-the-role-of-the-autonomic-nervous-system.md
33759709,10.1080/07448481.2021.1888738,2023,epidemiologie,eeg_sommeil,neurodeveloppement,Journal of American college health : J of ACH,Association between visual impairment and sleep duration in college students: A study conducted in UAE and Lebanon.,https://pubmed.ncbi.nlm.nih.gov/33759709/,epidemiologie/eeg_sommeil/2023_33759709_association-between-visual-impairment-and-sleep-du.md
36209879,10.1016/j.scitotenv.2022.159240,2023,epidemiologie,eeg_sommeil,,,Time course of health complaints attributed to RF-EMF exposure and predictors of electromagnetic hypersensitivity over 10 years in a prospective cohort of Dutch adults.,https://pubmed.ncbi.nlm.nih.gov/36209879/,epidemiologie/eeg_sommeil/2023_36209879_time-course-of-health-complaints-attributed-to-rf.md
36961783,10.1371/journal.pone.0283577,2023,epidemiologie,eeg_sommeil,,PloS one,Is mobile phone influence the status of pilot or the flight safety?,https://pubmed.ncbi.nlm.nih.gov/36961783/,epidemiologie/eeg_sommeil/2023_36961783_is-mobile-phone-influence-the-status-of-pilot-or-t.md
37344816,10.1186/s12889-023-16061-4,2023,epidemiologie,eeg_sommeil,,BMC public health,Mobile phone dependency and sleep quality in college students during COVID-19 outbreak: the mediating role of bedtime procrastination and fear of missing out.,https://pubmed.ncbi.nlm.nih.gov/37344816/,epidemiologie/eeg_sommeil/2023_37344816_mobile-phone-dependency-and-sleep-quality-in-colle.md
37922266,10.1371/journal.pone.0288226,2023,epidemiologie,eeg_sommeil,neuro_comportement_cognition,PloS one,Effect of physical exercise on sleep quality in college students: Mediating role of smartphone use.,https://pubmed.ncbi.nlm.nih.gov/37922266/,epidemiologie/eeg_sommeil/2023_37922266_effect-of-physical-exercise-on-sleep-quality-in-co.md
37958035,10.3390/healthcare11212891,2023,epidemiologie,eeg_sommeil,neurodeveloppement;neuro_comportement_cognition,"Healthcare (Basel, Switzerland)",Effect of Smartphone Use on Sleep in Undergraduate Medical Students: A Cross-Sectional Study.,https://pubmed.ncbi.nlm.nih.gov/37958035/,epidemiologie/eeg_sommeil/2023_37958035_effect-of-smartphone-use-on-sleep-in-undergraduate.md
38027046,10.1177/15691861231206489,2023,epidemiologie,eeg_sommeil,,Hong Kong journal of occupational therapy : HKJOT,Usability of a mobile phone application to enhance activities of daily living in occupational therapy services for breast cancer survivors.,https://pubmed.ncbi.nlm.nih.gov/38027046/,epidemiologie/eeg_sommeil/2023_38027046_usability-of-a-mobile-phone-application-to-enhance.md
38078262,10.3389/fpsyg.2023.1264881,2023,epidemiologie,eeg_sommeil,neuro_comportement_cognition,Frontiers in psychology,Sleep in everyday life - relationship to mood and performance in young and older adults: a study protocol.,https://pubmed.ncbi.nlm.nih.gov/38078262/,epidemiologie/eeg_sommeil/2023_38078262_sleep-in-everyday-life-relationship-to-mood-and-pe.md
35734328,10.11604/pamj.2022.41.252.25456,2022,epidemiologie,eeg_sommeil,neurodeveloppement;neuro_comportement_cognition,The Pan African medical journal,"A cross-sectional study on sleep length, quality, and mobile phone use among Moroccan adolescents.",https://pubmed.ncbi.nlm.nih.gov/35734328/,epidemiologie/eeg_sommeil/2022_35734328_a-cross-sectional-study-on-sleep-length-quality-an.md
35752086,10.1016/j.addbeh.2022.107398,2022,epidemiologie,eeg_sommeil,neurodeveloppement,Addictive behaviors,Association between trajectories of problematic mobile phone use and chronotype among Chinese college students.,https://pubmed.ncbi.nlm.nih.gov/35752086/,epidemiologie/eeg_sommeil/2022_35752086_association-between-trajectories-of-problematic-mo.md
35946229,10.4103/ijmr.ijmr_2221_21,2022,epidemiologie,eeg_sommeil,,The Indian journal of medical research,A study on the effect of mobile phone use on sleep.,https://pubmed.ncbi.nlm.nih.gov/35946229/,epidemiologie/eeg_sommeil/2022_35946229_a-study-on-the-effect-of-mobile-phone-use-on-sleep.md
36536573,10.3760/cma.j.cn112150-20220105-00019,2022,epidemiologie,eeg_sommeil,neuro_comportement_cognition,Zhonghua yu fang yi xue za zhi [Chinese journal of preventive medicine],[Longitudinal correlation between cell phone use and sleep quality in college students].,https://pubmed.ncbi.nlm.nih.gov/36536573/,epidemiologie/eeg_sommeil/2022_36536573_longitudinal-correlation-between-cell-phone-use-an.md
29334765,10.1080/10410236.2017.1422104,2019,epidemiologie,eeg_sommeil,,Health communication,Examining Use of Mobile Phones for Sleep Tracking Among a National Sample in the USA.,https://pubmed.ncbi.nlm.nih.gov/29334765/,epidemiologie/eeg_sommeil/2019_29334765_examining-use-of-mobile-phones-for-sleep-tracking.md
29670503,10.3389/fnins.2018.00190,2018,epidemiologie,eeg_sommeil,neuro_comportement_cognition,Frontiers in neuroscience,Mobile Phone Chips Reduce Increases in EEG Brain Activity Induced by Mobile Phone-Emitted Electromagnetic Fields.,https://pubmed.ncbi.nlm.nih.gov/29670503/,epidemiologie/eeg_sommeil/2018_29670503_mobile-phone-chips-reduce-increases-in-eeg-brain-a.md
28398549,10.1093/aje/kwx041,2017,epidemiologie,eeg_sommeil,,American journal of epidemiology,Modeled and Perceived Exposure to Radiofrequency Electromagnetic Fields From Mobile-Phone Base Stations and the Development of Symptoms Over Time in a General Population Cohort.,https://pubmed.ncbi.nlm.nih.gov/28398549/,epidemiologie/eeg_sommeil/2017_28398549_modeled-and-perceived-exposure-to-radiofrequency-e.md
28420605,10.2196/jmir.6821,2017,epidemiologie,eeg_sommeil,neurodeveloppement;neuro_comportement_cognition,Journal of medical Internet research,Scalable Passive Sleep Monitoring Using Mobile Phones: Opportunities and Obstacles.,https://pubmed.ncbi.nlm.nih.gov/28420605/,epidemiologie/eeg_sommeil/2017_28420605_scalable-passive-sleep-monitoring-using-mobile-pho.md
25808749,10.1007/s00420-015-1049-7,2016,epidemiologie,eeg_sommeil,genotoxicite_epigenetique;reproduction,International archives of occupational and environmental health,Effects of electromagnetic fields exposure on plasma hormonal and inflammatory pathway biomarkers in male workers of a power plant.,https://pubmed.ncbi.nlm.nih.gov/25808749/,epidemiologie/eeg_sommeil/2016_25808749_effects-of-electromagnetic-fields-exposure-on-plas.md
26235161,10.5664/jcsm.5282,2015,epidemiologie,eeg_sommeil,neurodeveloppement;neuro_comportement_cognition,Journal of clinical sleep medicine : JCSM : official publication of the American Academy of Sleep Medicine,Technology Use and Sleep Quality in Preadolescence and Adolescence.,https://pubmed.ncbi.nlm.nih.gov/26235161/,epidemiologie/eeg_sommeil/2015_26235161_technology-use-and-sleep-quality-in-preadolescence.md
28344922,10.1007/s40675-015-0027-7,2015,epidemiologie,eeg_sommeil,,Current sleep medicine reports,Mobile Devices and Insomnia: Understanding Risks and Benefits.,https://pubmed.ncbi.nlm.nih.gov/28344922/,epidemiologie/eeg_sommeil/2015_28344922_mobile-devices-and-insomnia-understanding-risks-an.md
25340654,10.1371/journal.pone.0110825,2014,epidemiologie,eeg_sommeil,,PloS one,Occupational electromagnetic field exposures associated with sleep quality: a cross-sectional study.,https://pubmed.ncbi.nlm.nih.gov/25340654/,epidemiologie/eeg_sommeil/2014_25340654_occupational-electromagnetic-field-exposures-assoc.md
24381254,10.1136/bmjopen-2013-003836,2013,epidemiologie,eeg_sommeil,,BMJ open,Subjective symptoms related to GSM radiation from mobile phone base stations: a cross-sectional study.,https://pubmed.ncbi.nlm.nih.gov/24381254/,epidemiologie/eeg_sommeil/2013_24381254_subjective-symptoms-related-to-gsm-radiation-from.md
22624036,10.1371/journal.pone.0037455,2012,epidemiologie,eeg_sommeil,neuro_comportement_cognition,PloS one,Exposure to radiofrequency electromagnetic fields and sleep quality: a prospective cohort study.,https://pubmed.ncbi.nlm.nih.gov/22624036/,epidemiologie/eeg_sommeil/2012_22624036_exposure-to-radiofrequency-electromagnetic-fields.md
23369281,10.1186/1735-2746-9-15,2012,epidemiologie,eeg_sommeil,,Iranian journal of environmental health science & engineering,Effect of extremely low frequency electromagnetic field exposure on sleep quality in high voltage substations.,https://pubmed.ncbi.nlm.nih.gov/23369281/,epidemiologie/eeg_sommeil/2012_23369281_effect-of-extremely-low-frequency-electromagnetic.md
20726726,10.1667/RR2153.1,2010,epidemiologie,eeg_sommeil,,Radiation research,Effects of everyday radiofrequency electromagnetic-field exposure on sleep quality: a cross-sectional study.,https://pubmed.ncbi.nlm.nih.gov/20726726/,epidemiologie/eeg_sommeil/2010_20726726_effects-of-everyday-radiofrequency-electromagnetic.md
16272890,10.1097/01.wnr.0000186593.79705.3c,2005,epidemiologie,eeg_sommeil,neurodeveloppement,Neuroreport,The effect of electromagnetic fields emitted by mobile phones on human sleep.,https://pubmed.ncbi.nlm.nih.gov/16272890/,epidemiologie/eeg_sommeil/2005_16272890_the-effect-of-electromagnetic-fields-emitted-by-mo.md
15345189,10.1177/03946320040170S206,2004,epidemiologie,eeg_sommeil,,International journal of immunopathology and pharmacology,Are thyroid dysfunctions related to stress or microwave exposure (900 MHz)?,https://pubmed.ncbi.nlm.nih.gov/15345189/,epidemiologie/eeg_sommeil/2004_15345189_are-thyroid-dysfunctions-related-to-stress-or-micr.md
40767779,10.1097/rli.0000000000001230,2026,epidemiologie,general,,,First-generation Photon-counting Computed Tomography Angiography Versus Third-generation Dual-energy Computed Tomography Angiography for Peripheral Artery Disease Imaging.,https://pubmed.ncbi.nlm.nih.gov/40767779/,epidemiologie/general/2026_40767779_first-generation-photon-counting-computed-tomograp.md
41212451,10.1007/s11604-025-01906-2,2026,epidemiologie,general,,Japanese journal of radiology,Correlation between intrahepatic iodine quantity after portal vein embolization and future liver remnant hypertrophy.,https://pubmed.ncbi.nlm.nih.gov/41212451/,epidemiologie/general/2026_41212451_correlation-between-intrahepatic-iodine-quantity-a.md
41320647,10.1002/resp.70167,2026,epidemiologie,general,,"Respirology (Carlton, Vic.)",A Novel Method Using Dual-Energy Computed Tomography for Detecting Amiodarone-Induced Lung Injury: A Cohort Pilot Study.,https://pubmed.ncbi.nlm.nih.gov/41320647/,epidemiologie/general/2026_41320647_a-novel-method-using-dual-energy-computed-tomograp.md
41408085,10.1093/bjr/tqaf311,2026,epidemiologie,general,,,Multi-parametric dual-energy CT radiomics for differentiating laryngeal benign and malignant lesions.,https://pubmed.ncbi.nlm.nih.gov/41408085/,epidemiologie/general/2026_41408085_multi-parametric-dual-energy-ct-radiomics-for-diff.md
41500857,10.1016/j.acra.2025.12.023,2026,epidemiologie,general,,Academic radiology,Effect of Nitroglycerin-Enhanced Dual-Energy CT on Imaging Periarticular Arteries in Knee Osteoarthritis: A Prospective Observational Study.,https://pubmed.ncbi.nlm.nih.gov/41500857/,epidemiologie/general/2026_41500857_effect-of-nitroglycerin-enhanced-dual-energy-ct-on.md
41565492,10.1016/j.acra.2026.01.006,2026,epidemiologie,general,,Academic radiology,Preoperative Prediction of Perineural Invasion and Survival in Gastric Cancer Using Extracellular Volume Fraction and Dual-Energy CT Quantitative Parameters: A Dual-Center Study.,https://pubmed.ncbi.nlm.nih.gov/41565492/,epidemiologie/general/2026_41565492_preoperative-prediction-of-perineural-invasion-and.md
41668047,10.1186/s12880-026-02219-0,2026,epidemiologie,general,,BMC medical imaging,Pretreatment dual-energy CT versus diffusion-weighted imaging for predicting pathologic complete response to neoadjuvant chemotherapy in breast cancer.,https://pubmed.ncbi.nlm.nih.gov/41668047/,epidemiologie/general/2026_41668047_pretreatment-dual-energy-ct-versus-diffusion-weigh.md
41668915,10.21037/gs-2025-421,2026,epidemiologie,general,,Gland surgery,Optimized dual-source dual-energy computed tomography nomogram model integrating background normalization improves solid thyroid nodules diagnosis.,https://pubmed.ncbi.nlm.nih.gov/41668915/,epidemiologie/general/2026_41668915_optimized-dual-source-dual-energy-computed-tomogra.md
41681836,10.3390/cancers18030363,2026,epidemiologie,general,,Cancers,Spectral Precision: The Added Value of Dual-Energy CT for Axillary Lymph Node Characterization in Breast Cancer.,https://pubmed.ncbi.nlm.nih.gov/41681836/,epidemiologie/general/2026_41681836_spectral-precision-the-added-value-of-dual-energy.md
41790685,10.1097/MD.0000000000047843,2026,epidemiologie,general,,Medicine,Low concentration isotonic iodixanol on hepatic and portal veins imaging quality and renal function: A 320-detector CT dual-energy study.,https://pubmed.ncbi.nlm.nih.gov/41790685/,epidemiologie/general/2026_41790685_low-concentration-isotonic-iodixanol-on-hepatic-an.md
41823217,10.1080/03009742.2026.2627069,2026,epidemiologie,general,,Scandinavian journal of rheumatology,"Accuracy of dual-energy computed tomography (CT), ultrasound, cone-beam CT, and spectral photon-counting CT for detecting calcium crystal deposition in the osteoarthritic hand: a cross-sectional diagnostic test study.",https://pubmed.ncbi.nlm.nih.gov/41823217/,epidemiologie/general/2026_41823217_accuracy-of-dual-energy-computed-tomography-ct-ult.md
41861567,10.1016/j.ijheh.2026.114785,2026,epidemiologie,general,,,Cancer incidence in telecommunication and broadcasting workers in the United Kingdom: Preliminary analysis of the National Register of RF Workers.,https://pubmed.ncbi.nlm.nih.gov/41861567/,epidemiologie/general/2026_41861567_cancer-incidence-in-telecommunication-and-broadcas.md
41897583,10.3390/diagnostics16060850,2026,epidemiologie,general,,,Dual-Energy CT-Derived Parameters: A Promising Tool for Noninvasive Prediction of Glypican-3 in Hepatocellular Carcinoma.,https://pubmed.ncbi.nlm.nih.gov/41897583/,epidemiologie/general/2026_41897583_dual-energy-ct-derived-parameters-a-promising-tool.md
41932100,10.1016/j.clinimag.2026.110795,2026,epidemiologie,general,,Clinical imaging,Classification of uterine sarcoma and leiomyoma with quantitative CT and dual-energy iodine mapping.,https://pubmed.ncbi.nlm.nih.gov/41932100/,epidemiologie/general/2026_41932100_classification-of-uterine-sarcoma-and-leiomyoma-wi.md
41938112,10.3389/fendo.2026.1742341,2026,epidemiologie,general,,,Successful use of non-contrast dual energy computed tomography in patients with differentiated thyroid cancer.,https://pubmed.ncbi.nlm.nih.gov/41938112/,epidemiologie/general/2026_41938112_successful-use-of-non-contrast-dual-energy-compute.md
42021514,10.1111/1754-9485.70106,2026,epidemiologie,general,,,Quantitative Dual-Energy CT Perfusion Versus SPECT/CT V/Q Scintigraphy for Preoperative Lung Function Assessment: A Prospective Cohort Study.,https://pubmed.ncbi.nlm.nih.gov/42021514/,epidemiologie/general/2026_42021514_quantitative-dual-energy-ct-perfusion-versus-spect.md
42023649,10.1097/rct.0000000000001870,2026,epidemiologie,general,,,Timing and Energy Optimization of Dual-Energy CT for Brain Metastasis Conspicuity: A Prospective 24-Patient Study.,https://pubmed.ncbi.nlm.nih.gov/42023649/,epidemiologie/general/2026_42023649_timing-and-energy-optimization-of-dual-energy-ct-f.md
42072761,10.3390/diagnostics16081134,2026,epidemiologie,general,,,Effect of Age and Sex on Normalized Automated DECT-Derived Pulmonary Iodine Concentration.,https://pubmed.ncbi.nlm.nih.gov/42072761/,epidemiologie/general/2026_42072761_effect-of-age-and-sex-on-normalized-automated-dect.md
42156666,10.1007/s11604-026-01990-y,2026,epidemiologie,general,,Japanese journal of radiology,Extracellular volume fraction derived from dual-energy CT characterizing the fibrosis of the bowel wall in stricturing Crohn disease.,https://pubmed.ncbi.nlm.nih.gov/42156666/,epidemiologie/general/2026_42156666_extracellular-volume-fraction-derived-from-dual-en.md
42161753,10.1016/j.diii.2026.05.003,2026,epidemiologie,general,,Diagnostic and interventional imaging,Quantitative CT biomarkers for predicting clinical outcomes after prostatic artery embolization: Results of the prospective pilot EMBOPERF study.,https://pubmed.ncbi.nlm.nih.gov/42161753/,epidemiologie/general/2026_42161753_quantitative-ct-biomarkers-for-predicting-clinical.md
42234550,10.1080/09553002.2026.2678295,2026,epidemiologie,general,,,Effects of 26 GHz radiofrequency exposure on electrodermal activity in healthy young adults.,https://pubmed.ncbi.nlm.nih.gov/42234550/,epidemiologie/general/2026_42234550_effects-of-26-ghz-radiofrequency-exposure-on-elect.md
42330356,10.1093/bjr/tqag153,2026,epidemiologie,general,,,"""Comparative diagnostic accuracy of dual-energy CT, diffusion-weighted MRI and chemical shift MRI in cervical lymph node metastasis in head and neck cancer"".",https://pubmed.ncbi.nlm.nih.gov/42330356/,epidemiologie/general/2026_42330356_comparative-diagnostic-accuracy-of-dual-energy-ct.md
42350762,10.1186/s41747-026-00760-9,2026,epidemiologie,general,,,DECT-based stratification of nonocclusive mesenteric ischemia using bowel-wall iodine concentration: a prospective single-center cohort.,https://pubmed.ncbi.nlm.nih.gov/42350762/,epidemiologie/general/2026_42350762_dect-based-stratification-of-nonocclusive-mesenter.md
42360349,10.1007/s00261-026-05645-4,2026,epidemiologie,general,,,Dual-energy computed tomography-derived extracellular volume fraction and spectral quantitative parameters for predicting early recurrence after gastrectomy: insights from a multicenter study.,https://pubmed.ncbi.nlm.nih.gov/42360349/,epidemiologie/general/2026_42360349_dual-energy-computed-tomography-derived-extracellu.md
42360352,10.1007/s00261-026-05643-6,2026,epidemiologie,general,,,Delayed phase dual-energy CT for early peritoneal metastasis prediction: imaging phenotypes and tumor-stroma correlates in upfront gastrectomy candidates.,https://pubmed.ncbi.nlm.nih.gov/42360352/,epidemiologie/general/2026_42360352_delayed-phase-dual-energy-ct-for-early-peritoneal.md
42406506,10.2196/92125,2026,epidemiologie,general,,JMIR pediatrics and parenting,Millimeter-Wave Imaging for Idiopathic Scoliosis Screening: Diagnostic Accuracy Study.,https://pubmed.ncbi.nlm.nih.gov/42406506/,epidemiologie/general/2026_42406506_millimeter-wave-imaging-for-idiopathic-scoliosis-s.md
42422427,10.3389/fendo.2026.1790842,2026,epidemiologie,general,,Frontiers in endocrinology,"Development and validation of a multimodal predictive model based on clinical, biochemical, and quantitative dual-energy CT parameters: for predicting the benignity and malignancy of thyroid nodules.",https://pubmed.ncbi.nlm.nih.gov/42422427/,epidemiologie/general/2026_42422427_development-and-validation-of-a-multimodal-predict.md
42547357,10.1016/j.diii.2026.07.009,2026,epidemiologie,general,,,Development and external validation of a dual-energy CT-biochemical score for the detection of radiolucent common bile duct stones.,https://pubmed.ncbi.nlm.nih.gov/42547357/,epidemiologie/general/2026_42547357_development-and-external-validation-of-a-dual-ener.md
42682338,10.1097/js9.0000000000005034,2026,epidemiologie,general,,,Noninvasive stratification of HER2 status in breast cancer using multiparametric DECT: a prospective cohort study.,https://pubmed.ncbi.nlm.nih.gov/42682338/,epidemiologie/general/2026_42682338_noninvasive-stratification-of-her2-status-in-breas.md
42705926,10.1016/j.acra.2026.08.093,2026,epidemiologie,general,,,Dual-Energy CT-Derived Extracellular Volume Fraction for Prediction of Recurrence in Rectal Cancer: A Bicenter Study.,https://pubmed.ncbi.nlm.nih.gov/42705926/,epidemiologie/general/2026_42705926_dual-energy-ct-derived-extracellular-volume-fracti.md
42708522,10.1002/bem.70061,2026,epidemiologie,general,,,The Effect of Pulsed Electromagnetic Field on Pain and Foot Function Index in Patients With Plantar Fasciitis.,https://pubmed.ncbi.nlm.nih.gov/42708522/,epidemiologie/general/2026_42708522_the-effect-of-pulsed-electromagnetic-field-on-pain.md
42725567,10.1080/15368378.2026.2730027,2026,epidemiologie,general,,,Heart rate variability responses to 26 GHz millimeter-wave exposure in healthy young adults.,https://pubmed.ncbi.nlm.nih.gov/42725567/,epidemiologie/general/2026_42725567_heart-rate-variability-responses-to-26-ghz-millime.md
PPR1263729,10.21203/rs.3.rs-9854883/v1,2026,epidemiologie,general,,,Model construction and validation of Dual-Energy CT multi-parameters combined with clinical indicators for predicting lymph node metastasis in pancreatic ductal adenocarcinoma,https://doi.org/10.21203/rs.3.rs-9854883/v1,epidemiologie/general/2026_PPR1263729_model-construction-and-validation-of-dual-energy-c.md
PPR1280055,10.21203/rs.3.rs-10317795/v1,2026,epidemiologie,general,,,Dual Energy Computed Tomography Versus Magnetic Resonance Imaging for Liver Fat Fraction Quantification,https://doi.org/10.21203/rs.3.rs-10317795/v1,epidemiologie/general/2026_PPR1280055_dual-energy-computed-tomography-versus-magnetic-re.md
PPR1296103,10.21203/rs.3.rs-10648854/v1,2026,epidemiologie,general,,,"Outdoor radiofrequency electromagnetic field monitoring in urban school environments: a field survey in Graz, Austria",https://doi.org/10.21203/rs.3.rs-10648854/v1,epidemiologie/general/2026_PPR1296103_outdoor-radiofrequency-electromagnetic-field-monit.md
39582129,10.1080/21548331.2024.2432858,2025,epidemiologie,general,,Hospital practice (1995),Nomophobia: a challenge among healthcare professionals in Africa.,https://pubmed.ncbi.nlm.nih.gov/39582129/,epidemiologie/general/2025_39582129_nomophobia-a-challenge-among-healthcare-profession.md
39890539,10.1016/j.envint.2025.109275,2025,epidemiologie,general,,Environment international,Exposure to radiofrequency electromagnetic fields and risk of cancer: Epidemiology is not enough!,https://pubmed.ncbi.nlm.nih.gov/39890539/,epidemiologie/general/2025_39890539_exposure-to-radiofrequency-electromagnetic-fields.md
40242639,10.12688/openreseurope.19236.2,2025,epidemiologie,general,,Open research Europe,Does personal relevance moderate communication effects? The example of risk communication about 5G-related electromagnetic fields.,https://pubmed.ncbi.nlm.nih.gov/40242639/,epidemiologie/general/2025_40242639_does-personal-relevance-moderate-communication-eff.md
40434178,10.1093/ageing/afaf143,2025,epidemiologie,general,,Age and ageing,"Mobile phone use characteristics, genetic predisposition and the risk of Parkinson's disease: a prospective cohort study.",https://pubmed.ncbi.nlm.nih.gov/40434178/,epidemiologie/general/2025_40434178_mobile-phone-use-characteristics-genetic-predispos.md
40897052,10.1016/j.ecoenv.2025.118944,2025,epidemiologie,general,,,Prospective long-term follow-up of patients with idiopathic environmental intolerance attributed to electromagnetic fields after a provocation trial.,https://pubmed.ncbi.nlm.nih.gov/40897052/,epidemiologie/general/2025_40897052_prospective-long-term-follow-up-of-patients-with-i.md
41160934,10.1016/j.jpsychores.2025.112425,2025,epidemiologie,general,,,Symptoms associated with environmental factors are positively related to sensory-processing sensitivity.,https://pubmed.ncbi.nlm.nih.gov/41160934/,epidemiologie/general/2025_41160934_symptoms-associated-with-environmental-factors-are.md
41212337,10.1007/s12672-025-03856-7,2025,epidemiologie,general,,Discover oncology,The value of dual-energy CT radiomics in evaluating vascular maturity and prognosis in clear cell renal cell carcinoma.,https://pubmed.ncbi.nlm.nih.gov/41212337/,epidemiologie/general/2025_41212337_the-value-of-dual-energy-ct-radiomics-in-evaluatin.md
41291538,10.1186/s12885-025-15261-y,2025,epidemiologie,general,,BMC cancer,Distinguishing benign from malignant thyroid nodules via virtual biopsy: a study on using quantitative parameters and classical radiomics features from dual-energy CT imaging.,https://pubmed.ncbi.nlm.nih.gov/41291538/,epidemiologie/general/2025_41291538_distinguishing-benign-from-malignant-thyroid-nodul.md
41361282,10.1186/s12880-025-02007-2,2025,epidemiologie,general,,BMC medical imaging,Artifact reduction and diagnostic value of monoenergetic reconstructions from split-filter and dual-layer spectral detector dual-energy CT in early gastric cancer with titanium clip localization.,https://pubmed.ncbi.nlm.nih.gov/41361282/,epidemiologie/general/2025_41361282_artifact-reduction-and-diagnostic-value-of-monoene.md
41368655,10.2147/IJWH.S550710,2025,epidemiologie,general,,International journal of women's health,Study on Bone Mineral Density Around the Knee in Postmenopausal Women with Osteoarthritis and Osteoporosis.,https://pubmed.ncbi.nlm.nih.gov/41368655/,epidemiologie/general/2025_41368655_study-on-bone-mineral-density-around-the-knee-in-p.md
41395608,10.3389/fonc.2025.1602222,2025,epidemiologie,general,,Frontiers in oncology,Application of dual-energy CT in assessing the efficacy of nasopharyngeal carcinoma and diagnosing metastatic lymph nodes.,https://pubmed.ncbi.nlm.nih.gov/41395608/,epidemiologie/general/2025_41395608_application-of-dual-energy-ct-in-assessing-the-eff.md
41430179,10.1186/s12880-025-02124-y,2025,epidemiologie,general,,BMC medical imaging,Multiparametric dual-energy computed tomography radiomics for predicting microvascular invasion in hepatocellular carcinoma.,https://pubmed.ncbi.nlm.nih.gov/41430179/,epidemiologie/general/2025_41430179_multiparametric-dual-energy-computed-tomography-ra.md
41640143,10.14341/probl13671,2025,epidemiologie,general,,Problemy endokrinologii,[Dual-energy CT for differential diagnosis of adrenal lesions].,https://pubmed.ncbi.nlm.nih.gov/41640143/,epidemiologie/general/2025_41640143_dual-energy-ct-for-differential-diagnosis-of-adren.md
39218794,10.1111/risa.17641,2024,epidemiologie,general,,Risk analysis : an official publication of the Society for Risk Analysis,Affective evaluation and exposure perception of everyday mobile phone usage situations.,https://pubmed.ncbi.nlm.nih.gov/39218794/,epidemiologie/general/2024_39218794_affective-evaluation-and-exposure-perception-of-ev.md
39279174,10.4103/aam.aam_93_24,2024,epidemiologie,general,,,High-Frequency Hearing Loss Amongst Smart Mobile Phone Users: A Case-Control Study.,https://pubmed.ncbi.nlm.nih.gov/39279174/,epidemiologie/general/2024_39279174_high-frequency-hearing-loss-amongst-smart-mobile-p.md
40530104,10.4183/aeb.2024.261,2024,epidemiologie,general,,"Acta endocrinologica (Bucharest, Romania : 2005)",EFFECTIVENESS OF MOBILE PHONE-BASED DISTANCE VIDEO EDUCATION ON METABOLIC VARIABLES AND COGNITIVE-SOCIAL FACTORS IN TYPE 2 DIABETES.,https://pubmed.ncbi.nlm.nih.gov/40530104/,epidemiologie/general/2024_40530104_effectiveness-of-mobile-phone-based-distance-video.md
36759011,10.1136/openhrt-2022-002214,2023,epidemiologie,general,,Open heart,Mobile-phone text messaging to promote ideal cardiovascular health in women.,https://pubmed.ncbi.nlm.nih.gov/36759011/,epidemiologie/general/2023_36759011_mobile-phone-text-messaging-to-promote-ideal-cardi.md
36779133,10.7759/cureus.33566,2023,epidemiologie,general,,Cureus,Association of Autonomic Balance With Phone Call Duration in Healthy Individuals.,https://pubmed.ncbi.nlm.nih.gov/36779133/,epidemiologie/general/2023_36779133_association-of-autonomic-balance-with-phone-call-d.md
36974296,10.1016/j.jhsg.2022.11.009,2023,epidemiologie,general,,Journal of hand surgery global online,An Epidemiological Study of Cell Phone-Related Injuries of the Hand and Wrist Reported in United States Emergency Departments From 2011 to 2020.,https://pubmed.ncbi.nlm.nih.gov/36974296/,epidemiologie/general/2023_36974296_an-epidemiological-study-of-cell-phone-related-inj.md
37698975,10.2196/47818,2023,epidemiologie,general,,JMIR cardio,Feasibility and Acceptability of a Combined Digital Platform and Community Health Worker Intervention for Patients With Heart Failure: Single-Arm Pilot Study.,https://pubmed.ncbi.nlm.nih.gov/37698975/,epidemiologie/general/2023_37698975_feasibility-and-acceptability-of-a-combined-digita.md
34647191,10.1007/s10103-021-03438-3,2022,epidemiologie,general,,Lasers in medical science,"The efficacy and safety of a combined multipolar radiofrequency with pulsed electromagnetic field technology for the treatment of vaginal laxity: a double-blinded, randomized, sham-controlled trial.",https://pubmed.ncbi.nlm.nih.gov/34647191/,epidemiologie/general/2022_34647191_the-efficacy-and-safety-of-a-combined-multipolar-r.md
34994699,10.2196/27809,2022,epidemiologie,general,,JMIR mHealth and uHealth,Knowledge and Expectations of Hearing Aid Apps Among Smartphone Users and Hearing Professionals: Cross-sectional Survey.,https://pubmed.ncbi.nlm.nih.gov/34994699/,epidemiologie/general/2022_34994699_knowledge-and-expectations-of-hearing-aid-apps-amo.md
35667558,10.1016/j.idnow.2022.05.008,2022,epidemiologie,general,,Infectious diseases now,The humoral response of mRNA COVID-19 vaccine in hematological diseases: The HEMVACO study.,https://pubmed.ncbi.nlm.nih.gov/35667558/,epidemiologie/general/2022_35667558_the-humoral-response-of-mrna-covid-19-vaccine-in-h.md
35695276,10.1177/10732748221102780,2022,epidemiologie,general,,Cancer control : journal of the Moffitt Cancer Center,Mobile-CEA - A Novel Surveillance Method for Patients with Colorectal Cancer.,https://pubmed.ncbi.nlm.nih.gov/35695276/,epidemiologie/general/2022_35695276_mobile-cea-a-novel-surveillance-method-for-patient.md
35842978,10.1016/j.ijmedinf.2022.104832,2022,epidemiologie,general,,International journal of medical informatics,Using mobile phone-based text message to recruit representative samples: Assessment of a cross-sectional survey about the COVID-19 vaccine hesitation.,https://pubmed.ncbi.nlm.nih.gov/35842978/,epidemiologie/general/2022_35842978_using-mobile-phone-based-text-message-to-recruit-r.md
36324460,10.3389/fpubh.2022.951641,2022,epidemiologie,general,,Frontiers in public health,Breast awareness mobile apps for health education and promotion for breast cancer.,https://pubmed.ncbi.nlm.nih.gov/36324460/,epidemiologie/general/2022_36324460_breast-awareness-mobile-apps-for-health-education.md
36569525,,2022,epidemiologie,general,,The Journal of clinical and aesthetic dermatology,Comparing the Efficacy of Monopolar and Bipolar Radiofrequency Treatment on Facial Skin in Women.,https://pubmed.ncbi.nlm.nih.gov/36569525/,epidemiologie/general/2022_36569525_comparing-the-efficacy-of-monopolar-and-bipolar-ra.md
39238854,10.1016/j.inpm.2022.100158,2022,epidemiologie,general,,Interventional pain medicine,Patient and provider radiation exposure during fluoroscopy guided chemical and thermal neurolysis of genicular nerves: A prospective cohort comparison study.,https://pubmed.ncbi.nlm.nih.gov/39238854/,epidemiologie/general/2022_39238854_patient-and-provider-radiation-exposure-during-flu.md
31641274,10.1038/s41370-019-0178-6,2021,epidemiologie,general,,Journal of exposure science & environmental epidemiology,Radiofrequency electromagnetic field exposure assessment: a pilot study on mobile phone signal strength and transmitted power levels.,https://pubmed.ncbi.nlm.nih.gov/31641274/,epidemiologie/general/2021_31641274_radiofrequency-electromagnetic-field-exposure-asse.md
33882446,10.1016/j.ejon.2021.101960,2021,epidemiologie,general,,European journal of oncology nursing : the official journal of European Oncology Nursing Society,Effect of mobile phone app-based training on the quality of life for women with breast cancer.,https://pubmed.ncbi.nlm.nih.gov/33882446/,epidemiologie/general/2021_33882446_effect-of-mobile-phone-app-based-training-on-the-q.md
34108173,10.1136/bmjopen-2021-049762,2021,epidemiologie,general,,BMJ open,Prevention of dementia using mobile phone applications (PRODEMOS): protocol for an international randomised controlled trial.,https://pubmed.ncbi.nlm.nih.gov/34108173/,epidemiologie/general/2021_34108173_prevention-of-dementia-using-mobile-phone-applicat.md
34473063,10.2196/28234,2021,epidemiologie,general,,JMIR cancer,Using Social Media for Peer-to-Peer Cancer Support: Interviews With Young Adults With Cancer.,https://pubmed.ncbi.nlm.nih.gov/34473063/,epidemiologie/general/2021_34473063_using-social-media-for-peer-to-peer-cancer-support.md
34965600,10.1055/s-0041-1732442,2021,epidemiologie,general,,Journal of the American Academy of Audiology,Consumer Ratings of the Most Desirable Hearing Aid Attributes.,https://pubmed.ncbi.nlm.nih.gov/34965600/,epidemiologie/general/2021_34965600_consumer-ratings-of-the-most-desirable-hearing-aid.md
41550248,10.1051/fopen/2021003,2021,epidemiologie,general,,4Open,Safety and Efficacy of amplitude-modulated radiofrequency electromagnetic fields in advanced hepatocellular carcinoma.,https://pubmed.ncbi.nlm.nih.gov/41550248/,epidemiologie/general/2021_41550248_safety-and-efficacy-of-amplitude-modulated-radiofr.md
32182667,10.3390/s20051480,2020,epidemiologie,general,,"Sensors (Basel, Switzerland)",The Reflectance of Human Skin in the Millimeter-Wave Band.,https://pubmed.ncbi.nlm.nih.gov/32182667/,epidemiologie/general/2020_32182667_the-reflectance-of-human-skin-in-the-millimeter-wa.md
32399260,10.1136/bmjgh-2020-002505,2020,epidemiologie,general,,BMJ global health,Covid-19 and mobile phone hygiene in healthcare settings.,https://pubmed.ncbi.nlm.nih.gov/32399260/,epidemiologie/general/2020_32399260_covid-19-and-mobile-phone-hygiene-in-healthcare-se.md
30690250,10.1016/j.envres.2018.12.058,2019,epidemiologie,general,,Environmental research,Radiofrequency electromagnetic field exposure and risk perception: A pilot experimental study.,https://pubmed.ncbi.nlm.nih.gov/30690250/,epidemiologie/general/2019_30690250_radiofrequency-electromagnetic-field-exposure-and.md
29350541,10.1089/hs.2017.0012,2018,epidemiologie,general,,Health security,Using Cell Phone Technology to Investigate a Deliberate Bacillus anthracis Release Scenario.,https://pubmed.ncbi.nlm.nih.gov/29350541/,epidemiologie/general/2018_29350541_using-cell-phone-technology-to-investigate-a-delib.md
30139897,10.1136/bmjopen-2017-020849,2018,epidemiologie,general,,BMJ open,"Links between blood pressure and medication intake, well-being, stress, physical activity and symptoms reported via a mobile phone-based self-management support system: a cohort study in primary care.",https://pubmed.ncbi.nlm.nih.gov/30139897/,epidemiologie/general/2018_30139897_links-between-blood-pressure-and-medication-intake.md
30452753,10.1044/2018_AJA-IMIA3-18-0003,2018,epidemiologie,general,,American journal of audiology,Big Data for Sound Policies: Toward Evidence-Informed Hearing Health Policies.,https://pubmed.ncbi.nlm.nih.gov/30452753/,epidemiologie/general/2018_30452753_big-data-for-sound-policies-toward-evidence-inform.md
28387952,10.1111/all.13177,2017,epidemiologie,general,,Allergy,Work productivity in rhinitis using cell phones: The MASK pilot study.,https://pubmed.ncbi.nlm.nih.gov/28387952/,epidemiologie/general/2017_28387952_work-productivity-in-rhinitis-using-cell-phones-th.md
28499231,10.1016/j.scitotenv.2017.05.018,2017,epidemiologie,general,,The Science of the total environment,Radiofrequency electromagnetic fields and some cancers of unknown etiology: An ecological study.,https://pubmed.ncbi.nlm.nih.gov/28499231/,epidemiologie/general/2017_28499231_radiofrequency-electromagnetic-fields-and-some-can.md
28732291,10.1016/j.scitotenv.2017.07.131,2017,epidemiologie,general,,The Science of the total environment,"Comments on ""Radiofrequency electromagnetic fields and some cancers of unknown etiology: An ecological study"".",https://pubmed.ncbi.nlm.nih.gov/28732291/,epidemiologie/general/2017_28732291_comments-on-radiofrequency-electromagnetic-fields.md
26965900,10.1007/s10661-016-5227-1,2016,epidemiologie,general,,Environmental monitoring and assessment,The use of cell phone and insight into its potential human health impacts.,https://pubmed.ncbi.nlm.nih.gov/26965900/,epidemiologie/general/2016_26965900_the-use-of-cell-phone-and-insight-into-its-potenti.md
27097526,10.1186/s12942-016-0042-z,2016,epidemiologie,general,,International journal of health geographics,Dynamic assessment of exposure to air pollution using mobile phone data.,https://pubmed.ncbi.nlm.nih.gov/27097526/,epidemiologie/general/2016_27097526_dynamic-assessment-of-exposure-to-air-pollution-us.md
26155473,10.7860/JCDR/2015/13831.5976,2015,epidemiologie,general,,Journal of clinical and diagnostic research : JCDR,Effect of Prolonged Use of Mobile Phone on Brainstem Auditory Evoked Potentials.,https://pubmed.ncbi.nlm.nih.gov/26155473/,epidemiologie/general/2015_26155473_effect-of-prolonged-use-of-mobile-phone-on-brainst.md
23440452,10.1007/s10903-013-9792-x,2014,epidemiologie,general,,Journal of immigrant and minority health,Cell phone utilization among foreign-born Latinos: a promising tool for dissemination of health and HIV information.,https://pubmed.ncbi.nlm.nih.gov/23440452/,epidemiologie/general/2014_23440452_cell-phone-utilization-among-foreign-born-latinos.md
24692074,10.2478/s13382-014-0260-1,2014,epidemiologie,general,,International journal of occupational medicine and environmental health,The risk of subjective symptoms in mobile phone users in Poland--an epidemiological study.,https://pubmed.ncbi.nlm.nih.gov/24692074/,epidemiologie/general/2014_24692074_the-risk-of-subjective-symptoms-in-mobile-phone-us.md
23093102,10.1038/jes.2012.97,2013,epidemiologie,general,,Journal of exposure science & environmental epidemiology,Impact of one's own mobile phone in stand-by mode on personal radiofrequency electromagnetic field exposure.,https://pubmed.ncbi.nlm.nih.gov/23093102/,epidemiologie/general/2013_23093102_impact-of-one-s-own-mobile-phone-in-stand-by-mode.md
21982030,10.1016/j.envint.2011.08.002,2012,epidemiologie,general,,Environment international,Cohort study on the effects of everyday life radio frequency electromagnetic field exposure on non-specific symptoms and tinnitus.,https://pubmed.ncbi.nlm.nih.gov/21982030/,epidemiologie/general/2012_21982030_cohort-study-on-the-effects-of-everyday-life-radio.md
23440607,10.4103/2141-9248.105662,2012,epidemiologie,general,,Annals of medical and health sciences research,Electromagnetic energy radiated from mobile phone alters electrocardiographic records of patients with ischemic heart disease.,https://pubmed.ncbi.nlm.nih.gov/23440607/,epidemiologie/general/2012_23440607_electromagnetic-energy-radiated-from-mobile-phone.md
21343580,10.1001/jama.2011.186,2011,epidemiologie,general,,JAMA,Effects of cell phone radiofrequency signal exposure on brain glucose metabolism.,https://pubmed.ncbi.nlm.nih.gov/21343580/,epidemiologie/general/2011_21343580_effects-of-cell-phone-radiofrequency-signal-exposu.md
19834920,10.1002/bem.20552,2010,epidemiologie,general,,Bioelectromagnetics,A model for radiofrequency electromagnetic field predictions at outdoor and indoor locations in the context of epidemiological research.,https://pubmed.ncbi.nlm.nih.gov/19834920/,epidemiologie/general/2010_19834920_a-model-for-radiofrequency-electromagnetic-field-p.md
20487532,10.1186/1476-069X-9-23,2010,epidemiologie,general,,Environmental health : a global access science source,Conduct of a personal radiofrequency electromagnetic field measurement study: proposed study protocol.,https://pubmed.ncbi.nlm.nih.gov/20487532/,epidemiologie/general/2010_20487532_conduct-of-a-personal-radiofrequency-electromagnet.md
19480652,10.1186/1476-069X-8-23,2009,epidemiologie,general,,Environmental health : a global access science source,Feasibility of a cohort study on health risks caused by occupational exposure to radiofrequency electromagnetic fields.,https://pubmed.ncbi.nlm.nih.gov/19480652/,epidemiologie/general/2009_19480652_feasibility-of-a-cohort-study-on-health-risks-caus.md
19656570,10.1016/j.envint.2009.07.007,2009,epidemiologie,general,,Environment international,"Radiofrequency exposure in the French general population: band, time, location and activity variability.",https://pubmed.ncbi.nlm.nih.gov/19656570/,epidemiologie/general/2009_19656570_radiofrequency-exposure-in-the-french-general-popu.md
17213224,10.1093/rpd/ncl547,2007,epidemiologie,general,,Radiation protection dosimetry,Radio frequency exposure in mobile phone users: implications for exposure assessment in epidemiological studies.,https://pubmed.ncbi.nlm.nih.gov/17213224/,epidemiologie/general/2007_17213224_radio-frequency-exposure-in-mobile-phone-users-imp.md
17878148,10.1093/rpd/ncm371,2007,epidemiologie,general,,Radiation protection dosimetry,Determination of exposure due to mobile phone base stations in an epidemiological study.,https://pubmed.ncbi.nlm.nih.gov/17878148/,epidemiologie/general/2007_17878148_determination-of-exposure-due-to-mobile-phone-base.md
15743699,10.1289/ehp.113-a151a,2005,epidemiologie,general,,Environmental health perspectives,"""Epidemiology of health effects of radiofrequency exposure"".",https://pubmed.ncbi.nlm.nih.gov/15743699/,epidemiologie/general/2005_15743699_epidemiology-of-health-effects-of-radiofrequency-e.md
14508584,10.1007/s00411-003-0203-x,2003,epidemiologie,general,,Radiation and environmental biophysics,Biological effects on human health due to radiofrequency/microwave exposure: a synopsis of cohort studies.,https://pubmed.ncbi.nlm.nih.gov/14508584/,epidemiologie/general/2003_14508584_biological-effects-on-human-health-due-to-radiofre.md
14658291,,2003,epidemiologie,general,,"Radiatsionnaia biologiia, radioecologiia",[Epidemiological risk assessment of pathology development in occupational exposure to radiofrequency electromagnetic fields].,https://pubmed.ncbi.nlm.nih.gov/14658291/,epidemiologie/general/2003_14658291_epidemiological-risk-assessment-of-pathology-devel.md
10955406,10.1097/00001648-200009000-00009,2000,epidemiologie,general,,"Epidemiology (Cambridge, Mass.)",Exposure to electromagnetic fields and risk of central nervous system disease in utility workers.,https://pubmed.ncbi.nlm.nih.gov/10955406/,epidemiologie/general/2000_10955406_exposure-to-electromagnetic-fields-and-risk-of-cen.md
10487059,,1999,epidemiologie,general,,Nihon Igaku Hoshasen Gakkai zasshi. Nippon acta radiologica,[Bacterial mutation in high magnetic fields and radiofrequency radiation].,https://pubmed.ncbi.nlm.nih.gov/10487059/,epidemiologie/general/1999_10487059_bacterial-mutation-in-high-magnetic-fields-and-rad.md
9125230,10.1002/(sici)1521-186x(1997)18:1<28::aid-bem6>3.0.co;2-7,1997,epidemiologie,general,,Bioelectromagnetics,Amyotrophic lateral sclerosis and occupational exposure to electromagnetic fields.,https://pubmed.ncbi.nlm.nih.gov/9125230/,epidemiologie/general/1997_9125230_amyotrophic-lateral-sclerosis-and-occupational-exp.md
8717316,10.1016/0048-9697(95)04915-0,1996,epidemiologie,general,,The Science of the total environment,Cancer morbidity in subjects occupationally exposed to high frequency (radiofrequency and microwave) electromagnetic radiation.,https://pubmed.ncbi.nlm.nih.gov/8717316/,epidemiologie/general/1996_8717316_cancer-morbidity-in-subjects-occupationally-expose.md
7677130,10.1093/oxfordjournals.aje.a117669,1995,epidemiologie,general,,American journal of epidemiology,Occupations with exposure to electromagnetic fields: a possible risk factor for Alzheimer's disease.,https://pubmed.ncbi.nlm.nih.gov/7677130/,epidemiologie/general/1995_7677130_occupations-with-exposure-to-electromagnetic-field.md
8398864,10.1136/oem.50.8.758,1993,epidemiologie,general,,British journal of industrial medicine,Incidence of cancer in persons with occupational exposure to electromagnetic fields in Denmark.,https://pubmed.ncbi.nlm.nih.gov/8398864/,epidemiologie/general/1993_8398864_incidence-of-cancer-in-persons-with-occupational-e.md
1877594,10.1093/oxfordjournals.aje.a116095,1991,epidemiologie,general,,American journal of epidemiology,Occupational exposure to electromagnetic fields and breast cancer in men.,https://pubmed.ncbi.nlm.nih.gov/1877594/,epidemiologie/general/1991_1877594_occupational-exposure-to-electromagnetic-fields-an.md
37051497,10.30476/dentjods.2022.92515.1656,2023,epidemiologie,genotoxicite_epigenetique,cancer,,A Comparative Evaluation of the Genotoxic Effects of Mobile Phone Radiation Using Buccal Micronucleus Assay.,https://pubmed.ncbi.nlm.nih.gov/37051497/,epidemiologie/genotoxicite_epigenetique/2023_37051497_a-comparative-evaluation-of-the-genotoxic-effects.md
28777669,10.1080/15368378.2017.1350584,2017,epidemiologie,genotoxicite_epigenetique,stress_oxydatif;dosimetrie_exposition,Electromagnetic biology and medicine,Impact of radiofrequency radiation on DNA damage and antioxidants in peripheral blood lymphocytes of humans residing in the vicinity of mobile phone base stations.,https://pubmed.ncbi.nlm.nih.gov/28777669/,epidemiologie/genotoxicite_epigenetique/2017_28777669_impact-of-radiofrequency-radiation-on-dna-damage-a.md
41317834,10.1016/j.envres.2025.123439,2026,epidemiologie,neuro_comportement_cognition,,,No measurable impact of acute 26 GHz 5G exposure on salivary stress markers in healthy adults.,https://pubmed.ncbi.nlm.nih.gov/41317834/,epidemiologie/neuro_comportement_cognition/2026_41317834_no-measurable-impact-of-acute-26-ghz-5g-exposure-o.md
41604288,10.1016/j.ejrad.2025.112473,2026,epidemiologie,neuro_comportement_cognition,,European journal of radiology,Interpretable machine learning model using dual-energy CT for predicting adverse histopathological status in gastric cancer: A multicenter study.,https://pubmed.ncbi.nlm.nih.gov/41604288/,epidemiologie/neuro_comportement_cognition/2026_41604288_interpretable-machine-learning-model-using-dual-en.md
41740269,10.1016/j.ejrad.2026.112742,2026,epidemiologie,neuro_comportement_cognition,cancer,European journal of radiology,Non-invasive prediction of Ki-67 expression in gastric cancer using AI-based dual-energy CT: a multicenter study.,https://pubmed.ncbi.nlm.nih.gov/41740269/,epidemiologie/neuro_comportement_cognition/2026_41740269_non-invasive-prediction-of-ki-67-expression-in-gas.md
42364263,10.1016/j.crad.2026.107403,2026,epidemiologie,neuro_comportement_cognition,cancer,,Deep learning reconstruction dual-energy computed tomography for gastrointestinal system tumors: low-kiloelectron volt imaging vs routine imaging.,https://pubmed.ncbi.nlm.nih.gov/42364263/,epidemiologie/neuro_comportement_cognition/2026_42364263_deep-learning-reconstruction-dual-energy-computed.md
42474719,10.1007/s00261-026-05679-8,2026,epidemiologie,neuro_comportement_cognition,,,Multi-DECT image-based intra- and peritumoral interpretable radiomics and artificial intelligence models for preoperative prediction of pathological grading of non-muscle-invasive bladder cancer.,https://pubmed.ncbi.nlm.nih.gov/42474719/,epidemiologie/neuro_comportement_cognition/2026_42474719_multi-dect-image-based-intra-and-peritumoral-inter.md
42550187,10.1007/s00261-026-05707-7,2026,epidemiologie,neuro_comportement_cognition,,,Deep learning image reconstruction improves visualization of arterial phase hyperenhancement and washout appearance on dual-energy CT for hepatocellular carcinoma: a non-inferiority study.,https://pubmed.ncbi.nlm.nih.gov/42550187/,epidemiologie/neuro_comportement_cognition/2026_42550187_deep-learning-image-reconstruction-improves-visual.md
PPR1306903,10.64898/2026.08.25.26361319,2026,epidemiologie,neuro_comportement_cognition,,,Plasma Proteomics Identifies a Microtesla Magnetic Therapy Response Signature in Long COVID,https://doi.org/10.64898/2026.08.25.26361319,epidemiologie/neuro_comportement_cognition/2026_PPR1306903_plasma-proteomics-identifies-a-microtesla-magnetic.md
40727578,10.1016/j.ijchp.2025.100609,2025,epidemiologie,neuro_comportement_cognition,,,Do expectations shape interoceptive perceptions across body domains? A sham EMF study to test the predictive processing theory.,https://pubmed.ncbi.nlm.nih.gov/40727578/,epidemiologie/neuro_comportement_cognition/2025_40727578_do-expectations-shape-interoceptive-perceptions-ac.md
41203108,10.1016/j.neuroscience.2025.11.007,2025,epidemiologie,neuro_comportement_cognition,eeg_sommeil,,Modulation of brain functional connectivity in healthy young adults following GSM radiofrequency exposure: A magnetoencephalography and magnetic resonance imaging study.,https://pubmed.ncbi.nlm.nih.gov/41203108/,epidemiologie/neuro_comportement_cognition/2025_41203108_modulation-of-brain-functional-connectivity-in-hea.md
41327160,10.1186/s12885-025-15107-7,2025,epidemiologie,neuro_comportement_cognition,,BMC cancer,Enhancing prediction accuracy for muscle invasion in bladder cancer using a dual-energy CT-based interpretable model incorporating habitat radiomics and deep learning.,https://pubmed.ncbi.nlm.nih.gov/41327160/,epidemiologie/neuro_comportement_cognition/2025_41327160_enhancing-prediction-accuracy-for-muscle-invasion.md
41847591,10.1145/3765612.3767222,2025,epidemiologie,neuro_comportement_cognition,,"ACM-BCB ... ... : the ... ACM Conference on Bioinformatics, Computational Biology and Biomedicine. ACM Conference on Bioinformatics, Computational Biology and Biomedicine",Enhancing Agent-Based Models with Real-Time Movement Data to Assess Impacts of Biosecurity Interventions on Disease Exposure in Healthcare Settings.,https://pubmed.ncbi.nlm.nih.gov/41847591/,epidemiologie/neuro_comportement_cognition/2025_41847591_enhancing-agent-based-models-with-real-time-moveme.md
38993329,10.3389/fnhum.2024.1383913,2024,epidemiologie,neuro_comportement_cognition,eeg_sommeil,Frontiers in human neuroscience,Mobile phone short video use negatively impacts attention functions: an EEG study.,https://pubmed.ncbi.nlm.nih.gov/38993329/,epidemiologie/neuro_comportement_cognition/2024_38993329_mobile-phone-short-video-use-negatively-impacts-at.md
39137016,10.2196/39554,2024,epidemiologie,neuro_comportement_cognition,eeg_sommeil,JMIR formative research,Exploring the Impact of a Sleep App on Sleep Quality in a General Population Sample: Pilot Randomized Controlled Trial.,https://pubmed.ncbi.nlm.nih.gov/39137016/,epidemiologie/neuro_comportement_cognition/2024_39137016_exploring-the-impact-of-a-sleep-app-on-sleep-quali.md
39703810,10.2147/PRBM.S489357,2024,epidemiologie,neuro_comportement_cognition,,Psychology research and behavior management,"Depression Severity Mediates the Relationships Between Parenting Styles, Peer-Victimization and Mobile Phone Dependence in Adolescents.",https://pubmed.ncbi.nlm.nih.gov/39703810/,epidemiologie/neuro_comportement_cognition/2024_39703810_depression-severity-mediates-the-relationships-bet.md
36496184,10.1016/j.etap.2022.104035,2023,epidemiologie,neuro_comportement_cognition,eeg_sommeil,Environmental toxicology and pharmacology,Forecasting and analysis of the effect of lifestyle on cognitive dysfunction induced by occupational aluminum exposure based on Bayesian networks.,https://pubmed.ncbi.nlm.nih.gov/36496184/,epidemiologie/neuro_comportement_cognition/2023_36496184_forecasting-and-analysis-of-the-effect-of-lifestyl.md
36594048,10.1007/s00779-022-01707-8,2023,epidemiologie,neuro_comportement_cognition,eeg_sommeil,Personal and ubiquitous computing,Comparing online cognitive load on mobile versus PC-based devices.,https://pubmed.ncbi.nlm.nih.gov/36594048/,epidemiologie/neuro_comportement_cognition/2023_36594048_comparing-online-cognitive-load-on-mobile-versus-p.md
37096352,10.1177/03331024231169244,2023,epidemiologie,neuro_comportement_cognition,,Cephalalgia : an international journal of headache,Forecasting migraine with machine learning based on mobile phone diary and wearable data.,https://pubmed.ncbi.nlm.nih.gov/37096352/,epidemiologie/neuro_comportement_cognition/2023_37096352_forecasting-migraine-with-machine-learning-based-o.md
37905240,10.3389/fpubh.2023.1247438,2023,epidemiologie,neuro_comportement_cognition,neurodeveloppement,Frontiers in public health,"Absolute and relative preferences for mobile phone internet content, mobile phone dependence, and depressive symptoms: a study of Chinese university students in the post-pandemic era.",https://pubmed.ncbi.nlm.nih.gov/37905240/,epidemiologie/neuro_comportement_cognition/2023_37905240_absolute-and-relative-preferences-for-mobile-phone.md
38093382,10.1186/s40359-023-01481-z,2023,epidemiologie,neuro_comportement_cognition,eeg_sommeil;neurodeveloppement,BMC psychology,Problematic mobile phone use and time management disposition in Chinese college students: the chain mediating role of sleep quality and cognitive flexibility.,https://pubmed.ncbi.nlm.nih.gov/38093382/,epidemiologie/neuro_comportement_cognition/2023_38093382_problematic-mobile-phone-use-and-time-management-d.md
35482373,10.2196/35295,2022,epidemiologie,neuro_comportement_cognition,eeg_sommeil,JMIR serious games,Impact of Visual Game-Like Features on Cognitive Performance in a Virtual Reality Working Memory Task: Within-Subjects Experiment.,https://pubmed.ncbi.nlm.nih.gov/35482373/,epidemiologie/neuro_comportement_cognition/2022_35482373_impact-of-visual-game-like-features-on-cognitive-p.md
35671286,10.1371/journal.pone.0269457,2022,epidemiologie,neuro_comportement_cognition,reproduction,PloS one,Mobile phone carrying locations and risk perception of men: A cross-sectional study.,https://pubmed.ncbi.nlm.nih.gov/35671286/,epidemiologie/neuro_comportement_cognition/2022_35671286_mobile-phone-carrying-locations-and-risk-perceptio.md
35687403,10.2196/23879,2022,epidemiologie,neuro_comportement_cognition,neurodeveloppement,JMIR formative research,"Feasibility and Acceptability of Internet-Based Interpersonal Psychotherapy for Stress, Anxiety, and Depression in Prenatal Women: Thematic Analysis.",https://pubmed.ncbi.nlm.nih.gov/35687403/,epidemiologie/neuro_comportement_cognition/2022_35687403_feasibility-and-acceptability-of-internet-based-in.md
36231371,10.3390/ijerph191912070,2022,epidemiologie,neuro_comportement_cognition,neurodeveloppement,International journal of environmental research and public health,Impact of Mobile Phone Screen Exposure on Adolescents' Cognitive Health.,https://pubmed.ncbi.nlm.nih.gov/36231371/,epidemiologie/neuro_comportement_cognition/2022_36231371_impact-of-mobile-phone-screen-exposure-on-adolesce.md
36497924,10.3390/ijerph192315849,2022,epidemiologie,neuro_comportement_cognition,,International journal of environmental research and public health,Current Status and Correlation of Physical Activity and Tendency to Problematic Mobile Phone Use in College Students.,https://pubmed.ncbi.nlm.nih.gov/36497924/,epidemiologie/neuro_comportement_cognition/2022_36497924_current-status-and-correlation-of-physical-activit.md
33221634,10.1016/j.ijheh.2020.113659,2021,epidemiologie,neuro_comportement_cognition,neurodeveloppement,International journal of hygiene and environmental health,Association between estimated whole-brain radiofrequency electromagnetic fields dose and cognitive function in preadolescents and adolescents.,https://pubmed.ncbi.nlm.nih.gov/33221634/,epidemiologie/neuro_comportement_cognition/2021_33221634_association-between-estimated-whole-brain-radiofre.md
33990000,10.1016/j.gaitpost.2021.05.001,2021,epidemiologie,neuro_comportement_cognition,,Gait & posture,Mobile phone use is detrimental for gait stability in young adults.,https://pubmed.ncbi.nlm.nih.gov/33990000/,epidemiologie/neuro_comportement_cognition/2021_33990000_mobile-phone-use-is-detrimental-for-gait-stability.md
34444385,10.3390/ijerph18168637,2021,epidemiologie,neuro_comportement_cognition,,International journal of environmental research and public health,Mobile Phone Use during Gait: The Role of Perceived Prioritization and Executive Control.,https://pubmed.ncbi.nlm.nih.gov/34444385/,epidemiologie/neuro_comportement_cognition/2021_34444385_mobile-phone-use-during-gait-the-role-of-perceived.md
31076240,10.1016/j.addbeh.2019.04.033,2020,epidemiologie,neuro_comportement_cognition,neurodeveloppement;eeg_sommeil,Addictive behaviors,"The relationships between mobile phone use and depressive symptoms, bodily pain, and daytime sleepiness in Hong Kong secondary school students.",https://pubmed.ncbi.nlm.nih.gov/31076240/,epidemiologie/neuro_comportement_cognition/2020_31076240_the-relationships-between-mobile-phone-use-and-dep.md
31464478,10.1037/xap0000239,2020,epidemiologie,neuro_comportement_cognition,,Journal of experimental psychology. Applied,Having a phone conversation delays but does not disrupt cognitive mechanisms.,https://pubmed.ncbi.nlm.nih.gov/31464478/,epidemiologie/neuro_comportement_cognition/2020_31464478_having-a-phone-conversation-delays-but-does-not-di.md
31744429,10.1176/appi.ps.201900203,2020,epidemiologie,neuro_comportement_cognition,,"Psychiatric services (Washington, D.C.)",Mobile Phone and Smartphone Use by People With Serious Mental Illness.,https://pubmed.ncbi.nlm.nih.gov/31744429/,epidemiologie/neuro_comportement_cognition/2020_31744429_mobile-phone-and-smartphone-use-by-people-with-ser.md
32040492,10.1371/journal.pone.0228756,2020,epidemiologie,neuro_comportement_cognition,eeg_sommeil,PloS one,"Effect of restricting bedtime mobile phone use on sleep, arousal, mood, and working memory: A randomized pilot trial.",https://pubmed.ncbi.nlm.nih.gov/32040492/,epidemiologie/neuro_comportement_cognition/2020_32040492_effect-of-restricting-bedtime-mobile-phone-use-on.md
32223848,10.1071/HC19042,2020,epidemiologie,neuro_comportement_cognition,,Journal of primary health care,Cell phone and technology use by octogenarians.,https://pubmed.ncbi.nlm.nih.gov/32223848/,epidemiologie/neuro_comportement_cognition/2020_32223848_cell-phone-and-technology-use-by-octogenarians.md
32294828,10.3760/cma.j.issn.0254-6450.2020.03.008,2020,epidemiologie,neuro_comportement_cognition,neurodeveloppement;eeg_sommeil,Zhonghua liu xing bing xue za zhi = Zhonghua liuxingbingxue zazhi,[Mobile phone use in early pregnant and infant sleep-wake behaviour in 6 months: a cohort study].,https://pubmed.ncbi.nlm.nih.gov/32294828/,epidemiologie/neuro_comportement_cognition/2020_32294828_mobile-phone-use-in-early-pregnant-and-infant-slee.md
32803902,10.1111/jan.14496,2020,epidemiologie,neuro_comportement_cognition,,Journal of advanced nursing,Private life telepressure and workplace cognitive failure among hospital nurses: The moderating role of mobile phone presence.,https://pubmed.ncbi.nlm.nih.gov/32803902/,epidemiologie/neuro_comportement_cognition/2020_32803902_private-life-telepressure-and-workplace-cognitive.md
33087109,10.1186/s12889-020-09695-1,2020,epidemiologie,neuro_comportement_cognition,neurodeveloppement;eeg_sommeil,BMC public health,"Chinese public's knowledge, perceived severity, and perceived controllability of COVID-19 and their associations with emotional and behavioural reactions, social participation, and precautionary behaviour: a national survey.",https://pubmed.ncbi.nlm.nih.gov/33087109/,epidemiologie/neuro_comportement_cognition/2020_33087109_chinese-public-s-knowledge-perceived-severity-and.md
31531216,10.4103/ijpvm.IJPVM_311_17,2019,epidemiologie,neuro_comportement_cognition,eeg_sommeil,International journal of preventive medicine,Association between General Health and Mobile Phone Dependency among Medical University Students: A Cross-sectional Study in Iran.,https://pubmed.ncbi.nlm.nih.gov/31531216/,epidemiologie/neuro_comportement_cognition/2019_31531216_association-between-general-health-and-mobile-phon.md
31907144,10.12122/j.issn.1673-4254.2019.12.16,2019,epidemiologie,neuro_comportement_cognition,eeg_sommeil,Nan fang yi ke da xue xue bao = Journal of Southern Medical University,[Association of mobile phone overuse with sleep disorder and unhealthy eating behaviors in college students of a medical university in Guangzhou].,https://pubmed.ncbi.nlm.nih.gov/31907144/,epidemiologie/neuro_comportement_cognition/2019_31907144_association-of-mobile-phone-overuse-with-sleep-dis.md
29649707,10.1016/j.gaitpost.2018.04.007,2018,epidemiologie,neuro_comportement_cognition,neurodeveloppement,Gait & posture,Specific smartphone usage and cognitive performance affect gait characteristics during free-living and treadmill walking.,https://pubmed.ncbi.nlm.nih.gov/29649707/,epidemiologie/neuro_comportement_cognition/2018_29649707_specific-smartphone-usage-and-cognitive-performanc.md
30530464,10.2196/10049,2018,epidemiologie,neuro_comportement_cognition,,JMIR mHealth and uHealth,"Mobile Phone, Computer, and Internet Use Among Older Homeless Adults: Results from the HOPE HOME Cohort Study.",https://pubmed.ncbi.nlm.nih.gov/30530464/,epidemiologie/neuro_comportement_cognition/2018_30530464_mobile-phone-computer-and-internet-use-among-older.md
30598957,10.4103/jfmpc.jfmpc_120_17,2018,epidemiologie,neuro_comportement_cognition,neurodeveloppement,Journal of family medicine and primary care,The effectiveness of mobile phone text massaging support for mothers with postpartum depression: A clinical before and after study.,https://pubmed.ncbi.nlm.nih.gov/30598957/,epidemiologie/neuro_comportement_cognition/2018_30598957_the-effectiveness-of-mobile-phone-text-massaging-s.md
28661428,10.3390/ijerph14070701,2017,epidemiologie,neuro_comportement_cognition,neurodeveloppement;eeg_sommeil,International journal of environmental research and public health,Association between Excessive Use of Mobile Phone and Insomnia and Depression among Japanese Adolescents.,https://pubmed.ncbi.nlm.nih.gov/28661428/,epidemiologie/neuro_comportement_cognition/2017_28661428_association-between-excessive-use-of-mobile-phone.md
28717768,10.1200/JGO.2016.004119,2017,epidemiologie,neuro_comportement_cognition,,Journal of global oncology,Symptom Levels in Care-Seeking Bangladeshi and Nepalese Adults With Advanced Cancer.,https://pubmed.ncbi.nlm.nih.gov/28717768/,epidemiologie/neuro_comportement_cognition/2017_28717768_symptom-levels-in-care-seeking-bangladeshi-and-nep.md
28873768,,2017,epidemiologie,neuro_comportement_cognition,,Studies in health technology and informatics,Digital Support for Persons with Cognitive Impairment.,https://pubmed.ncbi.nlm.nih.gov/28873768/,epidemiologie/neuro_comportement_cognition/2017_28873768_digital-support-for-persons-with-cognitive-impairm.md
25768842,10.1080/13607863.2015.1008987,2016,epidemiologie,neuro_comportement_cognition,,Aging & mental health,Neurocognitive and functional correlates of mobile phone use in middle-aged and older patients with schizophrenia.,https://pubmed.ncbi.nlm.nih.gov/25768842/,epidemiologie/neuro_comportement_cognition/2016_25768842_neurocognitive-and-functional-correlates-of-mobile.md
26769168,10.1002/bem.21951,2016,epidemiologie,neuro_comportement_cognition,neurodeveloppement;dosimetrie_exposition,Bioelectromagnetics,Does exposure to environmental radiofrequency electromagnetic fields cause cognitive and behavioral effects in 10-year-old boys?,https://pubmed.ncbi.nlm.nih.gov/26769168/,epidemiologie/neuro_comportement_cognition/2016_26769168_does-exposure-to-environmental-radiofrequency-elec.md
27665258,10.1016/j.ijheh.2016.08.007,2016,epidemiologie,neuro_comportement_cognition,neurodeveloppement,International journal of hygiene and environmental health,"Mobile phone use, behavioural problems and concentration capacity in adolescents: A prospective study.",https://pubmed.ncbi.nlm.nih.gov/27665258/,epidemiologie/neuro_comportement_cognition/2016_27665258_mobile-phone-use-behavioural-problems-and-concentr.md
27788568,10.5620/eht.e2016022,2016,epidemiologie,neuro_comportement_cognition,eeg_sommeil,Environmental health and toxicology,A cross-sectional study of the association between mobile phone use and symptoms of ill health.,https://pubmed.ncbi.nlm.nih.gov/27788568/,epidemiologie/neuro_comportement_cognition/2016_27788568_a-cross-sectional-study-of-the-association-between.md
25967996,10.1136/bmjopen-2014-007302,2015,epidemiologie,neuro_comportement_cognition,neurodeveloppement,BMJ open,"Association between mobile phone use and self-reported well-being in children: a questionnaire-based cross-sectional study in Chongqing, China.",https://pubmed.ncbi.nlm.nih.gov/25967996/,epidemiologie/neuro_comportement_cognition/2015_25967996_association-between-mobile-phone-use-and-self-repo.md
26053080,10.1097/JAN.0000000000000074,2015,epidemiologie,neuro_comportement_cognition,neurodeveloppement,Journal of addictions nursing,Mobile Phone Overuse Among Elementary School Students in Korea: Factors Associated With Mobile Phone Use as a Behavior Addiction.,https://pubmed.ncbi.nlm.nih.gov/26053080/,epidemiologie/neuro_comportement_cognition/2015_26053080_mobile-phone-overuse-among-elementary-school-stude.md
26187404,10.2196/resprot.3852,2015,epidemiologie,neuro_comportement_cognition,eeg_sommeil,JMIR research protocols,Mobile App-Delivered Cognitive Behavioral Therapy for Insomnia: Feasibility and Initial Efficacy Among Veterans With Cannabis Use Disorders.,https://pubmed.ncbi.nlm.nih.gov/26187404/,epidemiologie/neuro_comportement_cognition/2015_26187404_mobile-app-delivered-cognitive-behavioral-therapy.md
26222312,10.1371/journal.pone.0133528,2015,epidemiologie,neuro_comportement_cognition,neurodeveloppement;eeg_sommeil,PloS one,Symptoms and Cognitive Functions in Adolescents in Relation to Mobile Phone Use during Night.,https://pubmed.ncbi.nlm.nih.gov/26222312/,epidemiologie/neuro_comportement_cognition/2015_26222312_symptoms-and-cognitive-functions-in-adolescents-in.md
26474271,10.1016/j.envint.2015.09.025,2015,epidemiologie,neuro_comportement_cognition,neurodeveloppement,Environment international,"Memory performance, wireless communication and exposure to radiofrequency electromagnetic fields: A prospective cohort study in adolescents.",https://pubmed.ncbi.nlm.nih.gov/26474271/,epidemiologie/neuro_comportement_cognition/2015_26474271_memory-performance-wireless-communication-and-expo.md
22605787,10.1177/2047487312449416,2014,epidemiologie,neuro_comportement_cognition,,European journal of preventive cardiology,Development of a set of mobile phone text messages designed for prevention of recurrent cardiovascular events.,https://pubmed.ncbi.nlm.nih.gov/22605787/,epidemiologie/neuro_comportement_cognition/2014_22605787_development-of-a-set-of-mobile-phone-text-messages.md
24082641,10.4103/0019-5278.116365,2013,epidemiologie,neuro_comportement_cognition,,Indian journal of occupational and environmental medicine,Adverse health effects of occupational exposure to radiofrequency radiation in airport surveillance radar operators.,https://pubmed.ncbi.nlm.nih.gov/24082641/,epidemiologie/neuro_comportement_cognition/2013_24082641_adverse-health-effects-of-occupational-exposure-to.md
25929484,10.1002/bem.20698,2012,epidemiologie,neuro_comportement_cognition,,Bioelectromagnetics,Long-term digital mobile phone use and cognitive decline in the elderly.,https://pubmed.ncbi.nlm.nih.gov/25929484/,epidemiologie/neuro_comportement_cognition/2012_25929484_long-term-digital-mobile-phone-use-and-cognitive-d.md
17216609,10.1002/bem.20301,2007,epidemiologie,neuro_comportement_cognition,eeg_sommeil,Bioelectromagnetics,Effects of short- and long-term pulsed radiofrequency electromagnetic fields on night sleep and cognitive functions in healthy subjects.,https://pubmed.ncbi.nlm.nih.gov/17216609/,epidemiologie/neuro_comportement_cognition/2007_17216609_effects-of-short-and-long-term-pulsed-radiofrequen.md
15031956,10.1078/1438-4639-00269,2004,epidemiologie,neuro_comportement_cognition,eeg_sommeil,International journal of hygiene and environmental health,Symptoms of ill health ascribed to electromagnetic field exposure--a questionnaire survey.,https://pubmed.ncbi.nlm.nih.gov/15031956/,epidemiologie/neuro_comportement_cognition/2004_15031956_symptoms-of-ill-health-ascribed-to-electromagnetic.md
15475717,10.1097/01.ede.0000142147.49297.9d,2004,epidemiologie,neuro_comportement_cognition,,"Epidemiology (Cambridge, Mass.)",Occupational exposure to electromagnetic fields and risk of Alzheimer's disease.,https://pubmed.ncbi.nlm.nih.gov/15475717/,epidemiologie/neuro_comportement_cognition/2004_15475717_occupational-exposure-to-electromagnetic-fields-an.md
8960730,10.1212/wnl.47.6.1477,1996,epidemiologie,neuro_comportement_cognition,,Neurology,Elevated risk of Alzheimer's disease among workers with likely electromagnetic field exposure.,https://pubmed.ncbi.nlm.nih.gov/8960730/,epidemiologie/neuro_comportement_cognition/1996_8960730_elevated-risk-of-alzheimer-s-disease-among-workers.md
41498450,10.1002/bem.70042,2026,epidemiologie,neurodeveloppement,,Bioelectromagnetics,RF-EMF Risk Perception and Trust in Radiation Protection Authorities: A Comparative Study on Precautionary Information in Germany and Greece.,https://pubmed.ncbi.nlm.nih.gov/41498450/,epidemiologie/neurodeveloppement/2026_41498450_rf-emf-risk-perception-and-trust-in-radiation-prot.md
41615383,10.1097/RCT.0000000000001847,2026,epidemiologie,neurodeveloppement,,Journal of computer assisted tomography,Extended Validity of Hematocrit for Dual-energy CT Extracellular Volume Calculation in Cirrhosis: A 7-Day Window Enhances Clinical Utility.,https://pubmed.ncbi.nlm.nih.gov/41615383/,epidemiologie/neurodeveloppement/2026_41615383_extended-validity-of-hematocrit-for-dual-energy-ct.md
42176942,10.1016/j.envres.2026.124775,2026,epidemiologie,neurodeveloppement,neuro_comportement_cognition,,Personal radio frequency electromagnetic field exposure among Swiss adolescents in the 5G era.,https://pubmed.ncbi.nlm.nih.gov/42176942/,epidemiologie/neurodeveloppement/2026_42176942_personal-radio-frequency-electromagnetic-field-exp.md
42386297,10.1136/bmjopen-2025-114516,2026,epidemiologie,neurodeveloppement,,,Spondyloarthritis Inception Cohort of Southern Denmark (SPINCODE): a protocol for a single centre prospective observational cohort study in patients suspected of axial spondyloarthritis.,https://pubmed.ncbi.nlm.nih.gov/42386297/,epidemiologie/neurodeveloppement/2026_42386297_spondyloarthritis-inception-cohort-of-southern-den.md
40566359,10.3390/ijerph22060933,2025,epidemiologie,neurodeveloppement,cancer,,Trends in Malignant and Benign Brain Tumor Incidence and Mobile Phone Use in the U.S. (2000-2021): A SEER-Based Study.,https://pubmed.ncbi.nlm.nih.gov/40566359/,epidemiologie/neurodeveloppement/2025_40566359_trends-in-malignant-and-benign-brain-tumor-inciden.md
40786381,10.7759/cureus.87671,2025,epidemiologie,neurodeveloppement,neuro_comportement_cognition,,Radiofrequency Electromagnetic Field Emissions and Neurodevelopmental Outcomes in Infants: A Prospective Cohort Study.,https://pubmed.ncbi.nlm.nih.gov/40786381/,epidemiologie/neurodeveloppement/2025_40786381_radiofrequency-electromagnetic-field-emissions-and.md
40888227,10.1111/tmi.70004,2025,epidemiologie,neurodeveloppement,reproduction,Tropical medicine & international health : TM & IH,Measuring childhood mortality through mobile phone interviews in Mozambique.,https://pubmed.ncbi.nlm.nih.gov/40888227/,epidemiologie/neurodeveloppement/2025_40888227_measuring-childhood-mortality-through-mobile-phone.md
41105948,10.2196/70819,2025,epidemiologie,neurodeveloppement,neuro_comportement_cognition;eeg_sommeil,Journal of medical Internet research,The Association Between Presleep and Postwake Mobile Phone Use and Nonsuicidal Self-Injury Among University Students: Cross-Sectional Study.,https://pubmed.ncbi.nlm.nih.gov/41105948/,epidemiologie/neurodeveloppement/2025_41105948_the-association-between-presleep-and-postwake-mobi.md
38006288,10.1080/00140139.2023.2288808,2024,epidemiologie,neurodeveloppement,eeg_sommeil,Ergonomics,"Decisional style, sleepiness, and online responsiveness.",https://pubmed.ncbi.nlm.nih.gov/38006288/,epidemiologie/neurodeveloppement/2024_38006288_decisional-style-sleepiness-and-online-responsiven.md
38428227,10.1016/j.actpsy.2024.104197,2024,epidemiologie,neurodeveloppement,,Acta psychologica,Psychometric properties of the Mobile Phone Parenting Practices Questionnaire (MPPPQ) for Chinese separated families with young children.,https://pubmed.ncbi.nlm.nih.gov/38428227/,epidemiologie/neurodeveloppement/2024_38428227_psychometric-properties-of-the-mobile-phone-parent.md
38916105,10.29063/ajrh2024/v28i5.6,2024,epidemiologie,neurodeveloppement,,African journal of reproductive health,"Jalinan Kasih android mobile phone application improves knowledge, attitude, and practice regarding early marriage among high school students: Evidence from quasi-experimental study.",https://pubmed.ncbi.nlm.nih.gov/38916105/,epidemiologie/neurodeveloppement/2024_38916105_jalinan-kasih-android-mobile-phone-application-imp.md
36056573,10.1111/cdev.13851,2023,epidemiologie,neurodeveloppement,eeg_sommeil,Child development,Are mobile phone ownership and age of acquisition associated with child adjustment? A 5-year prospective study among low-income Latinx children.,https://pubmed.ncbi.nlm.nih.gov/36056573/,epidemiologie/neurodeveloppement/2023_36056573_are-mobile-phone-ownership-and-age-of-acquisition.md
36709672,10.1016/j.envint.2023.107737,2023,epidemiologie,neurodeveloppement,neuro_comportement_cognition;dosimetrie_exposition,Environment international,Modelling of daily radiofrequency electromagnetic field dose for a prospective adolescent cohort.,https://pubmed.ncbi.nlm.nih.gov/36709672/,epidemiologie/neurodeveloppement/2023_36709672_modelling-of-daily-radiofrequency-electromagnetic.md
36717966,10.1111/ajo.13647,2023,epidemiologie,neurodeveloppement,,The Australian & New Zealand journal of obstetrics & gynaecology,My Baby's Movements: An assessment of the effectiveness of the My Baby's Movements phone program in reducing late-gestation stillbirth rates.,https://pubmed.ncbi.nlm.nih.gov/36717966/,epidemiologie/neurodeveloppement/2023_36717966_my-baby-s-movements-an-assessment-of-the-effective.md
37087382,10.1016/j.anpede.2022.12.004,2023,epidemiologie,neurodeveloppement,eeg_sommeil,Anales de pediatria,"Mobile phone use, sleep disorders and obesity in a social exclusion zone.",https://pubmed.ncbi.nlm.nih.gov/37087382/,epidemiologie/neurodeveloppement/2023_37087382_mobile-phone-use-sleep-disorders-and-obesity-in-a.md
37127572,10.1186/s12888-023-04786-w,2023,epidemiologie,neurodeveloppement,neuro_comportement_cognition,BMC psychiatry,Association of parent-child relationship quality and problematic mobile phone use with non-suicidal self-injury among adolescents.,https://pubmed.ncbi.nlm.nih.gov/37127572/,epidemiologie/neurodeveloppement/2023_37127572_association-of-parent-child-relationship-quality-a.md
37355930,10.3233/WOR-220661,2023,epidemiologie,neurodeveloppement,,"Work (Reading, Mass.)",Relationship between musculoskeletal discomfort and cell phone use among young adults: A cross-sectional survey.,https://pubmed.ncbi.nlm.nih.gov/37355930/,epidemiologie/neurodeveloppement/2023_37355930_relationship-between-musculoskeletal-discomfort-an.md
37531173,10.2196/46893,2023,epidemiologie,neurodeveloppement,,JMIR human factors,Evaluating the Usefulness and Ease of Use of a Next-Generation-Connected Drug Delivery Device for Growth Hormone Therapy: Qualitative Study of Health Care Professionals' Perceptions.,https://pubmed.ncbi.nlm.nih.gov/37531173/,epidemiologie/neurodeveloppement/2023_37531173_evaluating-the-usefulness-and-ease-of-use-of-a-nex.md
34757029,10.1016/j.envres.2021.112291,2022,epidemiologie,neurodeveloppement,eeg_sommeil,Environmental research,"Estimated all-day and evening whole-brain radiofrequency electromagnetic fields doses, and sleep in preadolescents.",https://pubmed.ncbi.nlm.nih.gov/34757029/,epidemiologie/neurodeveloppement/2022_34757029_estimated-all-day-and-evening-whole-brain-radiofre.md
34974237,10.1016/j.envint.2021.107069,2022,epidemiologie,neurodeveloppement,cancer,Environment international,Wireless phone use in childhood and adolescence and neuroepithelial brain tumours: Results from the international MOBI-Kids study.,https://pubmed.ncbi.nlm.nih.gov/34974237/,epidemiologie/neurodeveloppement/2022_34974237_wireless-phone-use-in-childhood-and-adolescence-an.md
35421393,10.1016/j.envres.2022.113252,2022,epidemiologie,neurodeveloppement,neuro_comportement_cognition,Environmental research,Personal radiofrequency electromagnetic field exposure of adolescents in the Greater London area in the SCAMP cohort and the association with restrictions on permitted use of mobile communication technologies at school and at home.,https://pubmed.ncbi.nlm.nih.gov/35421393/,epidemiologie/neurodeveloppement/2022_35421393_personal-radiofrequency-electromagnetic-field-expo.md
35764947,10.1186/s12884-022-04748-2,2022,epidemiologie,neurodeveloppement,,BMC pregnancy and childbirth,Attitudes toward medicalization in childbirth and their relationship with locus of control and coping in a Spanish population.,https://pubmed.ncbi.nlm.nih.gov/35764947/,epidemiologie/neurodeveloppement/2022_35764947_attitudes-toward-medicalization-in-childbirth-and.md
33245886,10.1016/j.envres.2020.110505,2021,epidemiologie,neurodeveloppement,,Environmental research,Radiofrequency electromagnetic fields from mobile communication: Description of modeled dose in brain regions and the body in European children and adolescents.,https://pubmed.ncbi.nlm.nih.gov/33245886/,epidemiologie/neurodeveloppement/2021_33245886_radiofrequency-electromagnetic-fields-from-mobile.md
33807794,10.3390/ijerph18052612,2021,epidemiologie,neurodeveloppement,eeg_sommeil,International journal of environmental research and public health,Adaptation and Psychometric Analysis of the Test of Mobile Phone Dependence-Brief Version in Italian Adolescents.,https://pubmed.ncbi.nlm.nih.gov/33807794/,epidemiologie/neurodeveloppement/2021_33807794_adaptation-and-psychometric-analysis-of-the-test-o.md
31782175,10.1111/cch.12729,2020,epidemiologie,neurodeveloppement,,"Child: care, health and development",Reducing unintentional injuries in under fives: Development and testing of a mobile phone app.,https://pubmed.ncbi.nlm.nih.gov/31782175/,epidemiologie/neurodeveloppement/2020_31782175_reducing-unintentional-injuries-in-under-fives-dev.md
32191529,10.1089/cyber.2019.0591,2020,epidemiologie,neurodeveloppement,neuro_comportement_cognition;eeg_sommeil,"Cyberpsychology, behavior and social networking",Prolonged Mobile Phone Use Is Associated with Poor Academic Performance in Adolescents.,https://pubmed.ncbi.nlm.nih.gov/32191529/,epidemiologie/neurodeveloppement/2020_32191529_prolonged-mobile-phone-use-is-associated-with-poor.md
32554140,10.1016/j.envint.2020.105808,2020,epidemiologie,neurodeveloppement,,Environment international,Estimated whole-brain and lobe-specific radiofrequency electromagnetic fields doses and brain volumes in preadolescents.,https://pubmed.ncbi.nlm.nih.gov/32554140/,epidemiologie/neurodeveloppement/2020_32554140_estimated-whole-brain-and-lobe-specific-radiofrequ.md
32623065,10.1016/j.jogoh.2020.101852,2020,epidemiologie,neurodeveloppement,,Journal of gynecology obstetrics and human reproduction,Mobile phone use during pregnancy: Which association with fetal growth?,https://pubmed.ncbi.nlm.nih.gov/32623065/,epidemiologie/neurodeveloppement/2020_32623065_mobile-phone-use-during-pregnancy-which-associatio.md
33149872,10.1155/2020/9465019,2020,epidemiologie,neurodeveloppement,neuro_comportement_cognition,Journal of healthcare engineering,Determinants of Maternal Behavior of Mobile Phone Use during Pregnancy.,https://pubmed.ncbi.nlm.nih.gov/33149872/,epidemiologie/neurodeveloppement/2020_33149872_determinants-of-maternal-behavior-of-mobile-phone.md
33433511,10.4103/ijdr.IJDR_634_18,2020,epidemiologie,neurodeveloppement,cancer,Indian journal of dental research : official publication of Indian Society for Dental Research,Occurrence of micronuclei in exfoliated buccal mucosal cells in mobile phone users: A case-control study.,https://pubmed.ncbi.nlm.nih.gov/33433511/,epidemiologie/neurodeveloppement/2020_33433511_occurrence-of-micronuclei-in-exfoliated-buccal-muc.md
30448205,10.1016/j.envres.2018.09.015,2019,epidemiologie,neurodeveloppement,dosimetrie_exposition;cancer;neuro_comportement_cognition,Environmental research,Real-world cell phone radiofrequency electromagnetic field exposures.,https://pubmed.ncbi.nlm.nih.gov/30448205/,epidemiologie/neurodeveloppement/2019_30448205_real-world-cell-phone-radiofrequency-electromagnet.md
30530090,10.1016/j.envres.2018.11.042,2019,epidemiologie,neurodeveloppement,,Environmental research,Exposure and health risks perception of extremely low frequency and radiofrequency electromagnetic fields and the effect of providing information.,https://pubmed.ncbi.nlm.nih.gov/30530090/,epidemiologie/neurodeveloppement/2019_30530090_exposure-and-health-risks-perception-of-extremely.md
30614739,10.1089/cyber.2018.0177,2019,epidemiologie,neurodeveloppement,neuro_comportement_cognition,"Cyberpsychology, behavior and social networking",Mobile Phone-Use Habits Among Adolescents: Predictors of Intensive Use.,https://pubmed.ncbi.nlm.nih.gov/30614739/,epidemiologie/neurodeveloppement/2019_30614739_mobile-phone-use-habits-among-adolescents-predicto.md
31288182,10.1016/j.envint.2019.104948,2019,epidemiologie,neurodeveloppement,,Environment international,Ecological momentary assessment study of exposure to radiofrequency electromagnetic fields and non-specific physical symptoms with self-declared electrosensitives.,https://pubmed.ncbi.nlm.nih.gov/31288182/,epidemiologie/neurodeveloppement/2019_31288182_ecological-momentary-assessment-study-of-exposure.md
31298567,10.1089/chi.2018.0312,2019,epidemiologie,neurodeveloppement,neuro_comportement_cognition;eeg_sommeil,Childhood obesity (Print),Associations of Cell Phone Use and Screen Viewing with Overweight in Children.,https://pubmed.ncbi.nlm.nih.gov/31298567/,epidemiologie/neurodeveloppement/2019_31298567_associations-of-cell-phone-use-and-screen-viewing.md
29704776,10.1016/j.envres.2018.04.018,2018,epidemiologie,neurodeveloppement,,Environmental research,Recall of mobile phone usage and laterality in young people: The multinational Mobi-Expo study.,https://pubmed.ncbi.nlm.nih.gov/29704776/,epidemiologie/neurodeveloppement/2018_29704776_recall-of-mobile-phone-usage-and-laterality-in-you.md
29902122,10.1080/10810730.2018.1483444,2018,epidemiologie,neurodeveloppement,neuro_comportement_cognition,Journal of health communication,Mobile Phone Messaging to Husbands to Improve Maternal and Child Health Behavior in India.,https://pubmed.ncbi.nlm.nih.gov/29902122/,epidemiologie/neurodeveloppement/2018_29902122_mobile-phone-messaging-to-husbands-to-improve-mate.md
27741450,10.1016/j.envres.2016.09.019,2017,epidemiologie,neurodeveloppement,,Environmental research,Radiofrequency exposure in the Neonatal Medium Care Unit.,https://pubmed.ncbi.nlm.nih.gov/27741450/,epidemiologie/neurodeveloppement/2017_27741450_radiofrequency-exposure-in-the-neonatal-medium-car.md
28038972,10.1016/j.envint.2016.12.008,2017,epidemiologie,neurodeveloppement,,Environment international,Personal radiofrequency electromagnetic field exposure measurements in Swiss adolescents.,https://pubmed.ncbi.nlm.nih.gov/28038972/,epidemiologie/neurodeveloppement/2017_28038972_personal-radiofrequency-electromagnetic-field-expo.md
28342194,10.1002/bem.22047,2017,epidemiologie,neurodeveloppement,,Bioelectromagnetics,Analysis of mobile phone use among young patients with brain tumors in Japan.,https://pubmed.ncbi.nlm.nih.gov/28342194/,epidemiologie/neurodeveloppement/2017_28342194_analysis-of-mobile-phone-use-among-young-patients.md
28428170,10.2196/jmir.5604,2017,epidemiologie,neurodeveloppement,neuro_comportement_cognition,Journal of medical Internet research,Who Uses Mobile Phone Health Apps and Does Use Matter? A Secondary Data Analytics Approach.,https://pubmed.ncbi.nlm.nih.gov/28428170/,epidemiologie/neurodeveloppement/2017_28428170_who-uses-mobile-phone-health-apps-and-does-use-mat.md
28577556,10.1186/s12940-017-0257-x,2017,epidemiologie,neurodeveloppement,eeg_sommeil,Environmental health : a global access science source,"Mobile phone use, school electromagnetic field levels and related symptoms: a cross-sectional survey among 2150 high school students in Izmir.",https://pubmed.ncbi.nlm.nih.gov/28577556/,epidemiologie/neurodeveloppement/2017_28577556_mobile-phone-use-school-electromagnetic-field-leve.md
28729097,10.1016/j.jogc.2016.12.037,2017,epidemiologie,neurodeveloppement,,Journal of obstetrics and gynaecology Canada : JOGC = Journal d'obstetrique et gynecologie du Canada : JOGC,Post-Caesarean Section Surgical Site Infection Surveillance Using an Online Database and Mobile Phone Technology.,https://pubmed.ncbi.nlm.nih.gov/28729097/,epidemiologie/neurodeveloppement/2017_28729097_post-caesarean-section-surgical-site-infection-sur.md
26956811,10.5137/1019-5149.JTN.5985-12.1,2016,epidemiologie,neurodeveloppement,cancer;reproduction,Turkish neurosurgery,Etiology of Pituitary Tumors: A Case Control Study.,https://pubmed.ncbi.nlm.nih.gov/26956811/,epidemiologie/neurodeveloppement/2016_26956811_etiology-of-pituitary-tumors-a-case-control-study.md
27348251,10.1016/j.envres.2016.06.021,2016,epidemiologie,neurodeveloppement,neuro_comportement_cognition,Environmental research,"Outdoor and indoor sources of residential radiofrequency electromagnetic fields, personal cell phone and cordless phone use, and cognitive function in 5-6 years old children.",https://pubmed.ncbi.nlm.nih.gov/27348251/,epidemiologie/neurodeveloppement/2016_27348251_outdoor-and-indoor-sources-of-residential-radiofre.md
25115529,10.1016/j.jfma.2014.07.002,2015,epidemiologie,neurodeveloppement,eeg_sommeil,Journal of the Formosan Medical Association = Taiwan yi zhi,Mobile phone use and health symptoms in children.,https://pubmed.ncbi.nlm.nih.gov/25115529/,epidemiologie/neurodeveloppement/2015_25115529_mobile-phone-use-and-health-symptoms-in-children.md
25204836,10.1007/s10964-014-0176-x,2015,epidemiologie,neurodeveloppement,neuro_comportement_cognition;eeg_sommeil,Journal of youth and adolescence,"Adolescents' electronic media use at night, sleep disturbance, and depressive symptoms in the smartphone age.",https://pubmed.ncbi.nlm.nih.gov/25204836/,epidemiologie/neurodeveloppement/2015_25204836_adolescents-electronic-media-use-at-night-sleep-di.md
25937931,10.1186/s40201-015-0193-z,2015,epidemiologie,neurodeveloppement,reproduction;dosimetrie_exposition,Journal of environmental health science & engineering,Use of mobile phone during pregnancy and the risk of spontaneous abortion.,https://pubmed.ncbi.nlm.nih.gov/25937931/,epidemiologie/neurodeveloppement/2015_25937931_use-of-mobile-phone-during-pregnancy-and-the-risk.md
26015082,10.3402/gha.v8.27422,2015,epidemiologie,neurodeveloppement,neuro_comportement_cognition,Global health action,Feasibility of a large cohort study in sub-Saharan Africa assessed through a four-country study.,https://pubmed.ncbi.nlm.nih.gov/26015082/,epidemiologie/neurodeveloppement/2015_26015082_feasibility-of-a-large-cohort-study-in-sub-saharan.md
26509676,10.1371/journal.pone.0139869,2015,epidemiologie,neurodeveloppement,eeg_sommeil;neuro_comportement_cognition,PloS one,"Environmental Radiofrequency Electromagnetic Fields Exposure at Home, Mobile and Cordless Phone Use, and Sleep Problems in 7-Year-Old Children.",https://pubmed.ncbi.nlm.nih.gov/26509676/,epidemiologie/neurodeveloppement/2015_26509676_environmental-radiofrequency-electromagnetic-field.md
25273315,10.1186/1471-2458-14-1022,2014,epidemiologie,neurodeveloppement,neuro_comportement_cognition,BMC public health,Association between mobile phone use and inattention in 7102 Chinese adolescents: a population-based cross-sectional study.,https://pubmed.ncbi.nlm.nih.gov/25273315/,epidemiologie/neurodeveloppement/2014_25273315_association-between-mobile-phone-use-and-inattenti.md
25295243,10.3389/fpubh.2014.00124,2014,epidemiologie,neurodeveloppement,cancer,Frontiers in public health,The MOBI-Kids Study Protocol: Challenges in Assessing Childhood and Adolescent Exposure to Electromagnetic Fields from Wireless Telecommunication Technologies and Possible Association with Brain Tumor Risk.,https://pubmed.ncbi.nlm.nih.gov/25295243/,epidemiologie/neurodeveloppement/2014_25295243_the-mobi-kids-study-protocol-challenges-in-assessi.md
23574412,10.1111/ppe.12036,2013,epidemiologie,neurodeveloppement,,Paediatric and perinatal epidemiology,Cell phone exposures and hearing loss in children in the Danish National Birth Cohort.,https://pubmed.ncbi.nlm.nih.gov/23574412/,epidemiologie/neurodeveloppement/2013_23574412_cell-phone-exposures-and-hearing-loss-in-children.md
22354128,10.1097/JOM.0b013e3182445003,2012,epidemiologie,neurodeveloppement,reproduction,Journal of occupational and environmental medicine,Pregnancy outcomes after paternal radiofrequency field exposure aboard fast patrol boats.,https://pubmed.ncbi.nlm.nih.gov/22354128/,epidemiologie/neurodeveloppement/2012_22354128_pregnancy-outcomes-after-paternal-radiofrequency-f.md
22728900,10.1093/jpepsy/jss072,2012,epidemiologie,neurodeveloppement,neuro_comportement_cognition;eeg_sommeil,Journal of pediatric psychology,"The suicidal feelings, self-injury, and mobile phone use after lights out in adolescents.",https://pubmed.ncbi.nlm.nih.gov/22728900/,epidemiologie/neurodeveloppement/2012_22728900_the-suicidal-feelings-self-injury-and-mobile-phone.md
22885353,10.1016/j.scitotenv.2012.06.078,2012,epidemiologie,neurodeveloppement,cancer;dosimetrie_exposition,The Science of the total environment,A population-based case-control study of radiofrequency exposure in relation to childhood neoplasm.,https://pubmed.ncbi.nlm.nih.gov/22885353/,epidemiologie/neurodeveloppement/2012_22885353_a-population-based-case-control-study-of-radiofreq.md
23750182,10.2174/1874309901206010046,2012,epidemiologie,neurodeveloppement,,The open pediatric medicine journal,Prenatal and Postnatal Cell Phone Exposures and Headaches in Children.,https://pubmed.ncbi.nlm.nih.gov/23750182/,epidemiologie/neurodeveloppement/2012_23750182_prenatal-and-postnatal-cell-phone-exposures-and-he.md
20570865,10.1136/bmj.c3077,2010,epidemiologie,neurodeveloppement,dosimetrie_exposition,BMJ (Clinical research ed.),Mobile phone base stations and early childhood cancers: case-control study.,https://pubmed.ncbi.nlm.nih.gov/20570865/,epidemiologie/neurodeveloppement/2010_20570865_mobile-phone-base-stations-and-early-childhood-can.md
20573849,10.1136/oem.2009.048116,2010,epidemiologie,neurodeveloppement,,Occupational and environmental medicine,Tinnitus and mobile phone use.,https://pubmed.ncbi.nlm.nih.gov/20573849/,epidemiologie/neurodeveloppement/2010_20573849_tinnitus-and-mobile-phone-use.md
21108839,10.1186/1476-069X-9-75,2010,epidemiologie,neurodeveloppement,neuro_comportement_cognition,Environmental health : a global access science source,Association between exposure to radiofrequency electromagnetic fields assessed by dosimetry and acute symptoms in children and adolescents: a population based cross-sectional study.,https://pubmed.ncbi.nlm.nih.gov/21108839/,epidemiologie/neurodeveloppement/2010_21108839_association-between-exposure-to-radiofrequency-ele.md
19476932,10.1016/j.envres.2009.04.015,2009,epidemiologie,neurodeveloppement,stress_oxydatif,Environmental research,Temporal and spatial variability of personal exposure to radio frequency electromagnetic fields.,https://pubmed.ncbi.nlm.nih.gov/19476932/,epidemiologie/neurodeveloppement/2009_19476932_temporal-and-spatial-variability-of-personal-expos.md
19819523,10.1016/j.scitotenv.2009.09.023,2009,epidemiologie,neurodeveloppement,,The Science of the total environment,A prediction model for personal radio frequency electromagnetic field exposure.,https://pubmed.ncbi.nlm.nih.gov/19819523/,epidemiologie/neurodeveloppement/2009_19819523_a-prediction-model-for-personal-radio-frequency-el.md
18415687,10.1007/s10654-008-9236-4,2008,epidemiologie,neurodeveloppement,reproduction,European journal of epidemiology,Radiofrequency electromagnetic fields; male infertility and sex ratio of offspring.,https://pubmed.ncbi.nlm.nih.gov/18415687/,epidemiologie/neurodeveloppement/2008_18415687_radiofrequency-electromagnetic-fields-male-inferti.md
18467962,10.1097/EDE.0b013e318175dd47,2008,epidemiologie,neurodeveloppement,neuro_comportement_cognition,"Epidemiology (Cambridge, Mass.)",Prenatal and postnatal exposure to cell phone use and behavioral problems in children.,https://pubmed.ncbi.nlm.nih.gov/18467962/,epidemiologie/neurodeveloppement/2008_18467962_prenatal-and-postnatal-exposure-to-cell-phone-use.md
16858619,10.1007/s10654-006-9030-0,2006,epidemiologie,neurodeveloppement,reproduction,European journal of epidemiology,Paternal occupational exposure to radiofrequency electromagnetic fields and risk of adverse pregnancy outcome.,https://pubmed.ncbi.nlm.nih.gov/16858619/,epidemiologie/neurodeveloppement/2006_16858619_paternal-occupational-exposure-to-radiofrequency-e.md
17193782,10.1007/s00038-006-5061-2,2006,epidemiologie,neurodeveloppement,eeg_sommeil,Sozial- und Praventivmedizin,The prevalence of symptoms attributed to electromagnetic field exposure: a cross-sectional representative survey in Switzerland.,https://pubmed.ncbi.nlm.nih.gov/17193782/,epidemiologie/neurodeveloppement/2006_17193782_the-prevalence-of-symptoms-attributed-to-electroma.md
11138823,10.1097/00001648-200101000-00003,2001,epidemiologie,neurodeveloppement,,"Epidemiology (Cambridge, Mass.)",The possible role of radiofrequency radiation in the development of uveal melanoma.,https://pubmed.ncbi.nlm.nih.gov/11138823/,epidemiologie/neurodeveloppement/2001_11138823_the-possible-role-of-radiofrequency-radiation-in-t.md
11505168,10.1097/00001648-200109000-00008,2001,epidemiologie,neurodeveloppement,,"Epidemiology (Cambridge, Mass.)",Parental occupational exposures to electromagnetic fields and radiation and the incidence of neuroblastoma in offspring.,https://pubmed.ncbi.nlm.nih.gov/11505168/,epidemiologie/neurodeveloppement/2001_11505168_parental-occupational-exposures-to-electromagnetic.md
10622301,10.1016/s0140-6736(99)05142-9,1999,epidemiologie,neurodeveloppement,cancer,"Lancet (London, England)",Electromagnetic field exposures and childhood leukaemia in New Zealand.,https://pubmed.ncbi.nlm.nih.gov/10622301/,epidemiologie/neurodeveloppement/1999_10622301_electromagnetic-field-exposures-and-childhood-leuk.md
9684710,10.1023/a:1008825220759,1998,epidemiologie,neurodeveloppement,cancer,Cancer causes & control : CCC,Electromagnetic field exposures and childhood cancers in New Zealand.,https://pubmed.ncbi.nlm.nih.gov/9684710/,epidemiologie/neurodeveloppement/1998_9684710_electromagnetic-field-exposures-and-childhood-canc.md
2343871,10.1093/oxfordjournals.aje.a115620,1990,epidemiologie,neurodeveloppement,cancer,American journal of epidemiology,Paternal occupational exposure to electromagnetic fields and neuroblastoma in offspring.,https://pubmed.ncbi.nlm.nih.gov/2343871/,epidemiologie/neurodeveloppement/1990_2343871_paternal-occupational-exposure-to-electromagnetic.md
41300142,10.3390/brainsci15111134,2025,epidemiologie,plasticite_synaptique,dosimetrie_exposition,,The Effect of 5G Mobile Phone Electromagnetic Exposure on Corticospinal and Intracortical Excitability in Healthy Adults: A Randomized Controlled Pilot Study.,https://pubmed.ncbi.nlm.nih.gov/41300142/,epidemiologie/plasticite_synaptique/2025_41300142_the-effect-of-5g-mobile-phone-electromagnetic-expo.md
40009800,10.1080/09553002.2025.2467671,2025,epidemiologie,reproduction,,,Effects of long-term low-dose 2.45 GHz microwave electromagnetic radiation on vulnerable organs in humans: a retrospective study based on patients receiving microwave diathermies in the Department of Rehabilitation Medicine.,https://pubmed.ncbi.nlm.nih.gov/40009800/,epidemiologie/reproduction/2025_40009800_effects-of-long-term-low-dose-2-45-ghz-microwave-e.md
40559983,10.3390/toxics13060510,2025,epidemiologie,reproduction,stress_oxydatif,,Does Electromagnetic Pollution in the ART Laboratory Affect Sperm Quality? A Cross-Sectional Observational Study.,https://pubmed.ncbi.nlm.nih.gov/40559983/,epidemiologie/reproduction/2025_40559983_does-electromagnetic-pollution-in-the-art-laborato.md
35436442,10.1071/RD21234,2022,epidemiologie,reproduction,,"Reproduction, fertility, and development",Effects of mobile phone use on semen parameters: a cross-sectional study of 1634 men in China.,https://pubmed.ncbi.nlm.nih.gov/35436442/,epidemiologie/reproduction/2022_35436442_effects-of-mobile-phone-use-on-semen-parameters-a.md
27838386,10.1016/j.reprotox.2016.11.008,2017,epidemiologie,reproduction,neurodeveloppement,"Reproductive toxicology (Elmsford, N.Y.)",Self-reported mobile phone use and semen parameters among men from a fertility clinic.,https://pubmed.ncbi.nlm.nih.gov/27838386/,epidemiologie/reproduction/2017_27838386_self-reported-mobile-phone-use-and-semen-parameter.md
29450127,10.1016/j.biopen.2016.07.003,2016,epidemiologie,reproduction,apoptose_mitochondrie,Biochimie open,Mobile phones electromagnetic radiation and NAD+-dependent isocitrate dehydrogenase as a mitochondrial marker in asthenozoospermia.,https://pubmed.ncbi.nlm.nih.gov/29450127/,epidemiologie/reproduction/2016_29450127_mobile-phones-electromagnetic-radiation-and-nad-de.md
20054844,10.1002/bem.20562,2010,epidemiologie,reproduction,dosimetrie_exposition,Bioelectromagnetics,Radiofrequency exposure on fast patrol boats in the Royal Norwegian Navy--an approach to a dose assessment.,https://pubmed.ncbi.nlm.nih.gov/20054844/,epidemiologie/reproduction/2010_20054844_radiofrequency-exposure-on-fast-patrol-boats-in-th.md
10926722,10.1179/oeh.2000.6.3.187,2000,epidemiologie,reproduction,,International journal of occupational and environmental health,Cancer in radar technicians exposed to radiofrequency/microwave radiation: sentinel episodes.,https://pubmed.ncbi.nlm.nih.gov/10926722/,epidemiologie/reproduction/2000_10926722_cancer-in-radar-technicians-exposed-to-radiofreque.md
8946566,10.1016/s0890-6238(96)00139-6,1996,epidemiologie,reproduction,,"Reproductive toxicology (Elmsford, N.Y.)",Semen analysis of military personnel associated with military duty assignments.,https://pubmed.ncbi.nlm.nih.gov/8946566/,epidemiologie/reproduction/1996_8946566_semen-analysis-of-military-personnel-associated-wi.md
41109595,10.1016/j.fct.2025.115810,2026,epidemiologie,stress_oxydatif,genotoxicite_epigenetique;cancer;reproduction,Food and chemical toxicology : an international journal published for the British Industrial Biological Research Association,Bisphenol A exposure modulates ovarian cancer gene expression and oxidative stress markers: a case-control study.,https://pubmed.ncbi.nlm.nih.gov/41109595/,epidemiologie/stress_oxydatif/2026_41109595_bisphenol-a-exposure-modulates-ovarian-cancer-gene.md
41104887,10.1002/bem.70027,2025,epidemiologie,stress_oxydatif,,,Investigating the Effects of Occupational Noise and Extremely Low-Frequency Electromagnetic Field Exposure on Oxidative Response in Power Plant Workers.,https://pubmed.ncbi.nlm.nih.gov/41104887/,epidemiologie/stress_oxydatif/2025_41104887_investigating-the-effects-of-occupational-noise-an.md
32610554,10.3390/ijerph17134673,2020,epidemiologie,stress_oxydatif,dosimetrie_exposition,International journal of environmental research and public health,Correlation of Blood Oxidative Stress Parameters to Indoor Radiofrequency Radiation: A Cross Sectional Study in Jordan.,https://pubmed.ncbi.nlm.nih.gov/32610554/,epidemiologie/stress_oxydatif/2020_32610554_correlation-of-blood-oxidative-stress-parameters-t.md
18421711,10.1002/bem.20417,2008,epidemiologie,stress_oxydatif,,Bioelectromagnetics,Statistical analysis of personal radiofrequency electromagnetic field measurements with nondetects.,https://pubmed.ncbi.nlm.nih.gov/18421711/,epidemiologie/stress_oxydatif/2008_18421711_statistical-analysis-of-personal-radiofrequency-el.md
36059284,10.31661/jbpe.v0i0.2111-1433,2022,epidemiologie,thermique,,,The Effect of Electromagnetic Radiation Transmitted from Routers on Antibiotic Susceptibility of Bacterial Pathogens.,https://pubmed.ncbi.nlm.nih.gov/36059284/,epidemiologie/thermique/2022_36059284_the-effect-of-electromagnetic-radiation-transmitte.md
31750272,10.31661/jbpe.v0i0.1106,2019,epidemiologie,thermique,,,"Evaluation of Wi-Fi Radiation Effects on Antibiotic Susceptibility, Metabolic Activity and Biofilm Formation by Escherichia <i>Coli</i> 0157H7, <i>Staphylococcus Aureus</i> and <i>Staphylococcus Epidermis</i>.",https://pubmed.ncbi.nlm.nih.gov/31750272/,epidemiologie/thermique/2019_31750272_evaluation-of-wi-fi-radiation-effects-on-antibioti.md
12669297,10.1002/bem.10101,2003,epidemiologie,thermique,dosimetrie_exposition,Bioelectromagnetics,Subjective symptoms among mobile phone users--a consequence of absorption of radiofrequency fields?,https://pubmed.ncbi.nlm.nih.gov/12669297/,epidemiologie/thermique/2003_12669297_subjective-symptoms-among-mobile-phone-users-a-con.md
42045282,10.1038/s41598-026-49616-7,2026,humain_experimental,dosimetrie_exposition,,,No thermal skin effects at environmental 26 GHz field strengths relevant to 5G deployment.,https://pubmed.ncbi.nlm.nih.gov/42045282/,humain_experimental/dosimetrie_exposition/2026_42045282_no-thermal-skin-effects-at-environmental-26-ghz-fi.md
42244435,10.1002/bem.70056,2026,humain_experimental,dosimetrie_exposition,,,Exposure to 5G Radiofrequency and Physiological Effects in Healthy Young Adults: Insights Into Heart Rate Variability and Salivary Stress Biomarkers.,https://pubmed.ncbi.nlm.nih.gov/42244435/,humain_experimental/dosimetrie_exposition/2026_42244435_exposure-to-5g-radiofrequency-and-physiological-ef.md
41752357,10.3390/ijerph23020157,2026,humain_experimental,eeg_sommeil,,,"Correction: Loughran et al. Radiofrequency Electromagnetic Field Exposure and the Resting EEG: Exploring the Thermal Mechanism Hypothesis. &lt;i&gt;Int. J. Environ. Res. Public Health&lt;/i&gt; 2019, &lt;i&gt;16&lt;/i&gt;, 1505.",https://pubmed.ncbi.nlm.nih.gov/41752357/,humain_experimental/eeg_sommeil/2026_41752357_correction-loughran-et-al-radiofrequency-electroma.md
39534742,10.3389/fpubh.2024.1481537,2024,humain_experimental,eeg_sommeil,dosimetrie_exposition,,"Does radiofrequency radiation impact sleep? A double-blind, randomised, placebo-controlled, crossover pilot study.",https://pubmed.ncbi.nlm.nih.gov/39534742/,humain_experimental/eeg_sommeil/2024_39534742_does-radiofrequency-radiation-impact-sleep-a-doubl.md
36867417,10.1080/09553002.2023.2187477,2023,humain_experimental,eeg_sommeil,dosimetrie_exposition,International journal of radiation biology,Theta band brainwaves in human resting EEG modulated by mobile phone radiofrequency.,https://pubmed.ncbi.nlm.nih.gov/36867417/,humain_experimental/eeg_sommeil/2023_36867417_theta-band-brainwaves-in-human-resting-eeg-modulat.md
37754652,10.3390/ijerph20186793,2023,humain_experimental,eeg_sommeil,,,Assessment of Electrical Brain Activity of Healthy Volunteers Exposed to 3.5 GHz of 5G Signals within Environmental Levels: A Controlled-Randomised Study.,https://pubmed.ncbi.nlm.nih.gov/37754652/,humain_experimental/eeg_sommeil/2023_37754652_assessment-of-electrical-brain-activity-of-healthy.md
38066035,10.1038/s41598-023-48561-z,2023,humain_experimental,eeg_sommeil,dosimetrie_exposition,Scientific reports,Effects of mobile phone electromagnetic fields on brain waves in healthy volunteers.,https://pubmed.ncbi.nlm.nih.gov/38066035/,humain_experimental/eeg_sommeil/2023_38066035_effects-of-mobile-phone-electromagnetic-fields-on.md
34797205,10.1080/09553002.2021.2009146,2022,humain_experimental,eeg_sommeil,dosimetrie_exposition,International journal of radiation biology,Human resting-state EEG and radiofrequency GSM mobile phone exposure: the impact of the individual alpha frequency.,https://pubmed.ncbi.nlm.nih.gov/34797205/,humain_experimental/eeg_sommeil/2022_34797205_human-resting-state-eeg-and-radiofrequency-gsm-mob.md
33166026,10.1111/jsr.13224,2021,humain_experimental,eeg_sommeil,neuro_comportement_cognition,,Effects of 2.45 GHz Wi-Fi exposure on sleep-dependent memory consolidation.,https://pubmed.ncbi.nlm.nih.gov/33166026/,humain_experimental/eeg_sommeil/2021_33166026_effects-of-2-45-ghz-wi-fi-exposure-on-sleep-depend.md
34862418,10.1038/s41598-021-02560-0,2021,humain_experimental,eeg_sommeil,neuro_comportement_cognition,Scientific reports,Modulation of magnetoencephalography alpha band activity by radiofrequency electromagnetic field depicted in sensor and source space.,https://pubmed.ncbi.nlm.nih.gov/34862418/,humain_experimental/eeg_sommeil/2021_34862418_modulation-of-magnetoencephalography-alpha-band-ac.md
31991204,10.1016/j.neures.2020.01.010,2020,humain_experimental,eeg_sommeil,dosimetrie_exposition,Neuroscience research,Effects of electromagnetic fields from long-term evolution on awake electroencephalogram in healthy humans.,https://pubmed.ncbi.nlm.nih.gov/31991204/,humain_experimental/eeg_sommeil/2020_31991204_effects-of-electromagnetic-fields-from-long-term-e.md
32014649,10.1016/j.envres.2020.109181,2020,humain_experimental,eeg_sommeil,,Environmental research,An experimental study on effects of radiofrequency electromagnetic fields on sleep in healthy elderly males and females: Gender matters!,https://pubmed.ncbi.nlm.nih.gov/32014649/,humain_experimental/eeg_sommeil/2020_32014649_an-experimental-study-on-effects-of-radiofrequency.md
32408065,10.1016/j.ijheh.2020.113550,2020,humain_experimental,eeg_sommeil,,,Spending the night next to a router - Results from the first human experimental study investigating the impact of Wi-Fi exposure on sleep.,https://pubmed.ncbi.nlm.nih.gov/32408065/,humain_experimental/eeg_sommeil/2020_32408065_spending-the-night-next-to-a-router-results-from-t.md
30652950,10.1080/09553002.2019.1569776,2019,humain_experimental,eeg_sommeil,,International journal of radiation biology,Effect of short exposure to radiofrequency electromagnetic fields on saliva biomarkers: a study on the electrohypersensitive individuals.,https://pubmed.ncbi.nlm.nih.gov/30652950/,humain_experimental/eeg_sommeil/2019_30652950_effect-of-short-exposure-to-radiofrequency-electro.md
31035391,10.3390/ijerph16091505,2019,humain_experimental,eeg_sommeil,neurodeveloppement;thermique,International journal of environmental research and public health,Radiofrequency Electromagnetic Field Exposure and the Resting EEG: Exploring the Thermal Mechanism Hypothesis.,https://pubmed.ncbi.nlm.nih.gov/31035391/,humain_experimental/eeg_sommeil/2019_31035391_radiofrequency-electromagnetic-field-exposure-and.md
25163416,10.1016/j.clinph.2014.07.013,2015,humain_experimental,eeg_sommeil,plasticite_synaptique,Clinical neurophysiology : official journal of the International Federation of Clinical Neurophysiology,Electromagnetic fields and EEG spiking rate in patients with focal epilepsy.,https://pubmed.ncbi.nlm.nih.gov/25163416/,humain_experimental/eeg_sommeil/2015_25163416_electromagnetic-fields-and-eeg-spiking-rate-in-pat.md
26053854,10.1371/journal.pone.0129496,2015,humain_experimental,eeg_sommeil,,PloS one,EEG Changes Due to Experimentally Induced 3G Mobile Phone Radiation.,https://pubmed.ncbi.nlm.nih.gov/26053854/,humain_experimental/eeg_sommeil/2015_26053854_eeg-changes-due-to-experimentally-induced-3g-mobil.md
23482083,10.1016/j.brs.2013.01.017,2013,humain_experimental,eeg_sommeil,plasticite_synaptique;neurodeveloppement;neuro_comportement_cognition,Brain stimulation,Stimulation of the brain with radiofrequency electromagnetic field pulses affects sleep-dependent performance improvement.,https://pubmed.ncbi.nlm.nih.gov/23482083/,humain_experimental/eeg_sommeil/2013_23482083_stimulation-of-the-brain-with-radiofrequency-elect.md
20857453,10.1002/bem.20609,2011,humain_experimental,eeg_sommeil,neurodeveloppement;dosimetrie_exposition,Bioelectromagnetics,Sleep after mobile phone exposure in subjects with mobile phone-related symptoms.,https://pubmed.ncbi.nlm.nih.gov/20857453/,humain_experimental/eeg_sommeil/2011_20857453_sleep-after-mobile-phone-exposure-in-subjects-with.md
20564174,10.1002/bem.20583,2010,humain_experimental,eeg_sommeil,neurodeveloppement,Bioelectromagnetics,"Effects of 2G and 3G mobile phones on human alpha rhythms: Resting EEG in adolescents, young adults, and the elderly.",https://pubmed.ncbi.nlm.nih.gov/20564174/,humain_experimental/eeg_sommeil/2010_20564174_effects-of-2g-and-3g-mobile-phones-on-human-alpha.md
16546905,10.1080/09553000600599775,2006,humain_experimental,eeg_sommeil,neurodeveloppement,International journal of radiation biology,Does evening exposure to mobile phone radiation affect subsequent melatonin production?,https://pubmed.ncbi.nlm.nih.gov/16546905/,humain_experimental/eeg_sommeil/2006_16546905_does-evening-exposure-to-mobile-phone-radiation-af.md
10817372,10.5271/sjweh.516,2000,humain_experimental,eeg_sommeil,,"Scandinavian journal of work, environment & health",Human brain activity during exposure to radiofrequency fields emitted by cellular phones.,https://pubmed.ncbi.nlm.nih.gov/10817372/,humain_experimental/eeg_sommeil/2000_10817372_human-brain-activity-during-exposure-to-radiofrequ.md
41484072,10.1038/s41377-025-02103-6,2026,humain_experimental,general,,"Light, science & applications",Single-capillary endothelial dysfunction resolved by optoacoustic mesoscopy.,https://pubmed.ncbi.nlm.nih.gov/41484072/,humain_experimental/general/2026_41484072_single-capillary-endothelial-dysfunction-resolved.md
42234550,10.1080/09553002.2026.2678295,2026,humain_experimental,general,,International journal of radiation biology,Effects of 26 GHz radiofrequency exposure on electrodermal activity in healthy young adults.,https://pubmed.ncbi.nlm.nih.gov/42234550/,humain_experimental/general/2026_42234550_effects-of-26-ghz-radiofrequency-exposure-on-elect.md
42356723,10.3390/s26123750,2026,humain_experimental,general,,,The Effects of Short-Term Post-Exposure to 3.6 GHz 5G Mobile Phone Electromagnetic Exposure on Static and Dynamic Postural Control in Healthy Adults: A Randomized Sham-Controlled Pilot Study.,https://pubmed.ncbi.nlm.nih.gov/42356723/,humain_experimental/general/2026_42356723_the-effects-of-short-term-post-exposure-to-3-6-ghz.md
42432228,10.1038/s44303-026-00184-5,2026,humain_experimental,general,,,Recording skin oxygenation by dual-wavelength ultra-wideband optoacoustic mesoscopy.,https://pubmed.ncbi.nlm.nih.gov/42432228/,humain_experimental/general/2026_42432228_recording-skin-oxygenation-by-dual-wavelength-ultr.md
PPR1327894,10.21203/rs.3.rs-10793249/v1,2026,humain_experimental,general,,,Multiphase dual-energy CT parameters combined with CT features in differentiating three common lung cancers,https://doi.org/10.21203/rs.3.rs-10793249/v1,humain_experimental/general/2026_PPR1327894_multiphase-dual-energy-ct-parameters-combined-with.md
40218582,10.3390/s25072069,2025,humain_experimental,general,,"Sensors (Basel, Switzerland)",Investigation and Validation of New Heart Rate Measurement Sites for Wearable Technologies.,https://pubmed.ncbi.nlm.nih.gov/40218582/,humain_experimental/general/2025_40218582_investigation-and-validation-of-new-heart-rate-mea.md
36693895,10.1038/s41598-023-28535-x,2023,humain_experimental,general,,,Reduction of amputations of frostbitten limbs by treatment using microwave rewarming.,https://pubmed.ncbi.nlm.nih.gov/36693895/,humain_experimental/general/2023_36693895_reduction-of-amputations-of-frostbitten-limbs-by-t.md
35889905,10.3390/nu14142948,2022,humain_experimental,general,,,"Comment on Wardzinski et al. Mobile Phone Radiation Deflects Brain Energy Homeostasis and Prompts Human Food Ingestion. <i>Nutrients</i> 2022, <i>14</i>, 339.",https://pubmed.ncbi.nlm.nih.gov/35889905/,humain_experimental/general/2022_35889905_comment-on-wardzinski-et-al-mobile-phone-radiation.md
32249199,10.1016/j.explore.2020.02.006,2020,humain_experimental,general,,"Explore (New York, N.Y.)",Exposure to cell phones reduces heart rate variability in both normal-weight and obese normotensive medical students.,https://pubmed.ncbi.nlm.nih.gov/32249199/,humain_experimental/general/2020_32249199_exposure-to-cell-phones-reduces-heart-rate-variabi.md
32672045,10.33549/physiolres.934425,2020,humain_experimental,general,,Physiological research,Radiofrequency electromagnetic field affects heart rate variability in rabbits.,https://pubmed.ncbi.nlm.nih.gov/32672045/,humain_experimental/general/2020_32672045_radiofrequency-electromagnetic-field-affects-heart.md
30028653,10.1080/09553002.2018.1503431,2018,humain_experimental,general,,International journal of radiation biology,Effect of acute exposure to radiofrequency electromagnetic fields emitted by a mobile phone (GSM 900 MHz) on electrodermal responsiveness in healthy human.,https://pubmed.ncbi.nlm.nih.gov/30028653/,humain_experimental/general/2018_30028653_effect-of-acute-exposure-to-radiofrequency-electro.md
30150437,10.21873/invivo.11357,2018,humain_experimental,general,,,Cellular Phone Irradiation of the Head Affects Heart Rate Variability Depending on Inspiration/Expiration Ratio.,https://pubmed.ncbi.nlm.nih.gov/30150437/,humain_experimental/general/2018_30150437_cellular-phone-irradiation-of-the-head-affects-hea.md
28836682,10.1002/bem.22074,2017,humain_experimental,general,,Bioelectromagnetics,Millimeter-wave emissivity as a metric for the non-contact diagnosis of human skin conditions.,https://pubmed.ncbi.nlm.nih.gov/28836682/,humain_experimental/general/2017_28836682_millimeter-wave-emissivity-as-a-metric-for-the-non.md
24012322,10.1016/j.clinph.2013.07.018,2014,humain_experimental,general,,Clinical neurophysiology : official journal of the International Federation of Clinical Neurophysiology,The alteration of spontaneous low frequency oscillations caused by acute electromagnetic fields exposure.,https://pubmed.ncbi.nlm.nih.gov/24012322/,humain_experimental/general/2014_24012322_the-alteration-of-spontaneous-low-frequency-oscill.md
25478802,,2014,humain_experimental,general,,Alternative therapies in health and medicine,Excessive exposure to radiofrequency electromagnetic fields may cause the development of electrohypersensitivity.,https://pubmed.ncbi.nlm.nih.gov/25478802/,humain_experimental/general/2014_25478802_excessive-exposure-to-radiofrequency-electromagnet.md
26196580,,2014,humain_experimental,general,,Nigerian journal of physiological sciences : official publication of the Physiological Society of Nigeria,Effect of Mobile Phone Radiofrequency Electromagnetic Fields on.,https://pubmed.ncbi.nlm.nih.gov/26196580/,humain_experimental/general/2014_26196580_effect-of-mobile-phone-radiofrequency-electromagne.md
12949712,10.1016/s0016-5085(03)01052-7,2003,humain_experimental,general,,Gastroenterology,"Improvement of gastroesophageal reflux symptoms after radiofrequency energy: a randomized, sham-controlled trial.",https://pubmed.ncbi.nlm.nih.gov/12949712/,humain_experimental/general/2003_12949712_improvement-of-gastroesophageal-reflux-symptoms-af.md
PPR1086195,10.21203/rs.3.rs-7300847/v1,2025,humain_experimental,genotoxicite_epigenetique,dosimetrie_exposition,,Effect of occupational exposure of dentists and healthcare personnel to electromagnetic fields on telomere length and DNA damage,https://doi.org/10.21203/rs.3.rs-7300847/v1,humain_experimental/genotoxicite_epigenetique/2025_PPR1086195_effect-of-occupational-exposure-of-dentists-and-he.md
41668986,10.31661/jbpe.v0i0.2310-1667,2026,humain_experimental,neuro_comportement_cognition,eeg_sommeil,,A Decision Support System for Managing Health Symptoms of Living Near Mobile Phone Base Stations.,https://pubmed.ncbi.nlm.nih.gov/41668986/,humain_experimental/neuro_comportement_cognition/2026_41668986_a-decision-support-system-for-managing-health-symp.md
41719774,10.1016/j.ijheh.2026.114764,2026,humain_experimental,neuro_comportement_cognition,eeg_sommeil,International journal of hygiene and environmental health,One or many environmental intolerance(s)? A cluster analysis over two representative samples.,https://pubmed.ncbi.nlm.nih.gov/41719774/,humain_experimental/neuro_comportement_cognition/2026_41719774_one-or-many-environmental-intolerance-s-a-cluster.md
41907579,10.1007/s00198-018-4704-5,2026,humain_experimental,neuro_comportement_cognition,,ArXiv,Machine learning reconstruction of digit bone Raman spectra enables noninvasive transcutaneous detection of systemic osteoporosis.,https://pubmed.ncbi.nlm.nih.gov/41907579/,humain_experimental/neuro_comportement_cognition/2026_41907579_machine-learning-reconstruction-of-digit-bone-rama.md
42771042,10.1080/09553002.2026.2733658,2026,humain_experimental,neuro_comportement_cognition,thermique,,Exposure to pulse modulated radiofrequency electromagnetic fields does not affect Sternberg working memory performance.,https://pubmed.ncbi.nlm.nih.gov/42771042/,humain_experimental/neuro_comportement_cognition/2026_42771042_exposure-to-pulse-modulated-radiofrequency-electro.md
40744201,10.1016/j.envres.2025.122479,2025,humain_experimental,neuro_comportement_cognition,,,Effects of radiofrequency electromagnetic fields on cognitive function in elderly subjects (60+ years)-Results of an experimental randomized sham controlled double-blind cross-over study in women and in men.,https://pubmed.ncbi.nlm.nih.gov/40744201/,humain_experimental/neuro_comportement_cognition/2025_40744201_effects-of-radiofrequency-electromagnetic-fields-o.md
38390734,10.4274/mirt.galenos.2023.04880,2024,humain_experimental,neuro_comportement_cognition,genotoxicite_epigenetique,Molecular imaging and radionuclide therapy,Evaluation of the Relationship Between Mobile Phone Usage and miRNA-574-5p and miRNA-30C-5p Levels in Thyroid Cancer Patients.,https://pubmed.ncbi.nlm.nih.gov/38390734/,humain_experimental/neuro_comportement_cognition/2024_38390734_evaluation-of-the-relationship-between-mobile-phon.md
39404491,10.1113/ep092083,2024,humain_experimental,neuro_comportement_cognition,,,Autonomous nervous system responses to environmental-level exposure to 5G's first deployed band (3.5 GHz) in healthy human volunteers.,https://pubmed.ncbi.nlm.nih.gov/39404491/,humain_experimental/neuro_comportement_cognition/2024_39404491_autonomous-nervous-system-responses-to-environment.md
30573783,10.1038/s41598-018-36353-9,2018,humain_experimental,neuro_comportement_cognition,eeg_sommeil;neurodeveloppement,Scientific reports,Short-term radiofrequency exposure from new generation mobile phones reduces EEG alpha power with no effects on cognitive performance.,https://pubmed.ncbi.nlm.nih.gov/30573783/,humain_experimental/neuro_comportement_cognition/2018_30573783_short-term-radiofrequency-exposure-from-new-genera.md
27501119,10.1080/09553002.2016.1213454,2016,humain_experimental,neuro_comportement_cognition,neurodeveloppement,International journal of radiation biology,Pulse modulated radiofrequency exposure influences cognitive performance.,https://pubmed.ncbi.nlm.nih.gov/27501119/,humain_experimental/neuro_comportement_cognition/2016_27501119_pulse-modulated-radiofrequency-exposure-influences.md
24805233,10.1038/nature13290,2014,humain_experimental,neuro_comportement_cognition,,Nature,Anthropogenic electromagnetic noise disrupts magnetic compass orientation in a migratory bird.,https://pubmed.ncbi.nlm.nih.gov/24805233/,humain_experimental/neuro_comportement_cognition/2014_24805233_anthropogenic-electromagnetic-noise-disrupts-magne.md
15931678,10.1002/bem.20128,2005,humain_experimental,neuro_comportement_cognition,neurodeveloppement,Bioelectromagnetics,Effect of 902 MHz mobile phone transmission on cognitive function in children.,https://pubmed.ncbi.nlm.nih.gov/15931678/,humain_experimental/neuro_comportement_cognition/2005_15931678_effect-of-902-mhz-mobile-phone-transmission-on-cog.md
11924872,10.1097/00001756-200201210-00028,2002,humain_experimental,neuro_comportement_cognition,,Neuroreport,The acute effects of exposure to the electromagnetic field emitted by mobile phones on human attention.,https://pubmed.ncbi.nlm.nih.gov/11924872/,humain_experimental/neuro_comportement_cognition/2002_11924872_the-acute-effects-of-exposure-to-the-electromagnet.md
40293416,10.1002/bem.70007,2025,humain_experimental,neurodeveloppement,,,Understanding Electromagnetic Hypersensitivity (EHS) From Mobile Phone Radiofrequency Radiation (RFR) Exposure: A Mixed-Method Study Protocol.,https://pubmed.ncbi.nlm.nih.gov/40293416/,humain_experimental/neurodeveloppement/2025_40293416_understanding-electromagnetic-hypersensitivity-ehs.md
40432371,10.1111/aphw.70044,2025,humain_experimental,neurodeveloppement,,,What is the effect of alarmist media and radiofrequency electromagnetic field (RF-EMF) exposure on salivary cortisol and non-specific symptoms?,https://pubmed.ncbi.nlm.nih.gov/40432371/,humain_experimental/neurodeveloppement/2025_40432371_what-is-the-effect-of-alarmist-media-and-radiofreq.md
PPR978651,10.20944/preprints202502.1014.v1,2025,humain_experimental,neurodeveloppement,neuro_comportement_cognition,,Mobile Phone Studies Find No Short-Term Health Problems,https://doi.org/10.20944/preprints202502.1014.v1,humain_experimental/neurodeveloppement/2025_PPR978651_mobile-phone-studies-find-no-short-term-health-pro.md
27856303,10.1016/j.jep.2016.11.028,2017,humain_experimental,stress_oxydatif,,Journal of ethnopharmacology,Effects of Tibetan turnip (Brassica rapa L.) on promoting hypoxia-tolerance in healthy humans.,https://pubmed.ncbi.nlm.nih.gov/27856303/,humain_experimental/stress_oxydatif/2017_27856303_effects-of-tibetan-turnip-brassica-rapa-l-on-promo.md
11516912,10.1016/s0731-7085(01)00492-7,2001,humain_experimental,stress_oxydatif,,Journal of pharmaceutical and biomedical analysis,Effects of acute exposure to the radiofrequency fields of cellular phones on plasma lipid peroxide and antioxidase activities in human erythrocytes.,https://pubmed.ncbi.nlm.nih.gov/11516912/,humain_experimental/stress_oxydatif/2001_11516912_effects-of-acute-exposure-to-the-radiofrequency-fi.md
40908801,10.1002/bem.70021,2025,humain_experimental,thermique,,Bioelectromagnetics,Looking for Biomarkers Which May Explain Idiopathic Environmental Intolerance Attributed to Electromagnetic Fields (IEI-EMF): Does RF-EMF Exposure Influence Salivary Cortisol Response?,https://pubmed.ncbi.nlm.nih.gov/40908801/,humain_experimental/thermique/2025_40908801_looking-for-biomarkers-which-may-explain-idiopathi.md
41562640,10.1080/09553002.2026.2617592,2026,in_vitro,apoptose_mitochondrie,stress_oxydatif;thermique,International journal of radiation biology,Neurotoxic effects of 3.5 GHz GSM-like RF exposure on cultured DRG neurons: a mechanistic insight into oxidative and apoptotic pathways.,https://pubmed.ncbi.nlm.nih.gov/41562640/,in_vitro/apoptose_mitochondrie/2026_41562640_neurotoxic-effects-of-3-5-ghz-gsm-like-rf-exposure.md
41660276,10.3389/fcell.2026.1729198,2026,in_vitro,apoptose_mitochondrie,stress_oxydatif;thermique,,The effect of 4.3 GHz high-power microwave exposure on human corneal epithelial cells.,https://pubmed.ncbi.nlm.nih.gov/41660276/,in_vitro/apoptose_mitochondrie/2026_41660276_the-effect-of-4-3-ghz-high-power-microwave-exposur.md
41795438,10.1016/j.bioorg.2026.109711,2026,in_vitro,apoptose_mitochondrie,cancer,Bioorganic chemistry,"Synthesis and anti-lung cancer evaluation of fused pyrazolo[3,4-b]pyridine linked isoxazoles and 1,2,3-triazoles: PEG-400 mediated one-pot reaction under microwave irradiation.",https://pubmed.ncbi.nlm.nih.gov/41795438/,in_vitro/apoptose_mitochondrie/2026_41795438_synthesis-and-anti-lung-cancer-evaluation-of-fused.md
42100722,10.1016/j.bbrep.2026.102608,2026,in_vitro,apoptose_mitochondrie,,Biochemistry and biophysics reports,TEMIS: A temperature-controlled microwave irradiation system for enhancing extracellular vesicle secretion.,https://pubmed.ncbi.nlm.nih.gov/42100722/,in_vitro/apoptose_mitochondrie/2026_42100722_temis-a-temperature-controlled-microwave-irradiati.md
42277135,10.1038/s41598-026-55313-2,2026,in_vitro,apoptose_mitochondrie,neuro_comportement_cognition,,Microwave-induced modulation of intracellular distribution of peptides based on mitochondrial targeting sequences.,https://pubmed.ncbi.nlm.nih.gov/42277135/,in_vitro/apoptose_mitochondrie/2026_42277135_microwave-induced-modulation-of-intracellular-dist.md
42353334,10.3390/ijms27125621,2026,in_vitro,apoptose_mitochondrie,cancer;thermique;calcium_canaux_ioniques,International journal of molecular sciences,Effects of Nonionizing Millimeter-Wave on Spheroid-like Irradiated Non-Small-Cell Lung Cancer (NSCLC) Cells.,https://pubmed.ncbi.nlm.nih.gov/42353334/,in_vitro/apoptose_mitochondrie/2026_42353334_effects-of-nonionizing-millimeter-wave-on-spheroid.md
42450219,10.3390/ijms27135953,2026,in_vitro,apoptose_mitochondrie,cancer;thermique,International journal of molecular sciences,"The Effect of Radiofrequency Exposure on the Cytotoxic Activity of Sunitinib and a Novel Sunitinib-Class Compound 4, in Colorectal Cancer Cells.",https://pubmed.ncbi.nlm.nih.gov/42450219/,in_vitro/apoptose_mitochondrie/2026_42450219_the-effect-of-radiofrequency-exposure-on-the-cytot.md
42472453,10.1080/10837450.2026.2706520,2026,in_vitro,apoptose_mitochondrie,,Pharmaceutical development and technology,Repurposing simvastatin with piperine through β-cyclodextrin inclusion complex: a dual-drug strategy to enhance solubility and antiproliferative activity in hepatic cancer cells.,https://pubmed.ncbi.nlm.nih.gov/42472453/,in_vitro/apoptose_mitochondrie/2026_42472453_repurposing-simvastatin-with-piperine-through-cycl.md
42653765,10.3390/ph19081270,2026,in_vitro,apoptose_mitochondrie,,"Pharmaceuticals (Basel, Switzerland)","Trifluoromethyl-Benzimidazole-Hydrazone Derivatives as Promising Selective Anticancer Agents: Synthesis, Cytotoxicity, and Molecular Docking Insights.",https://pubmed.ncbi.nlm.nih.gov/42653765/,in_vitro/apoptose_mitochondrie/2026_42653765_trifluoromethyl-benzimidazole-hydrazone-derivative.md
39810728,10.1002/bem.22543,2025,in_vitro,apoptose_mitochondrie,genotoxicite_epigenetique;cancer;dosimetrie_exposition,Bioelectromagnetics,Radiofrequency Induced Time-Dependent Alterations in Gene Expression and Apoptosis in Glioblastoma Cell Line.,https://pubmed.ncbi.nlm.nih.gov/39810728/,in_vitro/apoptose_mitochondrie/2025_39810728_radiofrequency-induced-time-dependent-alterations.md
39911027,10.1667/rade-23-00103.1,2025,in_vitro,apoptose_mitochondrie,stress_oxydatif,,Protective Effects and Mechanisms of Astragaloside on Microwave Radiation-induced Cardiac Injury.,https://pubmed.ncbi.nlm.nih.gov/39911027/,in_vitro/apoptose_mitochondrie/2025_39911027_protective-effects-and-mechanisms-of-astragaloside.md
40831178,10.1080/15368378.2025.2547799,2025,in_vitro,apoptose_mitochondrie,stress_oxydatif;genotoxicite_epigenetique,,Activating Transcription Factor 4 regulation of radiofrequency radiation-induced ferroptosis in osteoblasts.,https://pubmed.ncbi.nlm.nih.gov/40831178/,in_vitro/apoptose_mitochondrie/2025_40831178_activating-transcription-factor-4-regulation-of-ra.md
41341957,10.3389/fcimb.2025.1670237,2025,in_vitro,apoptose_mitochondrie,,,Breaking the barrier: disruption of bacterial biofilms using microwave radiation.,https://pubmed.ncbi.nlm.nih.gov/41341957/,in_vitro/apoptose_mitochondrie/2025_41341957_breaking-the-barrier-disruption-of-bacterial-biofi.md
PPR1042539,10.14293/pr2199.001754.v1,2025,in_vitro,apoptose_mitochondrie,,,"The Effect of Different Microwave Radiations on Spinach, spinacia oleracea Cell Viability",https://doi.org/10.14293/pr2199.001754.v1,in_vitro/apoptose_mitochondrie/2025_PPR1042539_the-effect-of-different-microwave-radiations-on-sp.md
38115173,10.1002/bem.22495,2024,in_vitro,apoptose_mitochondrie,stress_oxydatif;dosimetrie_exposition,Bioelectromagnetics,Evaluation of mitochondrial stress following ultraviolet radiation and 5G radiofrequency field exposure in human skin cells.,https://pubmed.ncbi.nlm.nih.gov/38115173/,in_vitro/apoptose_mitochondrie/2024_38115173_evaluation-of-mitochondrial-stress-following-ultra.md
38998686,10.3390/nano14131081,2024,in_vitro,apoptose_mitochondrie,cancer,,Microwave-Responsive Metal-Organic Frameworks (MOFs) for Enhanced In Vitro Controlled Release of Doxorubicin.,https://pubmed.ncbi.nlm.nih.gov/38998686/,in_vitro/apoptose_mitochondrie/2024_38998686_microwave-responsive-metal-organic-frameworks-mofs.md
39063113,10.3390/ijms25147872,2024,in_vitro,apoptose_mitochondrie,stress_oxydatif;cancer;neuro_comportement_cognition,,Sulforaphane Effects on Neuronal-like Cells and Peripheral Blood Mononuclear Cells Exposed to 2.45 GHz Electromagnetic Radiation.,https://pubmed.ncbi.nlm.nih.gov/39063113/,in_vitro/apoptose_mitochondrie/2024_39063113_sulforaphane-effects-on-neuronal-like-cells-and-pe.md
39362289,10.1016/j.freeradbiomed.2024.09.054,2024,in_vitro,apoptose_mitochondrie,stress_oxydatif;genotoxicite_epigenetique;cancer,Free radical biology & medicine,Harnessing the synergy of nanosecond high-power microwave pulses and cisplatin to increase the induction of apoptosis in cancer cells through the activation of ATR/ATM and intrinsic pathways.,https://pubmed.ncbi.nlm.nih.gov/39362289/,in_vitro/apoptose_mitochondrie/2024_39362289_harnessing-the-synergy-of-nanosecond-high-power-mi.md
39734544,10.1016/j.fmre.2024.02.001,2024,in_vitro,apoptose_mitochondrie,genotoxicite_epigenetique;stress_oxydatif,Fundamental research,Formation of reactive species via high power microwave induced DNA damage and promoted intrinsic pathway-mediated apoptosis in lung cancer cells: An in vitro investigation.,https://pubmed.ncbi.nlm.nih.gov/39734544/,in_vitro/apoptose_mitochondrie/2024_39734544_formation-of-reactive-species-via-high-power-micro.md
36632900,10.1016/j.scitotenv.2023.161475,2023,in_vitro,apoptose_mitochondrie,stress_oxydatif;dosimetrie_exposition;genotoxicite_epigenetique,,"The HL-60 human promyelocytic cell line constitutes an effective in vitro model for evaluating toxicity, oxidative stress and necrosis/apoptosis after exposure to black carbon particles and 2.45 GHz radio frequency.",https://pubmed.ncbi.nlm.nih.gov/36632900/,in_vitro/apoptose_mitochondrie/2023_36632900_the-hl-60-human-promyelocytic-cell-line-constitute.md
37068348,10.1016/j.ebiom.2023.104577,2023,in_vitro,apoptose_mitochondrie,thermique;cancer,EBioMedicine,Microwave hyperthermia represses human papillomavirus oncoprotein activity and induces cell death due to cell stress in 3D tissue models of anogenital precancers and cancers.,https://pubmed.ncbi.nlm.nih.gov/37068348/,in_vitro/apoptose_mitochondrie/2023_37068348_microwave-hyperthermia-represses-human-papillomavi.md
34282830,10.1042/BSR20190878,2022,in_vitro,apoptose_mitochondrie,thermique;cancer,Bioscience reports,The anti-tumor effects of the combination of microwave hyperthermia and lobaplatin against breast cancer cells in vitro and in vivo.,https://pubmed.ncbi.nlm.nih.gov/34282830/,in_vitro/apoptose_mitochondrie/2022_34282830_the-anti-tumor-effects-of-the-combination-of-micro.md
35755974,10.4103/jmss.jmss_113_21,2022,in_vitro,apoptose_mitochondrie,,Journal of medical signals and sensors,Construction a CO2 Incubator for Cell Culture with Capability of Transmitting Microwave Radiation.,https://pubmed.ncbi.nlm.nih.gov/35755974/,in_vitro/apoptose_mitochondrie/2022_35755974_construction-a-co2-incubator-for-cell-culture-with.md
35786241,10.1080/15368378.2022.2095643,2022,in_vitro,apoptose_mitochondrie,,Electromagnetic biology and medicine,Effects of radiofrequency radiation on apoptotic and antiapoptotic factors in colorectal cancer cells.,https://pubmed.ncbi.nlm.nih.gov/35786241/,in_vitro/apoptose_mitochondrie/2022_35786241_effects-of-radiofrequency-radiation-on-apoptotic-a.md
34948323,10.3390/ijms222413525,2021,in_vitro,apoptose_mitochondrie,genotoxicite_epigenetique;cancer,International journal of molecular sciences,Aroylhydrazone Diorganotin Complexes Causes DNA Damage and Apoptotic Cell Death: From Chemical Synthesis to Biochemical Effects.,https://pubmed.ncbi.nlm.nih.gov/34948323/,in_vitro/apoptose_mitochondrie/2021_34948323_aroylhydrazone-diorganotin-complexes-causes-dna-da.md
32013005,10.3390/ijerph17030819,2020,in_vitro,apoptose_mitochondrie,cancer;dosimetrie_exposition,,Apoptotic Effect of 1800 MHz Electromagnetic Radiation on NIH/3T3 Cells.,https://pubmed.ncbi.nlm.nih.gov/32013005/,in_vitro/apoptose_mitochondrie/2020_32013005_apoptotic-effect-of-1800-mhz-electromagnetic-radia.md
32802265,10.1155/2020/4205640,2020,in_vitro,apoptose_mitochondrie,stress_oxydatif,Oxidative medicine and cellular longevity,Anticancer Effects of Plasma-Activated Medium Produced by a Microwave-Excited Atmospheric Pressure Argon Plasma Jet.,https://pubmed.ncbi.nlm.nih.gov/32802265/,in_vitro/apoptose_mitochondrie/2020_32802265_anticancer-effects-of-plasma-activated-medium-prod.md
30594431,10.1016/j.bmcl.2018.12.033,2019,in_vitro,apoptose_mitochondrie,cancer,Bioorganic & medicinal chemistry letters,Application of microwave-irradiation technique in deglycosylation of ginsenosides for improving apoptosis induction in human melanoma SK-MEL-2 cells.,https://pubmed.ncbi.nlm.nih.gov/30594431/,in_vitro/apoptose_mitochondrie/2019_30594431_application-of-microwave-irradiation-technique-in.md
30655807,10.3892/ol.2018.9629,2019,in_vitro,apoptose_mitochondrie,thermique;cancer,Oncology letters,Synergistic action of microwave-induced mild hyperthermia and paclitaxel in inducing apoptosis in the human breast cancer cell line MCF-7.,https://pubmed.ncbi.nlm.nih.gov/30655807/,in_vitro/apoptose_mitochondrie/2019_30655807_synergistic-action-of-microwave-induced-mild-hyper.md
30692070,10.12122/j.issn.1673-4254.2019.01.12,2019,in_vitro,apoptose_mitochondrie,dosimetrie_exposition;cancer,Nan fang yi ke da xue xue bao = Journal of Southern Medical University,[Millimeter wave exposure induces apoptosis in human melanoma A375 cells in vitro].,https://pubmed.ncbi.nlm.nih.gov/30692070/,in_vitro/apoptose_mitochondrie/2019_30692070_millimeter-wave-exposure-induces-apoptosis-in-huma.md
31023054,10.4149/BLL_2019_050,2019,in_vitro,apoptose_mitochondrie,,Bratislavske lekarske listy,Assessment of the effects of radiofrequency radiation on human colon epithelium cells.,https://pubmed.ncbi.nlm.nih.gov/31023054/,in_vitro/apoptose_mitochondrie/2019_31023054_assessment-of-the-effects-of-radiofrequency-radiat.md
31351122,10.1016/j.tiv.2019.104609,2019,in_vitro,apoptose_mitochondrie,cancer;stress_oxydatif,Toxicology in vitro : an international journal published in association with BIBRA,Effects of radiofrequency electromagnetic field exposure on neuronal differentiation and mitochondrial function in SH-SY5Y cells.,https://pubmed.ncbi.nlm.nih.gov/31351122/,in_vitro/apoptose_mitochondrie/2019_31351122_effects-of-radiofrequency-electromagnetic-field-ex.md
29609122,10.1016/j.ejmech.2018.03.069,2018,in_vitro,apoptose_mitochondrie,cancer;stress_oxydatif,European journal of medicinal chemistry,Microwave-assisted one-pot synthesis of new phenanthrene fused-tetrahydrodibenzo-acridinones as potential cytotoxic and apoptosis inducing agents.,https://pubmed.ncbi.nlm.nih.gov/29609122/,in_vitro/apoptose_mitochondrie/2018_29609122_microwave-assisted-one-pot-synthesis-of-new-phenan.md
30034669,10.4103/ijpvm.ijpvm_75_17,2018,in_vitro,apoptose_mitochondrie,,,"Exposure to Global System for Mobile Communication 900 MHz Cellular Phone Radiofrequency Alters Growth, Proliferation and Morphology of Michigan Cancer Foundation-7 Cells and Mesenchymal Stem Cells.",https://pubmed.ncbi.nlm.nih.gov/30034669/,in_vitro/apoptose_mitochondrie/2018_30034669_exposure-to-global-system-for-mobile-communication.md
30274120,10.1016/j.msec.2018.08.039,2018,in_vitro,apoptose_mitochondrie,cancer,"Materials science & engineering. C, Materials for biological applications",Effects of gallic acid biofabricated rGO nanosheets combined with radiofrequency radiation for the treatment of renal cell carcinoma.,https://pubmed.ncbi.nlm.nih.gov/30274120/,in_vitro/apoptose_mitochondrie/2018_30274120_effects-of-gallic-acid-biofabricated-rgo-nanosheet.md
30454541,10.3779/j.issn.1009-3419.2018.11.01,2018,in_vitro,apoptose_mitochondrie,thermique;cancer;neuro_comportement_cognition,Zhongguo fei ai za zhi = Chinese journal of lung cancer,[Microwave Hyperthermia Combined with Gemcitabine Inhibits Proliferation  and Induces Apoptosis of Human Lung Squamous Carcinoma Cells].,https://pubmed.ncbi.nlm.nih.gov/30454541/,in_vitro/apoptose_mitochondrie/2018_30454541_microwave-hyperthermia-combined-with-gemcitabine-i.md
27338299,10.2174/1871520616666160622095406,2017,in_vitro,apoptose_mitochondrie,cancer,Anti-cancer agents in medicinal chemistry,A Facile and Microwave-assisted Rapid Synthesis of 2-Arylamino-4-(3'-indolyl)- thiazoles as Apoptosis Inducing Cytotoxic Agents.,https://pubmed.ncbi.nlm.nih.gov/27338299/,in_vitro/apoptose_mitochondrie/2017_27338299_a-facile-and-microwave-assisted-rapid-synthesis-of.md
28713615,10.5115/acb.2017.50.2.115,2017,in_vitro,apoptose_mitochondrie,neurodeveloppement,Anatomy & cell biology,"Effects of radiofrequency exposure emitted from a GSM mobile phone on proliferation, differentiation, and apoptosis of neural stem cells.",https://pubmed.ncbi.nlm.nih.gov/28713615/,in_vitro/apoptose_mitochondrie/2017_28713615_effects-of-radiofrequency-exposure-emitted-from-a.md
28900243,10.1038/s41598-017-11784-y,2017,in_vitro,apoptose_mitochondrie,cancer;genotoxicite_epigenetique;thermique,Scientific reports,Normothermic Microwave Irradiation Induces Death of HL-60 Cells through Heat-Independent Apoptosis.,https://pubmed.ncbi.nlm.nih.gov/28900243/,in_vitro/apoptose_mitochondrie/2017_28900243_normothermic-microwave-irradiation-induces-death-o.md
27420084,10.3390/ijerph13070701,2016,in_vitro,apoptose_mitochondrie,,International journal of environmental research and public health,"Quality Matters: Systematic Analysis of Endpoints Related to ""Cellular Life"" in Vitro Data of Radiofrequency Electromagnetic Field Exposure.",https://pubmed.ncbi.nlm.nih.gov/27420084/,in_vitro/apoptose_mitochondrie/2016_27420084_quality-matters-systematic-analysis-of-endpoints-r.md
25658708,10.1371/journal.pone.0117550,2015,in_vitro,apoptose_mitochondrie,dosimetrie_exposition,PloS one,Effects of pulsed 2.856 GHz microwave exposure on BM-MSCs isolated from C57BL/6 mice.,https://pubmed.ncbi.nlm.nih.gov/25658708/,in_vitro/apoptose_mitochondrie/2015_25658708_effects-of-pulsed-2-856-ghz-microwave-exposure-on.md
24817642,10.1007/s12013-014-0007-4,2014,in_vitro,apoptose_mitochondrie,genotoxicite_epigenetique;dosimetrie_exposition,Cell biochemistry and biophysics,Mobile phone radiation alters proliferation of hepatocarcinoma cells.,https://pubmed.ncbi.nlm.nih.gov/24817642/,in_vitro/apoptose_mitochondrie/2014_24817642_mobile-phone-radiation-alters-proliferation-of-hep.md
23454122,10.1016/j.bbrc.2013.02.071,2013,in_vitro,apoptose_mitochondrie,cancer;genotoxicite_epigenetique;dosimetrie_exposition,Biochemical and biophysical research communications,Studying the protein expression in human B lymphoblastoid cells exposed to 1.8-GHz (GSM) radiofrequency radiation (RFR) with protein microarray.,https://pubmed.ncbi.nlm.nih.gov/23454122/,in_vitro/apoptose_mitochondrie/2013_23454122_studying-the-protein-expression-in-human-b-lymphob.md
22354756,10.1002/bem.21712,2012,in_vitro,apoptose_mitochondrie,genotoxicite_epigenetique;dosimetrie_exposition;cancer,Bioelectromagnetics,Radiofrequency radiation at 1950 MHz (UMTS) does not affect key cellular endpoints in neuron-like PC12 cells.,https://pubmed.ncbi.nlm.nih.gov/22354756/,in_vitro/apoptose_mitochondrie/2012_22354756_radiofrequency-radiation-at-1950-mhz-umts-does-not.md
23029402,10.1371/journal.pone.0046102,2012,in_vitro,apoptose_mitochondrie,cancer;dosimetrie_exposition,PloS one,The effect of combined exposure of 900 MHz radiofrequency fields and doxorubicin in HL-60 cells.,https://pubmed.ncbi.nlm.nih.gov/23029402/,in_vitro/apoptose_mitochondrie/2012_23029402_the-effect-of-combined-exposure-of-900-mhz-radiofr.md
22014767,10.1016/j.scitotenv.2011.09.036,2011,in_vitro,apoptose_mitochondrie,,The Science of the total environment,Mutagenic and morphologic impacts of 1.8GHz radiofrequency radiation on human peripheral blood lymphocytes (hPBLs) and possible protective role of pre-treatment with Ginkgo biloba (EGb 761).,https://pubmed.ncbi.nlm.nih.gov/22014767/,in_vitro/apoptose_mitochondrie/2011_22014767_mutagenic-and-morphologic-impacts-of-1-8ghz-radiof.md
18175330,10.1002/bem.20391,2008,in_vitro,apoptose_mitochondrie,,Bioelectromagnetics,Bacterial response to the exposure of 50 Hz electromagnetic fields.,https://pubmed.ncbi.nlm.nih.gov/18175330/,in_vitro/apoptose_mitochondrie/2008_18175330_bacterial-response-to-the-exposure-of-50-hz-electr.md
18318445,10.1002/bit.21801,2008,in_vitro,apoptose_mitochondrie,thermique,Biotechnology and bioengineering,A role for microwave processing in the dry preservation of mammalian cells.,https://pubmed.ncbi.nlm.nih.gov/18318445/,in_vitro/apoptose_mitochondrie/2008_18318445_a-role-for-microwave-processing-in-the-dry-preserv.md
18763855,10.1667/RR1098.1,2008,in_vitro,apoptose_mitochondrie,dosimetrie_exposition,Radiation research,Exposure to 900 MHz radiofrequency radiation induces caspase 3 activation in proliferating human lymphocytes.,https://pubmed.ncbi.nlm.nih.gov/18763855/,in_vitro/apoptose_mitochondrie/2008_18763855_exposure-to-900-mhz-radiofrequency-radiation-induc.md
18821386,10.1080/09553000802345928,2008,in_vitro,apoptose_mitochondrie,dosimetrie_exposition,International journal of radiation biology,"Radiofrequency radiation does not significantly affect ornithine decarboxylase activity, proliferation, or caspase-3 activity of fibroblasts in different physiological conditions.",https://pubmed.ncbi.nlm.nih.gov/18821386/,in_vitro/apoptose_mitochondrie/2008_18821386_radiofrequency-radiation-does-not-significantly-af.md
17559061,10.1002/jcp.21146,2007,in_vitro,apoptose_mitochondrie,genotoxicite_epigenetique;cancer,Journal of cellular physiology,Radiofrequency radiation (900 MHz) induces Egr-1 gene expression and affects cell-cycle control in human neuroblastoma cells.,https://pubmed.ncbi.nlm.nih.gov/17559061/,in_vitro/apoptose_mitochondrie/2007_17559061_radiofrequency-radiation-900-mhz-induces-egr-1-gen.md
16690594,10.1080/09553000600649232,2006,in_vitro,apoptose_mitochondrie,,International journal of radiation biology,Microwave exposure of neuronal cells in vitro: Study of apoptosis.,https://pubmed.ncbi.nlm.nih.gov/16690594/,in_vitro/apoptose_mitochondrie/2006_16690594_microwave-exposure-of-neuronal-cells-in-vitro-stud.md
16953672,10.1667/RR3601.1,2006,in_vitro,apoptose_mitochondrie,cancer;dosimetrie_exposition,Radiation research,Comparative study of cell cycle kinetics and induction of apoptosis or necrosis after exposure of human Mono Mac 6 cells to radiofrequency radiation.,https://pubmed.ncbi.nlm.nih.gov/16953672/,in_vitro/apoptose_mitochondrie/2006_16953672_comparative-study-of-cell-cycle-kinetics-and-induc.md
17160157,,2006,in_vitro,apoptose_mitochondrie,,Hellenic journal of nuclear medicine,Effects of low intensity static electromagnetic radiofrequency fields on leiomyosarcoma and smooth muscle cell lines.,https://pubmed.ncbi.nlm.nih.gov/17160157/,in_vitro/apoptose_mitochondrie/2006_17160157_effects-of-low-intensity-static-electromagnetic-ra.md
17241548,,2006,in_vitro,apoptose_mitochondrie,,Zhonghua lao dong wei sheng zhi ye bing za zhi = Zhonghua laodong weisheng zhiyebing zazhi = Chinese journal of industrial hygiene and occupational diseases,"[Changes of apoptosis, mitochondrion membrane potential and Ca2+ of hypothalamic neurons induced by high power microwave].",https://pubmed.ncbi.nlm.nih.gov/17241548/,in_vitro/apoptose_mitochondrie/2006_17241548_changes-of-apoptosis-mitochondrion-membrane-potent.md
12955756,10.1002/bem.10130,2003,in_vitro,apoptose_mitochondrie,cancer,Bioelectromagnetics,Effects of 50 Hz electromagnetic field exposure on apoptosis and differentiation in a neuroblastoma cell line.,https://pubmed.ncbi.nlm.nih.gov/12955756/,in_vitro/apoptose_mitochondrie/2003_12955756_effects-of-50-hz-electromagnetic-field-exposure-on.md
11835257,10.1002/bem.103,2002,in_vitro,apoptose_mitochondrie,cancer,Bioelectromagnetics,Decreased DNA repair rates and protection from heat induced apoptosis mediated by electromagnetic field exposure.,https://pubmed.ncbi.nlm.nih.gov/11835257/,in_vitro/apoptose_mitochondrie/2002_11835257_decreased-dna-repair-rates-and-protection-from-hea.md
11206921,10.1016/s0302-4598(00)00119-7,2001,in_vitro,apoptose_mitochondrie,cancer,"Bioelectrochemistry (Amsterdam, Netherlands)",25 Hz electromagnetic field exposure has no effect on cell cycle distribution and apoptosis in U-937 and HCA-2/1cch cells.,https://pubmed.ncbi.nlm.nih.gov/11206921/,in_vitro/apoptose_mitochondrie/2001_11206921_25-hz-electromagnetic-field-exposure-has-no-effect.md
6143563,10.1002/bem.2250050105,1984,in_vitro,apoptose_mitochondrie,plasticite_synaptique,Bioelectromagnetics,In vitro effects of microwave radiation on rat liver mitochondria.,https://pubmed.ncbi.nlm.nih.gov/6143563/,in_vitro/apoptose_mitochondrie/1984_6143563_in-vitro-effects-of-microwave-radiation-on-rat-liv.md
35134610,10.1016/j.bbrc.2022.01.112,2022,in_vitro,barriere_hemato_encephalique,,Biochemical and biophysical research communications,Effects of radiofrequency exposure on in vitro blood-brain barrier permeability in the presence of magnetic nanoparticles.,https://pubmed.ncbi.nlm.nih.gov/35134610/,in_vitro/barriere_hemato_encephalique/2022_35134610_effects-of-radiofrequency-exposure-on-in-vitro-blo.md
27053138,10.3109/15368378.2015.1092158,2016,in_vitro,barriere_hemato_encephalique,genotoxicite_epigenetique;stress_oxydatif;neuro_comportement_cognition,Electromagnetic biology and medicine,Effect of radiofrequency radiation in cultured mammalian cells: A review.,https://pubmed.ncbi.nlm.nih.gov/27053138/,in_vitro/barriere_hemato_encephalique/2016_27053138_effect-of-radiofrequency-radiation-in-cultured-mam.md
25195697,10.1007/s12035-014-8848-9,2015,in_vitro,barriere_hemato_encephalique,,Molecular neurobiology,Activation of VEGF/Flk-1-ERK Pathway Induced Blood-Brain Barrier Injury After Microwave Exposure.,https://pubmed.ncbi.nlm.nih.gov/25195697/,in_vitro/barriere_hemato_encephalique/2015_25195697_activation-of-vegf-flk-1-erk-pathway-induced-blood.md
21225887,10.1002/bem.20621,2011,in_vitro,calcium_canaux_ioniques,dosimetrie_exposition,Bioelectromagnetics,New fin-line devices for radiofrequency exposure of small biological samples in vitro allowing whole-cell patch clamp recordings.,https://pubmed.ncbi.nlm.nih.gov/21225887/,in_vitro/calcium_canaux_ioniques/2011_21225887_new-fin-line-devices-for-radiofrequency-exposure-o.md
18302487,10.1667/RR1118.1,2008,in_vitro,calcium_canaux_ioniques,,Radiation research,Nonthermal effects of radiofrequency-field exposure on calcium dynamics in stem cell-derived neuronal cells: elucidation of calcium pathways.,https://pubmed.ncbi.nlm.nih.gov/18302487/,in_vitro/calcium_canaux_ioniques/2008_18302487_nonthermal-effects-of-radiofrequency-field-exposur.md
17620299,10.1002/bem.20345,2007,in_vitro,calcium_canaux_ioniques,thermique,Bioelectromagnetics,Acute exposure to low-level CW and GSM-modulated 900 MHz radiofrequency does not affect Ba 2+ currents through voltage-gated calcium channels in rat cortical neurons.,https://pubmed.ncbi.nlm.nih.gov/17620299/,in_vitro/calcium_canaux_ioniques/2007_17620299_acute-exposure-to-low-level-cw-and-gsm-modulated-9.md
16838272,10.1002/bem.20255,2006,in_vitro,calcium_canaux_ioniques,,Bioelectromagnetics,Extremely low frequency electromagnetic field exposure promotes differentiation of pituitary corticotrope-derived AtT20 D16V cells.,https://pubmed.ncbi.nlm.nih.gov/16838272/,in_vitro/calcium_canaux_ioniques/2006_16838272_extremely-low-frequency-electromagnetic-field-expo.md
41850480,10.1016/j.envres.2026.124292,2026,in_vitro,cancer,apoptose_mitochondrie;stress_oxydatif;thermique,,"Radiofrequency exposure to LTE signal does not alter cancer-related endpoints in human neuroblastoma cell model either alone, or co-exposed to menadione or Wi-Fi signal.",https://pubmed.ncbi.nlm.nih.gov/41850480/,in_vitro/cancer/2026_41850480_radiofrequency-exposure-to-lte-signal-does-not-alt.md
41937209,10.1186/s12951-026-04356-8,2026,in_vitro,cancer,stress_oxydatif;apoptose_mitochondrie,,A dual-transformable MgGa-MOF nanoplatform for HCC therapy via lactate metabolism blockade and immune reactivation.,https://pubmed.ncbi.nlm.nih.gov/41937209/,in_vitro/cancer/2026_41937209_a-dual-transformable-mgga-mof-nanoplatform-for-hcc.md
42003487,10.1039/d6nr00763e,2026,in_vitro,cancer,thermique;dosimetrie_exposition,Nanoscale,A Swiss army knife for the treatment of bone cancers: a new multifunctional platform based upon SPIONs@copper-doped bioactive glass core-shell nanoparticles.,https://pubmed.ncbi.nlm.nih.gov/42003487/,in_vitro/cancer/2026_42003487_a-swiss-army-knife-for-the-treatment-of-bone-cance.md
42280148,10.3390/molecules31111844,2026,in_vitro,cancer,stress_oxydatif;apoptose_mitochondrie,,Gold Nanoparticle Complexes with PAMAM Dendrimers for In Vitro Cancer Cytotoxicity Assessment: Synthesis via Ascorbic Acid Reduction.,https://pubmed.ncbi.nlm.nih.gov/42280148/,in_vitro/cancer/2026_42280148_gold-nanoparticle-complexes-with-pamam-dendrimers.md
42545398,10.1007/s00604-026-08315-w,2026,in_vitro,cancer,thermique;apoptose_mitochondrie;dosimetrie_exposition,Mikrochimica acta,Synergistic magnetic nano-chemotherapy overcomes chemoresistance in 3D breast cancer models.,https://pubmed.ncbi.nlm.nih.gov/42545398/,in_vitro/cancer/2026_42545398_synergistic-magnetic-nano-chemotherapy-overcomes-c.md
42594945,10.1088/1361-6560/ae99a6,2026,in_vitro,cancer,apoptose_mitochondrie;thermique;dosimetrie_exposition,Physics in medicine and biology,A programmable electroculture platform for direction-dependent alternating electric field delivery in cancer cell models.,https://pubmed.ncbi.nlm.nih.gov/42594945/,in_vitro/cancer/2026_42594945_a-programmable-electroculture-platform-for-directi.md
PPR1218304,10.64898/2026.03.22.713285,2026,in_vitro,cancer,neuroinflammation,,Magnetic field-induced ER stress reprograms the tumor microenvironment to improve triple-negative breast cancer survival,https://doi.org/10.64898/2026.03.22.713285,in_vitro/cancer/2026_PPR1218304_magnetic-field-induced-er-stress-reprograms-the-tu.md
40314206,10.1080/17435889.2025.2496130,2025,in_vitro,cancer,thermique,,Nanomaterials as electromagnetic sensors for tumour detection.,https://pubmed.ncbi.nlm.nih.gov/40314206/,in_vitro/cancer/2025_40314206_nanomaterials-as-electromagnetic-sensors-for-tumou.md
40899983,10.1093/rpd/ncaf099,2025,in_vitro,cancer,,,Effects of 50 Hz extremely low-frequency magnetic field exposure on proliferative activity in cancer cells: an in vitro study.,https://pubmed.ncbi.nlm.nih.gov/40899983/,in_vitro/cancer/2025_40899983_effects-of-50-hz-extremely-low-frequency-magnetic.md
41081453,10.18632/oncotarget.28770,2025,in_vitro,cancer,eeg_sommeil,Oncotarget,Treatment of glioblastoma with tumor-specific amplitude-modulated radiofrequency electromagnetic fields.,https://pubmed.ncbi.nlm.nih.gov/41081453/,in_vitro/cancer/2025_41081453_treatment-of-glioblastoma-with-tumor-specific-ampl.md
41335801,10.1109/EMBC58623.2025.11253636,2025,in_vitro,cancer,thermique,Annual International Conference of the IEEE Engineering in Medicine and Biology Society. IEEE Engineering in Medicine and Biology Society. Annual International Conference,Thermoelectric Decoupling for Electric Field Therapy in Glioblastoma.,https://pubmed.ncbi.nlm.nih.gov/41335801/,in_vitro/cancer/2025_41335801_thermoelectric-decoupling-for-electric-field-thera.md
41385030,10.1007/s12032-025-03169-3,2025,in_vitro,cancer,apoptose_mitochondrie,,A new approach for elimination of apoptotic resistance caused by MDM2/MDMX amplification in chronic lymphocytic leukemia: combination of ALRN-6924 and radiofrequency exposure.,https://pubmed.ncbi.nlm.nih.gov/41385030/,in_vitro/cancer/2025_41385030_a-new-approach-for-elimination-of-apoptotic-resist.md
39596520,10.3390/ijms252212457,2024,in_vitro,cancer,thermique;dosimetrie_exposition,,Exposure to Radiofrequency Electromagnetic Fields Enhances Melanin Synthesis by Activating the P53 Signaling Pathway in Mel-Ab Melanocytes.,https://pubmed.ncbi.nlm.nih.gov/39596520/,in_vitro/cancer/2024_39596520_exposure-to-radiofrequency-electromagnetic-fields.md
37207815,10.1016/j.envpol.2023.121843,2023,in_vitro,cancer,stress_oxydatif;neuroinflammation;apoptose_mitochondrie,"Environmental pollution (Barking, Essex : 1987)",Immunomodulatory role of non-ionizing electromagnetic radiation in human leukemia monocytic cell line.,https://pubmed.ncbi.nlm.nih.gov/37207815/,in_vitro/cancer/2023_37207815_immunomodulatory-role-of-non-ionizing-electromagne.md
38153083,10.26444/aaem/176405,2023,in_vitro,cancer,,,Effects of 2.4 GHz radiofrequency electromagnetic field (RF-EMF) on glioblastoma cells (U -118 MG).,https://pubmed.ncbi.nlm.nih.gov/38153083/,in_vitro/cancer/2023_38153083_effects-of-2-4-ghz-radiofrequency-electromagnetic.md
36361993,10.3390/ijms232113210,2022,in_vitro,cancer,eeg_sommeil;genotoxicite_epigenetique,International journal of molecular sciences,2.4 GHz Electromagnetic Field Influences the Response of the Circadian Oscillator in the Colorectal Cancer Cell Line DLD1 to miR-34a-Mediated Regulation.,https://pubmed.ncbi.nlm.nih.gov/36361993/,in_vitro/cancer/2022_36361993_2-4-ghz-electromagnetic-field-influences-the-respo.md
33306410,10.1080/15368378.2020.1856681,2021,in_vitro,cancer,apoptose_mitochondrie,Electromagnetic biology and medicine,The effect of 900 MHz electromagnetic fields on biological pathways induced by electrochemotherapy.,https://pubmed.ncbi.nlm.nih.gov/33306410/,in_vitro/cancer/2021_33306410_the-effect-of-900-mhz-electromagnetic-fields-on-bi.md
31542968,10.1080/15368378.2019.1669634,2019,in_vitro,cancer,dosimetrie_exposition,,Effect of electromagnetic field exposure on the transcription of repetitive DNA elements in human cells.,https://pubmed.ncbi.nlm.nih.gov/31542968/,in_vitro/cancer/2019_31542968_effect-of-electromagnetic-field-exposure-on-the-tr.md
29857069,10.1016/j.jid.2018.04.037,2018,in_vitro,cancer,,The Journal of investigative dermatology,Chitosan-Carboxymethyl-5-Fluorouracil-Folate Conjugate Particles: Microwave Modulated Uptake by Skin and Melanoma Cells.,https://pubmed.ncbi.nlm.nih.gov/29857069/,in_vitro/cancer/2018_29857069_chitosan-carboxymethyl-5-fluorouracil-folate-conju.md
26689947,10.3109/09553002.2016.1117678,2016,in_vitro,cancer,stress_oxydatif;genotoxicite_epigenetique,International journal of radiation biology,Effect of cell phone-like electromagnetic radiation on primary human thyroid cells.,https://pubmed.ncbi.nlm.nih.gov/26689947/,in_vitro/cancer/2016_26689947_effect-of-cell-phone-like-electromagnetic-radiatio.md
25796485,10.1007/s00232-015-9788-7,2015,in_vitro,cancer,thermique,The Journal of membrane biology,Picosecond and Terahertz Perturbation of Interfacial Water and Electropermeabilization of Biological Membranes.,https://pubmed.ncbi.nlm.nih.gov/25796485/,in_vitro/cancer/2015_25796485_picosecond-and-terahertz-perturbation-of-interfaci.md
21365661,10.1002/bem.20618,2011,in_vitro,cancer,dosimetrie_exposition,Bioelectromagnetics,Effects of combined radiofrequency radiation exposure on the cell cycle and its regulatory proteins.,https://pubmed.ncbi.nlm.nih.gov/21365661/,in_vitro/cancer/2011_21365661_effects-of-combined-radiofrequency-radiation-expos.md
21384705,10.1080/08327823.2008.11688617,2009,in_vitro,cancer,,The Journal of microwave power and electromagnetic energy : a publication of the International Microwave Power Institute,Combined microwave and electron beam exposure facilities for medical studies and applications.,https://pubmed.ncbi.nlm.nih.gov/21384705/,in_vitro/cancer/2009_21384705_combined-microwave-and-electron-beam-exposure-faci.md
17382472,10.1016/j.neulet.2007.02.057,2007,in_vitro,cancer,,Neuroscience letters,Fifty Hertz electromagnetic field exposure stimulates secretion of beta-amyloid peptide in cultured human neuroglioma.,https://pubmed.ncbi.nlm.nih.gov/17382472/,in_vitro/cancer/2007_17382472_fifty-hertz-electromagnetic-field-exposure-stimula.md
14731070,10.1667/rr3127,2004,in_vitro,cancer,genotoxicite_epigenetique;apoptose_mitochondrie,Radiation research,Measurement of DNA damage and apoptosis in Molt-4 cells after in vitro exposure to radiofrequency radiation.,https://pubmed.ncbi.nlm.nih.gov/14731070/,in_vitro/cancer/2004_14731070_measurement-of-dna-damage-and-apoptosis-in-molt-4.md
11741503,10.1667/0033-7587(2001)156[0786:refdna]2.0.co;2,2001,in_vitro,cancer,dosimetrie_exposition,Radiation research,Radiofrequency electromagnetic fields do not alter the cell cycle progression of C3H 10T and U87MG cells.,https://pubmed.ncbi.nlm.nih.gov/11741503/,in_vitro/cancer/2001_11741503_radiofrequency-electromagnetic-fields-do-not-alter.md
11049817,10.1289/ehp.00108967,2000,in_vitro,cancer,,Environmental health perspectives,Effect of electromagnetic field exposure on chemically induced differentiation of friend erythroleukemia cells.,https://pubmed.ncbi.nlm.nih.gov/11049817/,in_vitro/cancer/2000_11049817_effect-of-electromagnetic-field-exposure-on-chemic.md
10194560,10.1002/(sici)1521-186x(1999)20:3<177::aid-bem4>3.0.co;2-#,1999,in_vitro,cancer,neurodeveloppement,Bioelectromagnetics,Correlation between pulsed electromagnetic fields exposure time and cell proliferation increase in human osteosarcoma cell lines and human normal osteoblast cells in vitro.,https://pubmed.ncbi.nlm.nih.gov/10194560/,in_vitro/cancer/1999_10194560_correlation-between-pulsed-electromagnetic-fields.md
9096842,10.1002/(sici)1521-186x(1997)18:3<237::aid-bem6>3.0.co;2-3,1997,in_vitro,cancer,,Bioelectromagnetics,Focus formation of C3H/10T1/2 cells and exposure to a 836.55 MHz modulated radiofrequency field.,https://pubmed.ncbi.nlm.nih.gov/9096842/,in_vitro/cancer/1997_9096842_focus-formation-of-c3h-10t1-2-cells-and-exposure-t.md
2300667,,1990,in_vitro,cancer,thermique,Radiation research,Glioma proliferation modulated in vitro by isothermal radiofrequency radiation exposure.,https://pubmed.ncbi.nlm.nih.gov/2300667/,in_vitro/cancer/1990_2300667_glioma-proliferation-modulated-in-vitro-by-isother.md
2540756,10.1002/bem.2250100208,1989,in_vitro,cancer,,Bioelectromagnetics,Radiofrequency radiation-induced calcium ion efflux enhancement from human and other neuroblastoma cells in culture.,https://pubmed.ncbi.nlm.nih.gov/2540756/,in_vitro/cancer/1989_2540756_radiofrequency-radiation-induced-calcium-ion-efflu.md
PPR1303709,10.21203/rs.3.rs-10548541/v1,2026,in_vitro,dosimetrie_exposition,,,Dual-Frequency and Pattern Reconfigurable Wireless Communication System for Adaptive Cross-Body Biotelemetry,https://doi.org/10.21203/rs.3.rs-10548541/v1,in_vitro/dosimetrie_exposition/2026_PPR1303709_dual-frequency-and-pattern-reconfigurable-wireless.md
38484921,10.1016/j.tiv.2024.105808,2024,in_vitro,dosimetrie_exposition,genotoxicite_epigenetique;thermique,Toxicology in vitro : an international journal published in association with BIBRA,Transcriptional landscape of human keratinocyte models exposed to 60-GHz millimeter-waves.,https://pubmed.ncbi.nlm.nih.gov/38484921/,in_vitro/dosimetrie_exposition/2024_38484921_transcriptional-landscape-of-human-keratinocyte-mo.md
33074167,10.2478/aiht-2020-71-3267,2020,in_vitro,dosimetrie_exposition,eeg_sommeil,,Microtubular structure impairment after GSM-modulated RF radiation exposure.,https://pubmed.ncbi.nlm.nih.gov/33074167/,in_vitro/dosimetrie_exposition/2020_33074167_microtubular-structure-impairment-after-gsm-modula.md
30007574,10.1016/j.ortho.2018.06.013,2018,in_vitro,dosimetrie_exposition,,International orthodontics,Effect of radiofrequency electromagnetic fields (RF-EMFS) from mobile phones on nickel release from orthodontic brackets: An in vitro study.,https://pubmed.ncbi.nlm.nih.gov/30007574/,in_vitro/dosimetrie_exposition/2018_30007574_effect-of-radiofrequency-electromagnetic-fields-rf.md
25194051,10.1093/jrr/rru075,2015,in_vitro,dosimetrie_exposition,,Journal of radiation research,Effect of a 2.45-GHz radiofrequency electromagnetic field on neutrophil chemotaxis and phagocytosis in differentiated human HL-60 cells.,https://pubmed.ncbi.nlm.nih.gov/25194051/,in_vitro/dosimetrie_exposition/2015_25194051_effect-of-a-2-45-ghz-radiofrequency-electromagneti.md
23210629,10.3109/09553002.2013.754559,2013,in_vitro,dosimetrie_exposition,,International journal of radiation biology,Superposition of an incoherent magnetic field inhibited EGF receptor clustering and phosphorylation induced by a 1.8 GHz pulse-modulated radiofrequency radiation.,https://pubmed.ncbi.nlm.nih.gov/23210629/,in_vitro/dosimetrie_exposition/2013_23210629_superposition-of-an-incoherent-magnetic-field-inhi.md
22032630,10.3109/09553002.2011.634882,2012,in_vitro,dosimetrie_exposition,,International journal of radiation biology,A 1.8-GHz radiofrequency radiation induces EGF receptor clustering and phosphorylation in cultured human amniotic (FL) cells.,https://pubmed.ncbi.nlm.nih.gov/22032630/,in_vitro/dosimetrie_exposition/2012_22032630_a-1-8-ghz-radiofrequency-radiation-induces-egf-rec.md
16481348,10.1093/mutage/gel008,2006,in_vitro,dosimetrie_exposition,,Mutagenesis,Cytogenetic investigation of subjects professionally exposed to radiofrequency radiation.,https://pubmed.ncbi.nlm.nih.gov/16481348/,in_vitro/dosimetrie_exposition/2006_16481348_cytogenetic-investigation-of-subjects-professional.md
16802866,10.1667/RR3555.1,2006,in_vitro,dosimetrie_exposition,,Radiation research,Effects of GSM-modulated radiofrequency electromagnetic fields on B-cell peripheral differentiation and antibody production.,https://pubmed.ncbi.nlm.nih.gov/16802866/,in_vitro/dosimetrie_exposition/2006_16802866_effects-of-gsm-modulated-radiofrequency-electromag.md
16850337,10.1007/s00411-006-0053-4,2006,in_vitro,dosimetrie_exposition,,Radiation and environmental biophysics,Modest increase in temperature affects ODC activity in L929 cells: Low-level radiofrequency radiation does not.,https://pubmed.ncbi.nlm.nih.gov/16850337/,in_vitro/dosimetrie_exposition/2006_16850337_modest-increase-in-temperature-affects-odc-activit.md
11121222,10.1667/0033-7587(2001)155[0113:csihbl]2.0.co;2,2001,in_vitro,dosimetrie_exposition,,Radiation research,"Cytogenetic studies in human blood lymphocytes exposed in vitro to radiofrequency radiation at a cellular telephone frequency (835.62 MHz, FDMA).",https://pubmed.ncbi.nlm.nih.gov/11121222/,in_vitro/dosimetrie_exposition/2001_11121222_cytogenetic-studies-in-human-blood-lymphocytes-exp.md
9338631,10.1002/(sici)1521-186x(1997)18:7<499::aid-bem5>3.0.co;2-y,1997,in_vitro,dosimetrie_exposition,,Bioelectromagnetics,Stress proteins are not induced in mammalian cells exposed to radiofrequency or microwave radiation.,https://pubmed.ncbi.nlm.nih.gov/9338631/,in_vitro/dosimetrie_exposition/1997_9338631_stress-proteins-are-not-induced-in-mammalian-cells.md
8240897,,1993,in_vitro,dosimetrie_exposition,,"Acta radiologica (Stockholm, Sweden : 1987)",Effect of Gd-DTPA and/or magnetic field and radiofrequency exposure on sister chromatid exchange in human peripheral lymphocytes.,https://pubmed.ncbi.nlm.nih.gov/8240897/,in_vitro/dosimetrie_exposition/1993_8240897_effect-of-gd-dtpa-and-or-magnetic-field-and-radiof.md
3809389,,1987,in_vitro,dosimetrie_exposition,,Radiation research,Effect of amplitude-modulated 147 MHz radiofrequency radiation on calcium ion efflux from avian brain tissue.,https://pubmed.ncbi.nlm.nih.gov/3809389/,in_vitro/dosimetrie_exposition/1987_3809389_effect-of-amplitude-modulated-147-mhz-radiofrequen.md
6517960,10.1002/bem.2250050406,1984,in_vitro,dosimetrie_exposition,,Bioelectromagnetics,Calorimetric measurements of the effect of 330-MHz radiofrequency radiation on human erythrocyte ghosts.,https://pubmed.ncbi.nlm.nih.gov/6517960/,in_vitro/dosimetrie_exposition/1984_6517960_calorimetric-measurements-of-the-effect-of-330-mhz.md
41522624,10.1039/d5md00907c,2026,in_vitro,general,,RSC medicinal chemistry,Microwave-assisted single-step synthesis of cyclic and acyclic β-aminosulfones and evaluation of their antifungal activity targeting CYP51.,https://pubmed.ncbi.nlm.nih.gov/41522624/,in_vitro/general/2026_41522624_microwave-assisted-single-step-synthesis-of-cyclic.md
42188378,10.3390/jfb17050211,2026,in_vitro,general,,Journal of functional biomaterials,Atmospheric Cold Microwave Argon Plasma for Decontamination of Dental Implant Surfaces: An In Vitro Experimental Study.,https://pubmed.ncbi.nlm.nih.gov/42188378/,in_vitro/general/2026_42188378_atmospheric-cold-microwave-argon-plasma-for-decont.md
42451482,10.3390/s26134241,2026,in_vitro,general,,,A Duty-Cycled PLL and Fractal Antenna Co-Design Architecture for a Low-Power IR-UWB Transmitter in Neural Implants.,https://pubmed.ncbi.nlm.nih.gov/42451482/,in_vitro/general/2026_42451482_a-duty-cycled-pll-and-fractal-antenna-co-design-ar.md
42656385,10.3389/fmed.2026.1886935,2026,in_vitro,general,,Frontiers in medicine,Arresting spirochetes: nonthermal extremely low-frequency electromagnetic field exposure suppresses Borrelia burgdorferi motility in vitro.,https://pubmed.ncbi.nlm.nih.gov/42656385/,in_vitro/general/2026_42656385_arresting-spirochetes-nonthermal-extremely-low-fre.md
42729640,10.3389/fmed.2026.1967438,2026,in_vitro,general,,,Correction: Arresting spirochetes: nonthermal extremely low-frequency electromagnetic field exposure suppresses &lt;i&gt;Borrelia burgdorferi&lt;/i&gt; motility &lt;i&gt;in vitro&lt;/i&gt;.,https://pubmed.ncbi.nlm.nih.gov/42729640/,in_vitro/general/2026_42729640_correction-arresting-spirochetes-nonthermal-extrem.md
42757977,10.1111/asj.70243,2026,in_vitro,general,,Animal science journal = Nihon chikusan Gakkaiho,"Effects of Different Treatment on the Chemical Composition, Ruminal Degradation Kinetics and In Vitro Digestibility of Cottonseed.",https://pubmed.ncbi.nlm.nih.gov/42757977/,in_vitro/general/2026_42757977_effects-of-different-treatment-on-the-chemical-com.md
PPR1184219,10.21203/rs.3.rs-9343210/v1,2026,in_vitro,general,,,Effect of Cellular Radiation on Nickel Release from Fixed Orthodontic wires: An In Vitro Study,https://doi.org/10.21203/rs.3.rs-9343210/v1,in_vitro/general/2026_PPR1184219_effect-of-cellular-radiation-on-nickel-release-fro.md
40363678,10.3390/molecules30091871,2025,in_vitro,general,,,Inhibiting &lt;i&gt;Escherichia coli&lt;/i&gt; Growth by Optimized Low-Power Microwave Irradiation-Delivery of Ag and Au Nanoparticles.,https://pubmed.ncbi.nlm.nih.gov/40363678/,in_vitro/general/2025_40363678_inhibiting-lt-i-gt-escherichia-coli-lt-i-gt-growth.md
40463489,10.1155/japr/1666892,2025,in_vitro,general,,,Prophylactic Effect of Microwave Radiation on &lt;i&gt;Toxoplasma gondii&lt;/i&gt; Tachyzoites of RH Strain: A Method for Partial Immunization in BALB/c Mice.,https://pubmed.ncbi.nlm.nih.gov/40463489/,in_vitro/general/2025_40463489_prophylactic-effect-of-microwave-radiation-on-lt-i.md
40655608,10.4103/jpbs.jpbs_1936_24,2025,in_vitro,general,,,Effectiveness of Microwave Disinfection on Gutta Percha Cones Against &lt;i&gt;Staphylococcus Aureus and Enterococcus Faecalis&lt;/i&gt; - &lt;i&gt;An In vitro Study&lt;/i&gt;.,https://pubmed.ncbi.nlm.nih.gov/40655608/,in_vitro/general/2025_40655608_effectiveness-of-microwave-disinfection-on-gutta-p.md
40923409,10.4274/tpd.galenos.2025.50490,2025,in_vitro,general,,,Comparison of the Synergistic Effects of Black Tea and Microwave with Gentamicin and Microwave on &lt;i&gt;Acanthamoeba&lt;/i&gt; cyst Mortality &lt;i&gt;In vitro&lt;/i&gt;.,https://pubmed.ncbi.nlm.nih.gov/40923409/,in_vitro/general/2025_40923409_comparison-of-the-synergistic-effects-of-black-tea.md
41220629,10.1039/d5ra06014a,2025,in_vitro,general,,RSC advances,Microwave-assisted multi-component green synthesis of bioactive pyrazol-5-ol and its derivatives using graphene oxide as a recyclable catalyst: a route to EGFR inhibitors.,https://pubmed.ncbi.nlm.nih.gov/41220629/,in_vitro/general/2025_41220629_microwave-assisted-multi-component-green-synthesis.md
39620580,10.3791/67660,2024,in_vitro,general,,Journal of visualized experiments : JoVE,Control and Disposal of Invasive Japanese Knotweed Reynoutria japonica Houtt. Using Microwave Treatment.,https://pubmed.ncbi.nlm.nih.gov/39620580/,in_vitro/general/2024_39620580_control-and-disposal-of-invasive-japanese-knotweed.md
37622849,10.3390/bios13080763,2023,in_vitro,general,,Biosensors,A Novel and Versatile Microfluidic Device for Cell Assays under Radio Frequency Exposure.,https://pubmed.ncbi.nlm.nih.gov/37622849/,in_vitro/general/2023_37622849_a-novel-and-versatile-microfluidic-device-for-cell.md
37842624,10.1016/j.heliyon.2023.e20742,2023,in_vitro,general,,,HPLC-UV evaluation of a microwave assisted method as an active drug loading technique for exosome-based drug delivery system.,https://pubmed.ncbi.nlm.nih.gov/37842624/,in_vitro/general/2023_37842624_hplc-uv-evaluation-of-a-microwave-assisted-method.md
35216321,10.3390/ijms23042205,2022,in_vitro,general,,International journal of molecular sciences,Evaluation of Cell Migration and Cytokines Expression Changes under the Radiofrequency Electromagnetic Field on Wound Healing In Vitro Model.,https://pubmed.ncbi.nlm.nih.gov/35216321/,in_vitro/general/2022_35216321_evaluation-of-cell-migration-and-cytokines-express.md
31832654,10.1093/jrr/rrz085,2020,in_vitro,general,,Journal of radiation research,Immunotropic effects in cultured human blood mononuclear cells exposed to a 900 MHz pulse-modulated microwave field.,https://pubmed.ncbi.nlm.nih.gov/31832654/,in_vitro/general/2020_31832654_immunotropic-effects-in-cultured-human-blood-monon.md
32776350,10.1002/chem.202001429,2020,in_vitro,general,,"Chemistry (Weinheim an der Bergstrasse, Germany)",On-Demand Hydrophobic Drug Release Based on Microwave-Responsive Graphene Hydrogel Scaffolds.,https://pubmed.ncbi.nlm.nih.gov/32776350/,in_vitro/general/2020_32776350_on-demand-hydrophobic-drug-release-based-on-microw.md
33171959,10.3390/polym12112608,2020,in_vitro,general,,Polymers,Formulation and Evaluation of Microwave-Modified Chitosan-Curcumin Nanoparticles-A Promising Nanomaterials Platform for Skin Tissue Regeneration Applications Following Burn Wounds.,https://pubmed.ncbi.nlm.nih.gov/33171959/,in_vitro/general/2020_33171959_formulation-and-evaluation-of-microwave-modified-c.md
29902240,10.1371/journal.pone.0199046,2018,in_vitro,general,,PloS one,The effect of pulsed electromagnetic field exposure on osteoinduction of human mesenchymal stem cells cultured on nano-TiO2 surfaces.,https://pubmed.ncbi.nlm.nih.gov/29902240/,in_vitro/general/2018_29902240_the-effect-of-pulsed-electromagnetic-field-exposur.md
26337368,10.1159/000398803,2015,in_vitro,general,,"Pathobiology : journal of immunopathology, molecular and cellular biology",Microwave-Induced Structural and Functional Injury of Hippocampal and PC12 Cells Is Accompanied by Abnormal Changes in the NMDAR-PSD95-CaMKII Pathway.,https://pubmed.ncbi.nlm.nih.gov/26337368/,in_vitro/general/2015_26337368_microwave-induced-structural-and-functional-injury.md
21247240,10.3109/09553002.2011.542543,2011,in_vitro,general,,International journal of radiation biology,Aneuploidy studies in human cells exposed in vitro to GSM-900 MHz radiofrequency radiation using FISH.,https://pubmed.ncbi.nlm.nih.gov/21247240/,in_vitro/general/2011_21247240_aneuploidy-studies-in-human-cells-exposed-in-vitro.md
21294690,10.3109/09553002.2010.550981,2011,in_vitro,general,,International journal of radiation biology,Induction of adaptive response: pre-exposure of mice to 900 MHz radiofrequency fields reduces hematopoietic damage caused by subsequent exposure to ionising radiation.,https://pubmed.ncbi.nlm.nih.gov/21294690/,in_vitro/general/2011_21294690_induction-of-adaptive-response-pre-exposure-of-mic.md
19572331,10.1002/bem.20517,2009,in_vitro,general,,Bioelectromagnetics,Changes in synaptic efficacy and seizure susceptibility in rat brain slices following extremely low-frequency electromagnetic field exposure.,https://pubmed.ncbi.nlm.nih.gov/19572331/,in_vitro/general/2009_19572331_changes-in-synaptic-efficacy-and-seizure-susceptib.md
16978511,,2006,in_vitro,general,,Zhonghua lao dong wei sheng zhi ye bing za zhi = Zhonghua laodong weisheng zhiyebing zazhi = Chinese journal of industrial hygiene and occupational diseases,"[GSM 1,800 MHz radiofrequency electromagnetic fields induced clustering of membrane surface receptors and interference by noise magnetic fields].",https://pubmed.ncbi.nlm.nih.gov/16978511/,in_vitro/general/2006_16978511_gsm-1-800-mhz-radiofrequency-electromagnetic-field.md
15670738,10.1016/j.bbamem.2004.11.015,2005,in_vitro,general,,Biochimica et biophysica acta,In vitro increase of the fluid-phase endocytosis induced by pulsed radiofrequency electromagnetic fields: importance of the electric field component.,https://pubmed.ncbi.nlm.nih.gov/15670738/,in_vitro/general/2005_15670738_in-vitro-increase-of-the-fluid-phase-endocytosis-i.md
16187744,10.1667/rr3446.1,2005,in_vitro,general,,Radiation research,Expression of the proto-oncogene Fos after exposure to radiofrequency radiation relevant to wireless communications.,https://pubmed.ncbi.nlm.nih.gov/16187744/,in_vitro/general/2005_16187744_expression-of-the-proto-oncogene-fos-after-exposur.md
12395414,10.1002/bem.10055,2002,in_vitro,general,,Bioelectromagnetics,Cylindrical waveguide applicator for in vitro exposure of cell culture samples to 1.9-GHz radiofrequency fields.,https://pubmed.ncbi.nlm.nih.gov/12395414/,in_vitro/general/2002_12395414_cylindrical-waveguide-applicator-for-in-vitro-expo.md
2480806,10.1016/0167-4781(89)90105-x,1989,in_vitro,general,,Biochimica et biophysica acta,Exposure of human cells to low-frequency electromagnetic fields results in quantitative changes in transcripts.,https://pubmed.ncbi.nlm.nih.gov/2480806/,in_vitro/general/1989_2480806_exposure-of-human-cells-to-low-frequency-electroma.md
3375247,10.1073/pnas.85.11.3928,1988,in_vitro,general,,Proceedings of the National Academy of Sciences of the United States of America,Exposure of salivary gland cells to low-frequency electromagnetic fields alters polypeptide synthesis.,https://pubmed.ncbi.nlm.nih.gov/3375247/,in_vitro/general/1988_3375247_exposure-of-salivary-gland-cells-to-low-frequency.md
6983695,,1982,in_vitro,general,,Physiological chemistry and physics,Cell physiological effects of radiofrequency electromagnetic fields.,https://pubmed.ncbi.nlm.nih.gov/6983695/,in_vitro/general/1982_6983695_cell-physiological-effects-of-radiofrequency-elect.md
657002,10.1139/g78-004,1978,in_vitro,general,,Canadian journal of genetics and cytology. Journal canadien de genetique et de cytologie,Cytological effects of microwave radiation in Chinese hamster cells in vitro.,https://pubmed.ncbi.nlm.nih.gov/657002/,in_vitro/general/1978_657002_cytological-effects-of-microwave-radiation-in-chin.md
4594409,10.1097/00004032-197310000-00004,1973,in_vitro,general,,Health physics,Uncertainties in the evaluation of the biological effects of microwave and radiofrequency radiation.,https://pubmed.ncbi.nlm.nih.gov/4594409/,in_vitro/general/1973_4594409_uncertainties-in-the-evaluation-of-the-biological.md
41619510,10.1016/j.bbrc.2026.153360,2026,in_vitro,genotoxicite_epigenetique,cancer;thermique,Biochemical and biophysical research communications,Exposure to hexavalent chromium and 1800 MHz electromagnetic radiation can synergistically induce intracellular DNA damage in mouse embryonic fibroblasts.,https://pubmed.ncbi.nlm.nih.gov/41619510/,in_vitro/genotoxicite_epigenetique/2026_41619510_exposure-to-hexavalent-chromium-and-1800-mhz-elect.md
42090202,10.1002/mp.70452,2026,in_vitro,genotoxicite_epigenetique,cancer;neuro_comportement_cognition,,Integration of dual-energy CT characteristics and biomarkers: Noninvasive prediction of Ki-67 expression in pancreatic ductal adenocarcinoma.,https://pubmed.ncbi.nlm.nih.gov/42090202/,in_vitro/genotoxicite_epigenetique/2026_42090202_integration-of-dual-energy-ct-characteristics-and.md
40365161,10.1093/pnasnexus/pgaf127,2025,in_vitro,genotoxicite_epigenetique,,,5G-exposed human skin cells do not respond with altered gene expression and methylation profiles.,https://pubmed.ncbi.nlm.nih.gov/40365161/,in_vitro/genotoxicite_epigenetique/2025_40365161_5g-exposed-human-skin-cells-do-not-respond-with-al.md
40595799,10.1038/s41598-025-04834-3,2025,in_vitro,genotoxicite_epigenetique,cancer;dosimetrie_exposition,,"Exposure to 26.5 GHz, 5G modulated and unmodulated signal, does not affect key cellular endpoints of human neuroblastoma cells.",https://pubmed.ncbi.nlm.nih.gov/40595799/,in_vitro/genotoxicite_epigenetique/2025_40595799_exposure-to-26-5-ghz-5g-modulated-and-unmodulated.md
38713716,10.1371/journal.pone.0302936,2024,in_vitro,genotoxicite_epigenetique,dosimetrie_exposition,,1.7 GHz long-term evolution radiofrequency electromagnetic field with stable power monitoring and efficient thermal control has no effect on the proliferation of various human cell types.,https://pubmed.ncbi.nlm.nih.gov/38713716/,in_vitro/genotoxicite_epigenetique/2024_38713716_1-7-ghz-long-term-evolution-radiofrequency-electro.md
39145180,10.3389/fpubh.2024.1419525,2024,in_vitro,genotoxicite_epigenetique,eeg_sommeil;thermique;dosimetrie_exposition,,Study of genotoxic and cytotoxic effects induced in human fibroblasts by exposure to pulsed and continuous 1.6 GHz radiofrequency.,https://pubmed.ncbi.nlm.nih.gov/39145180/,in_vitro/genotoxicite_epigenetique/2024_39145180_study-of-genotoxic-and-cytotoxic-effects-induced-i.md
39315584,10.1002/bem.22524,2024,in_vitro,genotoxicite_epigenetique,stress_oxydatif;cancer;dosimetrie_exposition,Bioelectromagnetics,Protective effect of radiofrequency exposure against menadione-induced oxidative DNA damage in human neuroblastoma cells: The role of exposure duration and investigation on key molecular targets.,https://pubmed.ncbi.nlm.nih.gov/39315584/,in_vitro/genotoxicite_epigenetique/2024_39315584_protective-effect-of-radiofrequency-exposure-again.md
37298336,10.3390/ijms24119380,2023,in_vitro,genotoxicite_epigenetique,cancer,,"Evaluation of DNA Methylation Profiles of LINE-1, Alu and Ribosomal DNA Repeats in Human Cell Lines Exposed to Radiofrequency Radiation.",https://pubmed.ncbi.nlm.nih.gov/37298336/,in_vitro/genotoxicite_epigenetique/2023_37298336_evaluation-of-dna-methylation-profiles-of-line-1-a.md
PPR652245,10.20944/preprints202304.1028.v1,2023,in_vitro,genotoxicite_epigenetique,cancer,,"Evaluation of DNA Methylation Profiles of LINE-1, Alu and Ribosomal DNA Repeats in Human Cell Lines Exposed to Radiofrequency Radiation",https://doi.org/10.20944/preprints202304.1028.v1,in_vitro/genotoxicite_epigenetique/2023_PPR652245_evaluation-of-dna-methylation-profiles-of-line-1-a.md
33647301,10.1016/j.envres.2021.110935,2021,in_vitro,genotoxicite_epigenetique,,Environmental research,Evidence of bystander effect induced by radiofrequency radiation in a human neuroblastoma cell line.,https://pubmed.ncbi.nlm.nih.gov/33647301/,in_vitro/genotoxicite_epigenetique/2021_33647301_evidence-of-bystander-effect-induced-by-radiofrequ.md
34196262,10.1080/15287394.2021.1944944,2021,in_vitro,genotoxicite_epigenetique,apoptose_mitochondrie;dosimetrie_exposition,Journal of toxicology and environmental health. Part A,Exposure to long-term evolution radiofrequency electromagnetic fields decreases neuroblastoma cell proliferation via Akt/mTOR-mediated cellular senescence.,https://pubmed.ncbi.nlm.nih.gov/34196262/,in_vitro/genotoxicite_epigenetique/2021_34196262_exposure-to-long-term-evolution-radiofrequency-ele.md
32992895,10.3390/ijms21197069,2020,in_vitro,genotoxicite_epigenetique,thermique;dosimetrie_exposition,International journal of molecular sciences,Human Fibroblasts In Vitro Exposed to 2.45 GHz Continuous and Pulsed Wave Signals: Evaluation of Biological Effects with a Multimethodological Approach.,https://pubmed.ncbi.nlm.nih.gov/32992895/,in_vitro/genotoxicite_epigenetique/2020_32992895_human-fibroblasts-in-vitro-exposed-to-2-45-ghz-con.md
29623929,10.4103/1673-5374.228727,2018,in_vitro,genotoxicite_epigenetique,apoptose_mitochondrie;thermique,Neural regeneration research,Quinacrine pretreatment reduces microwave-induced neuronal damage by stabilizing the cell membrane.,https://pubmed.ncbi.nlm.nih.gov/29623929/,in_vitro/genotoxicite_epigenetique/2018_29623929_quinacrine-pretreatment-reduces-microwave-induced.md
29667447,10.1080/15368378.2018.1463246,2018,in_vitro,genotoxicite_epigenetique,neuro_comportement_cognition,Electromagnetic biology and medicine,Exposure to non-ionizing electromagnetic fields emitted from mobile phones induced DNA damage in human ear canal hair follicle cells.,https://pubmed.ncbi.nlm.nih.gov/29667447/,in_vitro/genotoxicite_epigenetique/2018_29667447_exposure-to-non-ionizing-electromagnetic-fields-em.md
29787439,10.1097/HP.0000000000000871,2018,in_vitro,genotoxicite_epigenetique,neurodeveloppement;apoptose_mitochondrie,Health physics,Genotoxic Effects in Human Fibroblasts Exposed to Microwave Radiation.,https://pubmed.ncbi.nlm.nih.gov/29787439/,in_vitro/genotoxicite_epigenetique/2018_29787439_genotoxic-effects-in-human-fibroblasts-exposed-to.md
28072461,10.1002/bem.22034,2017,in_vitro,genotoxicite_epigenetique,dosimetrie_exposition,Bioelectromagnetics,Adverse and beneficial effects in Chinese hamster lung fibroblast cells following radiofrequency exposure.,https://pubmed.ncbi.nlm.nih.gov/28072461/,in_vitro/genotoxicite_epigenetique/2017_28072461_adverse-and-beneficial-effects-in-chinese-hamster.md
28758098,10.21037/atm.2017.04.35,2017,in_vitro,genotoxicite_epigenetique,,Annals of translational medicine,Mobile phone radiofrequency exposure has no effect on DNA double strand breaks (DSB) in human lymphocytes.,https://pubmed.ncbi.nlm.nih.gov/28758098/,in_vitro/genotoxicite_epigenetique/2017_28758098_mobile-phone-radiofrequency-exposure-has-no-effect.md
27710704,10.1667/RR14405.1,2016,in_vitro,genotoxicite_epigenetique,stress_oxydatif;apoptose_mitochondrie;dosimetrie_exposition,Radiation research,Effect of Radiofrequency Radiation on Human Hematopoietic Stem Cells.,https://pubmed.ncbi.nlm.nih.gov/27710704/,in_vitro/genotoxicite_epigenetique/2016_27710704_effect-of-radiofrequency-radiation-on-human-hemato.md
23979077,10.1093/jrr/rrt106,2014,in_vitro,genotoxicite_epigenetique,dosimetrie_exposition,Journal of radiation research,Adaptive response in human blood lymphocytes exposed to non-ionizing radiofrequency fields: resistance to ionizing radiation-induced damage.,https://pubmed.ncbi.nlm.nih.gov/23979077/,in_vitro/genotoxicite_epigenetique/2014_23979077_adaptive-response-in-human-blood-lymphocytes-expos.md
22767080,10.1002/bem.21744,2013,in_vitro,genotoxicite_epigenetique,cancer;apoptose_mitochondrie,Bioelectromagnetics,Study of p53 expression and post-transcriptional modifications after GSM-900 radiofrequency exposure of human amniotic cells.,https://pubmed.ncbi.nlm.nih.gov/22767080/,in_vitro/genotoxicite_epigenetique/2013_22767080_study-of-p53-expression-and-post-transcriptional-m.md
23338683,10.1177/0960327112472353,2013,in_vitro,genotoxicite_epigenetique,dosimetrie_exposition,Human & experimental toxicology,Effects of 1.8 GHz radiofrequency radiation on protein expression in human lens epithelial cells.,https://pubmed.ncbi.nlm.nih.gov/23338683/,in_vitro/genotoxicite_epigenetique/2013_23338683_effects-of-1-8-ghz-radiofrequency-radiation-on-pro.md
23355902,10.1371/journal.pone.0054906,2013,in_vitro,genotoxicite_epigenetique,stress_oxydatif;cancer;dosimetrie_exposition,PloS one,Cell type-dependent induction of DNA damage by 1800 MHz radiofrequency electromagnetic fields does not result in significant cellular dysfunctions.,https://pubmed.ncbi.nlm.nih.gov/23355902/,in_vitro/genotoxicite_epigenetique/2013_23355902_cell-type-dependent-induction-of-dna-damage-by-180.md
23817106,10.1016/j.mrgentox.2013.06.014,2013,in_vitro,genotoxicite_epigenetique,,Mutation research,Genotoxic effects of exposure to radiofrequency electromagnetic fields (RF-EMF) in HL-60 cells are not reproducible.,https://pubmed.ncbi.nlm.nih.gov/23817106/,in_vitro/genotoxicite_epigenetique/2013_23817106_genotoxic-effects-of-exposure-to-radiofrequency-el.md
19833226,10.1016/j.mrgentox.2009.10.001,2010,in_vitro,genotoxicite_epigenetique,,Mutation research,Impact of 1.8-GHz radiofrequency radiation (RFR) on DNA damage and repair induced by doxorubicin in human B-cell lymphoblastoid cells.,https://pubmed.ncbi.nlm.nih.gov/19833226/,in_vitro/genotoxicite_epigenetique/2010_19833226_impact-of-1-8-ghz-radiofrequency-radiation-rfr-on.md
21128794,10.1667/RR2137.1,2010,in_vitro,genotoxicite_epigenetique,apoptose_mitochondrie;dosimetrie_exposition,Radiation research,Cytogenetic studies in human cells exposed in vitro to GSM-900 MHz radiofrequency radiation using R-banded karyotyping.,https://pubmed.ncbi.nlm.nih.gov/21128794/,in_vitro/genotoxicite_epigenetique/2010_21128794_cytogenetic-studies-in-human-cells-exposed-in-vitr.md
18437412,10.1007/s00420-008-0323-3,2009,in_vitro,genotoxicite_epigenetique,,International archives of occupational and environmental health,"Comments on ""Radiofrequency electromagnetic fields (UMTS, 1,950 MHz) induce genotoxic effects in vitro in human fibroblasts but not in lymphocytes"" by Schwarz et al. (Int Arch Occup Environ Health 2008: doi: 10.1007/s00420-008-0305-5).",https://pubmed.ncbi.nlm.nih.gov/18437412/,in_vitro/genotoxicite_epigenetique/2009_18437412_comments-on-radiofrequency-electromagnetic-fields.md
19501185,10.1016/j.mrgentox.2009.05.015,2009,in_vitro,genotoxicite_epigenetique,,Mutation research,Influence of 1.8-GHz (GSM) radiofrequency radiation (RFR) on DNA damage and repair induced by X-rays in human leukocytes in vitro.,https://pubmed.ncbi.nlm.nih.gov/19501185/,in_vitro/genotoxicite_epigenetique/2009_19501185_influence-of-1-8-ghz-gsm-radiofrequency-radiation.md
19580480,10.1667/RR1687.1,2009,in_vitro,genotoxicite_epigenetique,dosimetrie_exposition,Radiation research,Induction of adaptive response in human blood lymphocytes exposed to radiofrequency radiation.,https://pubmed.ncbi.nlm.nih.gov/19580480/,in_vitro/genotoxicite_epigenetique/2009_19580480_induction-of-adaptive-response-in-human-blood-lymp.md
19580481,10.1667/RR1642.1,2009,in_vitro,genotoxicite_epigenetique,dosimetrie_exposition,Radiation research,Human fibroblasts and 900 MHz radiofrequency radiation: evaluation of DNA damage after exposure and co-exposure to 3-chloro-4-(dichloromethyl)-5-hydroxy-2(5h)-furanone (MX).,https://pubmed.ncbi.nlm.nih.gov/19580481/,in_vitro/genotoxicite_epigenetique/2009_19580481_human-fibroblasts-and-900-mhz-radiofrequency-radia.md
20032374,,2009,in_vitro,genotoxicite_epigenetique,,Anticancer research,Cytogenetic effects of exposure to 2.3 GHz radiofrequency radiation on human lymphocytes in vitro.,https://pubmed.ncbi.nlm.nih.gov/20032374/,in_vitro/genotoxicite_epigenetique/2009_20032374_cytogenetic-effects-of-exposure-to-2-3-ghz-radiofr.md
18027845,10.1002/bem.20378,2008,in_vitro,genotoxicite_epigenetique,dosimetrie_exposition,Bioelectromagnetics,Evaluation of genotoxic effects in human leukocytes after in vitro exposure to 1950 MHz UMTS radiofrequency field.,https://pubmed.ncbi.nlm.nih.gov/18027845/,in_vitro/genotoxicite_epigenetique/2008_18027845_evaluation-of-genotoxic-effects-in-human-leukocyte.md
18278508,10.1007/s00420-008-0305-5,2008,in_vitro,genotoxicite_epigenetique,neurodeveloppement;dosimetrie_exposition,International archives of occupational and environmental health,"Radiofrequency electromagnetic fields (UMTS, 1,950 MHz) induce genotoxic effects in vitro in human fibroblasts but not in lymphocytes.",https://pubmed.ncbi.nlm.nih.gov/18278508/,in_vitro/genotoxicite_epigenetique/2008_18278508_radiofrequency-electromagnetic-fields-umts-1-950-m.md
18821387,10.1080/09553000802317760,2008,in_vitro,genotoxicite_epigenetique,neuroinflammation;dosimetrie_exposition,International journal of radiation biology,Molecular responses of Jurkat T-cells to 1763 MHz radiofrequency radiation.,https://pubmed.ncbi.nlm.nih.gov/18821387/,in_vitro/genotoxicite_epigenetique/2008_18821387_molecular-responses-of-jurkat-t-cells-to-1763-mhz.md
19016139,10.1080/09553000802460123,2008,in_vitro,genotoxicite_epigenetique,dosimetrie_exposition,International journal of radiation biology,Characterization of biological effect of 1763 MHz radiofrequency exposure on auditory hair cells.,https://pubmed.ncbi.nlm.nih.gov/19016139/,in_vitro/genotoxicite_epigenetique/2008_19016139_characterization-of-biological-effect-of-1763-mhz.md
19358751,,2008,in_vitro,genotoxicite_epigenetique,,Zhonghua lao dong wei sheng zhi ye bing za zhi = Zhonghua laodong weisheng zhiyebing zazhi = Chinese journal of industrial hygiene and occupational diseases,[Effect of 1.8 GHz radiofrequency electromagnetic fields on gene expression of rat neurons].,https://pubmed.ncbi.nlm.nih.gov/19358751/,in_vitro/genotoxicite_epigenetique/2008_19358751_effect-of-1-8-ghz-radiofrequency-electromagnetic-f.md
16997616,10.1016/j.mrgentox.2006.08.003,2007,in_vitro,genotoxicite_epigenetique,,Mutation research,Genotoxic effects of exposure to radiofrequency electromagnetic fields (RF-EMF) in cultured mammalian cells are not independently reproducible.,https://pubmed.ncbi.nlm.nih.gov/16997616/,in_vitro/genotoxicite_epigenetique/2007_16997616_genotoxic-effects-of-exposure-to-radiofrequency-el.md
17449163,10.1016/j.tox.2007.03.015,2007,in_vitro,genotoxicite_epigenetique,,Toxicology,Studying gene expression profile of rat neuron exposed to 1800MHz radiofrequency electromagnetic fields with cDNA microassay.,https://pubmed.ncbi.nlm.nih.gov/17449163/,in_vitro/genotoxicite_epigenetique/2007_17449163_studying-gene-expression-profile-of-rat-neuron-exp.md
17508405,10.1002/bem.20337,2007,in_vitro,genotoxicite_epigenetique,thermique;dosimetrie_exposition,Bioelectromagnetics,Ornithine decarboxylase activity of L929 cells after exposure to continuous wave or 50 Hz modulated radiofrequency radiation--a replication study.,https://pubmed.ncbi.nlm.nih.gov/17508405/,in_vitro/genotoxicite_epigenetique/2007_17508405_ornithine-decarboxylase-activity-of-l929-cells-aft.md
16392966,10.1667/rr3476.1,2006,in_vitro,genotoxicite_epigenetique,stress_oxydatif,Radiation research,Free radical release and HSP70 expression in two human immune-relevant cell lines after exposure to 1800 MHz radiofrequency radiation.,https://pubmed.ncbi.nlm.nih.gov/16392966/,in_vitro/genotoxicite_epigenetique/2006_16392966_free-radical-release-and-hsp70-expression-in-two-h.md
16802862,10.1667/RR3560.1,2006,in_vitro,genotoxicite_epigenetique,dosimetrie_exposition,Radiation research,Gene expression does not change significantly in C3H 10T(1/2) cells after exposure to 847.74 CDMA or 835.62 FDMA radiofrequency radiation.,https://pubmed.ncbi.nlm.nih.gov/16802862/,in_vitro/genotoxicite_epigenetique/2006_16802862_gene-expression-does-not-change-significantly-in-c.md
16802865,10.1667/RR3570.1,2006,in_vitro,genotoxicite_epigenetique,,Radiation research,"Exposure to radiofrequency radiation (900 MHz, GSM signal) does not affect micronucleus frequency and cell proliferation in human peripheral blood lymphocytes: an interlaboratory study.",https://pubmed.ncbi.nlm.nih.gov/16802865/,in_vitro/genotoxicite_epigenetique/2006_16802865_exposure-to-radiofrequency-radiation-900-mhz-gsm-s.md
16804032,10.1196/annals.1354.071,2006,in_vitro,genotoxicite_epigenetique,dosimetrie_exposition,Annals of the New York Academy of Sciences,Age-dependent effects of in vitro radiofrequency exposure (mobile phone) on CD95+ T helper human lymphocytes.,https://pubmed.ncbi.nlm.nih.gov/16804032/,in_vitro/genotoxicite_epigenetique/2006_16804032_age-dependent-effects-of-in-vitro-radiofrequency-e.md
16836873,,2006,in_vitro,genotoxicite_epigenetique,,Zhonghua yu fang yi xue za zhi [Chinese journal of preventive medicine],[Effects of GSM 1800 MHz radiofrequency electromagnetic fields on DNA damage in Chinese hamster lung cells].,https://pubmed.ncbi.nlm.nih.gov/16836873/,in_vitro/genotoxicite_epigenetique/2006_16836873_effects-of-gsm-1800-mhz-radiofrequency-electromagn.md
16878293,10.1002/pmic.200500896,2006,in_vitro,genotoxicite_epigenetique,cancer,Proteomics,Gene expression changes in human cells after exposure to mobile phone microwaves.,https://pubmed.ncbi.nlm.nih.gov/16878293/,in_vitro/genotoxicite_epigenetique/2006_16878293_gene-expression-changes-in-human-cells-after-expos.md
16888767,10.1002/pmic.200600234,2006,in_vitro,genotoxicite_epigenetique,cancer,Proteomics,Effects of global system for mobile communications 1800 MHz radiofrequency electromagnetic fields on gene and protein expression in MCF-7 cells.,https://pubmed.ncbi.nlm.nih.gov/16888767/,in_vitro/genotoxicite_epigenetique/2006_16888767_effects-of-global-system-for-mobile-communications.md
16933338,10.1002/pmic.200600051,2006,in_vitro,genotoxicite_epigenetique,,Proteomics,The number of genes changing expression after chronic exposure to code division multiple access or frequency DMA radiofrequency radiation does not exceed the false-positive rate.,https://pubmed.ncbi.nlm.nih.gov/16933338/,in_vitro/genotoxicite_epigenetique/2006_16933338_the-number-of-genes-changing-expression-after-chro.md
16972753,10.1667/RR0643.1,2006,in_vitro,genotoxicite_epigenetique,dosimetrie_exposition,Radiation research,Cytogenetic studies in human blood lymphocytes exposed in vitro to 2.45 GHz or 8.2 GHz radiofrequency radiation.,https://pubmed.ncbi.nlm.nih.gov/16972753/,in_vitro/genotoxicite_epigenetique/2006_16972753_cytogenetic-studies-in-human-blood-lymphocytes-exp.md
15832336,10.1002/bem.20078,2005,in_vitro,genotoxicite_epigenetique,,Bioelectromagnetics,Evaluation of genotoxic effects in human peripheral blood leukocytes following an acute in vitro exposure to 900 MHz radiofrequency fields.,https://pubmed.ncbi.nlm.nih.gov/15832336/,in_vitro/genotoxicite_epigenetique/2005_15832336_evaluation-of-genotoxic-effects-in-human-periphera.md
15624303,10.1667/rr3252,2004,in_vitro,genotoxicite_epigenetique,,Radiation research,Controversial cytogenetic observations in mammalian somatic cells exposed to radiofrequency radiation.,https://pubmed.ncbi.nlm.nih.gov/15624303/,in_vitro/genotoxicite_epigenetique/2004_15624303_controversial-cytogenetic-observations-in-mammalia.md
12524674,10.1002/bem.10086,2003,in_vitro,genotoxicite_epigenetique,thermique;dosimetrie_exposition,Bioelectromagnetics,Exposure of human peripheral blood lymphocytes to electromagnetic fields associated with cellular phones leads to chromosomal instability.,https://pubmed.ncbi.nlm.nih.gov/12524674/,in_vitro/genotoxicite_epigenetique/2003_12524674_exposure-of-human-peripheral-blood-lymphocytes-to.md
12710882,10.1667/0033-7587(2003)159[0693:nefgef]2.0.co;2,2003,in_vitro,genotoxicite_epigenetique,,Radiation research,No evidence for genotoxic effects from 24 h exposure of human leukocytes to 1.9 GHz radiofrequency fields.,https://pubmed.ncbi.nlm.nih.gov/12710882/,in_vitro/genotoxicite_epigenetique/2003_12710882_no-evidence-for-genotoxic-effects-from-24-h-exposu.md
11835258,10.1002/bem.104,2002,in_vitro,genotoxicite_epigenetique,,Bioelectromagnetics,Genotoxicity of radiofrequency signals. I. Investigation of DNA damage and micronuclei induction in cultured human blood cells.,https://pubmed.ncbi.nlm.nih.gov/11835258/,in_vitro/genotoxicite_epigenetique/2002_11835258_genotoxicity-of-radiofrequency-signals-i-investiga.md
11966316,10.1667/0033-7587(2002)157[0506:teomfo]2.0.co;2,2002,in_vitro,genotoxicite_epigenetique,,Radiation research,The effect of 835.62 MHz FDMA or 847.74 MHz CDMA modulated radiofrequency radiation on the induction of micronuclei in C3H 10T(1/2) cells.,https://pubmed.ncbi.nlm.nih.gov/11966316/,in_vitro/genotoxicite_epigenetique/2002_11966316_the-effect-of-835-62-mhz-fdma-or-847-74-mhz-cdma-m.md
12160887,10.1016/s1383-5718(02)00109-2,2002,in_vitro,genotoxicite_epigenetique,neurodeveloppement;cancer,Mutation research,Induction of DNA strand breaks by intermittent exposure to extremely-low-frequency electromagnetic fields in human diploid fibroblasts.,https://pubmed.ncbi.nlm.nih.gov/12160887/,in_vitro/genotoxicite_epigenetique/2002_12160887_induction-of-dna-strand-breaks-by-intermittent-exp.md
12201670,10.3727/096504002108747926,2002,in_vitro,genotoxicite_epigenetique,apoptose_mitochondrie,Oncology research,"Exposure to global system for mobile communication (GSM) cellular phone radiofrequency alters gene expression, proliferation, and morphology of human skin fibroblasts.",https://pubmed.ncbi.nlm.nih.gov/12201670/,in_vitro/genotoxicite_epigenetique/2002_12201670_exposure-to-global-system-for-mobile-communication.md
17147730,10.1046/j.1533-2500.2002.02023.x,2002,in_vitro,genotoxicite_epigenetique,,Pain practice : the official journal of World Institute of Pain,Technical aspects of radiofrequency.,https://pubmed.ncbi.nlm.nih.gov/17147730/,in_vitro/genotoxicite_epigenetique/2002_17147730_technical-aspects-of-radiofrequency.md
11332198,10.18926/AMO/32005,2001,in_vitro,genotoxicite_epigenetique,,Acta medica Okayama,Comparison of chromosome aberrations in peripheral blood lymphocytes from people occupationally exposed to ionizing and radiofrequency radiation.,https://pubmed.ncbi.nlm.nih.gov/11332198/,in_vitro/genotoxicite_epigenetique/2001_11332198_comparison-of-chromosome-aberrations-in-peripheral.md
11554855,10.1667/0033-7587(2001)156[0430:cdamfi]2.0.co;2,2001,in_vitro,genotoxicite_epigenetique,dosimetrie_exposition,Radiation research,"Chromosome damage and micronucleus formation in human blood lymphocytes exposed in vitro to radiofrequency radiation at a cellular telephone frequency (847.74 MHz, CDMA).",https://pubmed.ncbi.nlm.nih.gov/11554855/,in_vitro/genotoxicite_epigenetique/2001_11554855_chromosome-damage-and-micronucleus-formation-in-hu.md
10761010,10.1667/0033-7587(2000)153[0479:pddihb]2.0.co;2,2000,in_vitro,genotoxicite_epigenetique,dosimetrie_exposition,Radiation research,Primary DNA damage in human blood lymphocytes exposed in vitro to 2450 MHz radiofrequency radiation.,https://pubmed.ncbi.nlm.nih.gov/10761010/,in_vitro/genotoxicite_epigenetique/2000_10761010_primary-dna-damage-in-human-blood-lymphocytes-expo.md
9096840,10.1002/(sici)1521-186x(1997)18:3<223::aid-bem4>3.0.co;2-4,1997,in_vitro,genotoxicite_epigenetique,thermique,Bioelectromagnetics,Exposure of nerve growth factor-treated PC12 rat pheochromocytoma cells to a modulated radiofrequency field at 836.55 MHz: effects on c-jun and c-fos expression.,https://pubmed.ncbi.nlm.nih.gov/9096840/,in_vitro/genotoxicite_epigenetique/1997_9096840_exposure-of-nerve-growth-factor-treated-pc12-rat-p.md
9282326,10.1002/(sici)1097-4644(19970915)66:4<482::aid-jcb7>3.0.co;2-h,1997,in_vitro,genotoxicite_epigenetique,stress_oxydatif;thermique,Journal of cellular biochemistry,"Electromagnetic field exposure induces rapid, transitory heat shock factor activation in human cells.",https://pubmed.ncbi.nlm.nih.gov/9282326/,in_vitro/genotoxicite_epigenetique/1997_9282326_electromagnetic-field-exposure-induces-rapid-trans.md
9416798,10.1080/095530097142915,1997,in_vitro,genotoxicite_epigenetique,dosimetrie_exposition,International journal of radiation biology,Proliferation and cytogenetic studies in human blood lymphocytes exposed in vitro to 2450 MHz radiofrequency radiation.,https://pubmed.ncbi.nlm.nih.gov/9416798/,in_vitro/genotoxicite_epigenetique/1997_9416798_proliferation-and-cytogenetic-studies-in-human-blo.md
8061573,,1994,in_vitro,genotoxicite_epigenetique,cancer,"Cellular and molecular biology (Noisy-le-Grand, France)",The effect of electromagnetic field exposure on the formation of DNA single strand breaks in human cells.,https://pubmed.ncbi.nlm.nih.gov/8061573/,in_vitro/genotoxicite_epigenetique/1994_8061573_the-effect-of-electromagnetic-field-exposure-on-th.md
3222348,,1988,in_vitro,genotoxicite_epigenetique,dosimetrie_exposition,Physiological chemistry and physics and medical NMR,Effect of radiofrequency radiation on mRNA expression in cultured rodent cells.,https://pubmed.ncbi.nlm.nih.gov/3222348/,in_vitro/genotoxicite_epigenetique/1988_3222348_effect-of-radiofrequency-radiation-on-mrna-express.md
3575655,,1987,in_vitro,genotoxicite_epigenetique,dosimetrie_exposition,Radiation research,Radiofrequency (microwave) radiation exposure of mammalian cells during UV-induced DNA repair synthesis.,https://pubmed.ncbi.nlm.nih.gov/3575655/,in_vitro/genotoxicite_epigenetique/1987_3575655_radiofrequency-microwave-radiation-exposure-of-mam.md
41823785,10.3390/nano16050334,2026,in_vitro,neuro_comportement_cognition,,,Microwave-Assisted Biosynthesis of Silver Nanoparticles Using &lt;i&gt;Chlorella&lt;/i&gt; sp. for Antibacterial and Cytotoxicity Effects of Breast Cancer Cell Line.,https://pubmed.ncbi.nlm.nih.gov/41823785/,in_vitro/neuro_comportement_cognition/2026_41823785_microwave-assisted-biosynthesis-of-silver-nanopart.md
40651735,10.1016/j.clim.2025.110565,2025,in_vitro,neuro_comportement_cognition,,"Clinical immunology (Orlando, Fla.)",Novel pathogenic variants in CTLA4 and LRBA immune dysregulation: Reduced CTLA-4 expression with normal expression of co-stimulatory surface molecules.,https://pubmed.ncbi.nlm.nih.gov/40651735/,in_vitro/neuro_comportement_cognition/2025_40651735_novel-pathogenic-variants-in-ctla4-and-lrba-immune.md
33375304,10.3390/ijms22010170,2020,in_vitro,neuro_comportement_cognition,apoptose_mitochondrie,,Effects of Electromagnetic Waves with LTE and 5G Bandwidth on the Skin Pigmentation In Vitro.,https://pubmed.ncbi.nlm.nih.gov/33375304/,in_vitro/neuro_comportement_cognition/2020_33375304_effects-of-electromagnetic-waves-with-lte-and-5g-b.md
31908499,10.2147/SCCAA.S204166,2019,in_vitro,neuro_comportement_cognition,,Stem cells and cloning : advances and applications,Low-Level Radiofrequency Exposure Does Not Induce Changes in MSC Biology: An in vitro Study for the Prevention of NIR-Related Damage.,https://pubmed.ncbi.nlm.nih.gov/31908499/,in_vitro/neuro_comportement_cognition/2019_31908499_low-level-radiofrequency-exposure-does-not-induce.md
29040655,10.1093/jrr/rrx045,2018,in_vitro,neuro_comportement_cognition,genotoxicite_epigenetique,Journal of radiation research,Effects of 1950 MHz radiofrequency electromagnetic fields on Aβ processing in human neuroblastoma and mouse hippocampal neuronal cells.,https://pubmed.ncbi.nlm.nih.gov/29040655/,in_vitro/neuro_comportement_cognition/2018_29040655_effects-of-1950-mhz-radiofrequency-electromagnetic.md
21210623,10.3928/01477447-20101123-10,2011,in_vitro,neuro_comportement_cognition,,Orthopedics,Low-frequency electromagnetic field exposure accelerates chondrocytic phenotype expression on chitosan substrate.,https://pubmed.ncbi.nlm.nih.gov/21210623/,in_vitro/neuro_comportement_cognition/2011_21210623_low-frequency-electromagnetic-field-exposure-accel.md
21133497,10.1063/1.3499255,2010,in_vitro,neuro_comportement_cognition,thermique;dosimetrie_exposition,The Review of scientific instruments,Exposure of biological preparations to radiofrequency electromagnetic fields under low gravity.,https://pubmed.ncbi.nlm.nih.gov/21133497/,in_vitro/neuro_comportement_cognition/2010_21133497_exposure-of-biological-preparations-to-radiofreque.md
32199316,10.1016/j.envres.2020.109227,2020,in_vitro,neurodeveloppement,dosimetrie_exposition;genotoxicite_epigenetique;apoptose_mitochondrie,Environmental research,A meta-analysis of in vitro exposures to weak radiofrequency radiation exposure from mobile phones (1990-2015).,https://pubmed.ncbi.nlm.nih.gov/32199316/,in_vitro/neurodeveloppement/2020_32199316_a-meta-analysis-of-in-vitro-exposures-to-weak-radi.md
28892876,10.7860/JCDR/2017/26360.10275,2017,in_vitro,neurodeveloppement,genotoxicite_epigenetique;neuro_comportement_cognition,Journal of clinical and diagnostic research : JCDR,Effect of Radiofrequency Radiation Emitted from 2G and 3G Cell Phone on Developing Liver of Chick Embryo - A Comparative Study.,https://pubmed.ncbi.nlm.nih.gov/28892876/,in_vitro/neurodeveloppement/2017_28892876_effect-of-radiofrequency-radiation-emitted-from-2g.md
26171674,10.1111/ahe.12188,2016,in_vitro,neurodeveloppement,genotoxicite_epigenetique;apoptose_mitochondrie;dosimetrie_exposition,"Anatomia, histologia, embryologia",Effect of Mobile Phone Radiation on Cardiovascular Development of Chick Embryo.,https://pubmed.ncbi.nlm.nih.gov/26171674/,in_vitro/neurodeveloppement/2016_26171674_effect-of-mobile-phone-radiation-on-cardiovascular.md
19896957,10.1016/j.mrfmmm.2009.10.012,2010,in_vitro,neurodeveloppement,apoptose_mitochondrie;genotoxicite_epigenetique,Mutation research,DNA fragmentation in human fibroblasts under extremely low frequency electromagnetic field exposure.,https://pubmed.ncbi.nlm.nih.gov/19896957/,in_vitro/neurodeveloppement/2010_19896957_dna-fragmentation-in-human-fibroblasts-under-extre.md
11813250,10.1002/jcb.10036.abs,2002,in_vitro,neurodeveloppement,,Journal of cellular biochemistry,Chronic electromagnetic field exposure decreases HSP70 levels and lowers cytoprotection.,https://pubmed.ncbi.nlm.nih.gov/11813250/,in_vitro/neurodeveloppement/2002_11813250_chronic-electromagnetic-field-exposure-decreases-h.md
3178899,10.1002/bem.2250090306,1988,in_vitro,neurodeveloppement,,Bioelectromagnetics,Effects of 2.45-GHz microwave and 100-MHz radiofrequency radiation on liposome permeability at the phase transition temperature.,https://pubmed.ncbi.nlm.nih.gov/3178899/,in_vitro/neurodeveloppement/1988_3178899_effects-of-2-45-ghz-microwave-and-100-mhz-radiofre.md
40967018,10.1016/j.ecoenv.2025.119067,2025,in_vitro,neuroinflammation,apoptose_mitochondrie,,A temporal study on NF-κB-mediated autonomous inflammatory response in iPSC-CMs induced by microwave radiation.,https://pubmed.ncbi.nlm.nih.gov/40967018/,in_vitro/neuroinflammation/2025_40967018_a-temporal-study-on-nf-b-mediated-autonomous-infla.md
39249987,10.1080/09553002.2024.2398090,2024,in_vitro,neuroinflammation,genotoxicite_epigenetique;dosimetrie_exposition,,Effect of 1800 MHz radiofrequency field exposure on cytokine and signal transduction protein expression in differentiated THP-1 cells.,https://pubmed.ncbi.nlm.nih.gov/39249987/,in_vitro/neuroinflammation/2024_39249987_effect-of-1800-mhz-radiofrequency-field-exposure-o.md
36769173,10.3390/ijms24032853,2023,in_vitro,neuroinflammation,,,Assessment of Inflammation in 3D Reconstructed Human Skin Exposed to Combined Exposure to Ultraviolet and Wi-Fi Radiation.,https://pubmed.ncbi.nlm.nih.gov/36769173/,in_vitro/neuroinflammation/2023_36769173_assessment-of-inflammation-in-3d-reconstructed-hum.md
32041804,10.1242/jeb.217190,2020,in_vitro,neuroinflammation,thermique;apoptose_mitochondrie,The Journal of experimental biology,Dynamic changes in cytoskeleton proteins of olfactory ensheathing cells induced by radiofrequency electromagnetic fields.,https://pubmed.ncbi.nlm.nih.gov/32041804/,in_vitro/neuroinflammation/2020_32041804_dynamic-changes-in-cytoskeleton-proteins-of-olfact.md
32575398,10.3390/ijerph17124401,2020,in_vitro,neuroinflammation,dosimetrie_exposition,International journal of environmental research and public health,Evaluation of Inflammation by Cytokine Production Following Combined Exposure to Ultraviolet and Radiofrequency Radiation of Mobile Phones on 3D Reconstructed Human Skin In Vitro.,https://pubmed.ncbi.nlm.nih.gov/32575398/,in_vitro/neuroinflammation/2020_32575398_evaluation-of-inflammation-by-cytokine-production.md
26221281,,2015,in_vitro,neuroinflammation,apoptose_mitochondrie,International journal of clinical and experimental medicine,50 Hz electromagnetic field exposure promotes proliferation and cytokine production of bone marrow mesenchymal stem cells.,https://pubmed.ncbi.nlm.nih.gov/26221281/,in_vitro/neuroinflammation/2015_26221281_50-hz-electromagnetic-field-exposure-promotes-prol.md
21343680,10.1269/jrr.10116,2011,in_vitro,neuroinflammation,genotoxicite_epigenetique;dosimetrie_exposition,Journal of radiation research,Analysis of gene expression in a human-derived glial cell line exposed to 2.45 GHz continuous radiofrequency electromagnetic fields.,https://pubmed.ncbi.nlm.nih.gov/21343680/,in_vitro/neuroinflammation/2011_21343680_analysis-of-gene-expression-in-a-human-derived-gli.md
14622704,10.1016/s1526-5900(03)00554-6,2003,in_vitro,neuroinflammation,,The journal of pain,Acute differential modulation of synaptic transmission and cell survival during exposure to pulsed and continuous radiofrequency energy.,https://pubmed.ncbi.nlm.nih.gov/14622704/,in_vitro/neuroinflammation/2003_14622704_acute-differential-modulation-of-synaptic-transmis.md
8666169,10.1096/fasebj.10.8.8666169,1996,in_vitro,neuroinflammation,cancer,FASEB journal : official publication of the Federation of American Societies for Experimental Biology,Effect of isothermal radiofrequency radiation on cytolytic T lymphocytes.,https://pubmed.ncbi.nlm.nih.gov/8666169/,in_vitro/neuroinflammation/1996_8666169_effect-of-isothermal-radiofrequency-radiation-on-c.md
19479910,10.1002/bem.20507,2009,in_vitro,plasticite_synaptique,dosimetrie_exposition,Bioelectromagnetics,Effect of radiofrequency electromagnetic field exposure on in vitro models of neurodegenerative disease.,https://pubmed.ncbi.nlm.nih.gov/19479910/,in_vitro/plasticite_synaptique/2009_19479910_effect-of-radiofrequency-electromagnetic-field-exp.md
41882031,10.1038/s41598-026-39244-6,2026,in_vitro,reproduction,thermique,,Radiofrequency radiation-induced changes in Leydig cell function.,https://pubmed.ncbi.nlm.nih.gov/41882031/,in_vitro/reproduction/2026_41882031_radiofrequency-radiation-induced-changes-in-leydig.md
39505052,10.1016/j.reprotox.2024.108744,2024,in_vitro,reproduction,apoptose_mitochondrie,"Reproductive toxicology (Elmsford, N.Y.)",Preliminary study on the impact of 900 MHz radiation on human sperm: An in vitro molecular approach.,https://pubmed.ncbi.nlm.nih.gov/39505052/,in_vitro/reproduction/2024_39505052_preliminary-study-on-the-impact-of-900-mhz-radiati.md
30125682,10.1016/j.reprotox.2018.08.014,2018,in_vitro,reproduction,,"Reproductive toxicology (Elmsford, N.Y.)",1800 MHz radiofrequency fields inhibits testosterone production via CaMKI /RORα pathway.,https://pubmed.ncbi.nlm.nih.gov/30125682/,in_vitro/reproduction/2018_30125682_1800-mhz-radiofrequency-fields-inhibits-testostero.md
25918601,10.22074/ijfs.2015.4217,2015,in_vitro,reproduction,genotoxicite_epigenetique,International journal of fertility & sterility,"In vitro effect of cell phone radiation on motility, DNA fragmentation and clusterin gene expression in human sperm.",https://pubmed.ncbi.nlm.nih.gov/25918601/,in_vitro/reproduction/2015_25918601_in-vitro-effect-of-cell-phone-radiation-on-motilit.md
24982785,10.5173/ceju.2014.01.art14,2014,in_vitro,reproduction,,Central European journal of urology,The influence of direct mobile phone radiation on sperm quality.,https://pubmed.ncbi.nlm.nih.gov/24982785/,in_vitro/reproduction/2014_24982785_the-influence-of-direct-mobile-phone-radiation-on.md
19649291,10.1371/journal.pone.0006446,2009,in_vitro,reproduction,stress_oxydatif;genotoxicite_epigenetique;apoptose_mitochondrie,PloS one,Mobile phone radiation induces reactive oxygen species production and DNA damage in human spermatozoa in vitro.,https://pubmed.ncbi.nlm.nih.gov/19649291/,in_vitro/reproduction/2009_19649291_mobile-phone-radiation-induces-reactive-oxygen-spe.md
10615087,10.1002/(sici)1521-186x(200001)21:1<8::aid-bem3>3.0.co;2-g,2000,in_vitro,reproduction,cancer;genotoxicite_epigenetique,Bioelectromagnetics,Ets1 oncogene induction by ELF-modulated 50 MHz radiofrequency electromagnetic field.,https://pubmed.ncbi.nlm.nih.gov/10615087/,in_vitro/reproduction/2000_10615087_ets1-oncogene-induction-by-elf-modulated-50-mhz-ra.md
3107975,10.1002/em.2860090405,1987,in_vitro,reproduction,thermique;dosimetrie_exposition,Environmental mutagenesis,Effects of radiofrequency radiation and simultaneous exposure with mitomycin C on the frequency of sister chromatid exchanges in Chinese hamster ovary cells.,https://pubmed.ncbi.nlm.nih.gov/3107975/,in_vitro/reproduction/1987_3107975_effects-of-radiofrequency-radiation-and-simultaneo.md
41455308,10.1016/j.biomaterials.2025.123939,2026,in_vitro,stress_oxydatif,cancer;neuro_comportement_cognition;plasticite_synaptique,Biomaterials,Glycolysis inhibition-based breakdown of ferroptosis defenses to achieve ferroptosis and immune cascades for antitumor therapy.,https://pubmed.ncbi.nlm.nih.gov/41455308/,in_vitro/stress_oxydatif/2026_41455308_glycolysis-inhibition-based-breakdown-of-ferroptos.md
41596185,10.3390/antiox15010127,2026,in_vitro,stress_oxydatif,genotoxicite_epigenetique;apoptose_mitochondrie,,5G RF-EMFs Mitigate UV-Induced Genotoxic Stress Through Redox Balance and p38 Pathway Regulation in Skin Cells.,https://pubmed.ncbi.nlm.nih.gov/41596185/,in_vitro/stress_oxydatif/2026_41596185_5g-rf-emfs-mitigate-uv-induced-genotoxic-stress-th.md
41819483,10.1002/cmdc.202500683,2026,in_vitro,stress_oxydatif,,ChemMedChem,"Discovery of Pyrazolo[5,1-b]quinazoline Tethered 1,2,3-Triazole Analogs as Potential Antioxidant Agents: Design, Synthesis, Biological Evaluation, and In Silico Insights.",https://pubmed.ncbi.nlm.nih.gov/41819483/,in_vitro/stress_oxydatif/2026_41819483_discovery-of-pyrazolo-5-1-b-quinazoline-tethered-1.md
41904248,10.1038/s41598-026-43960-4,2026,in_vitro,stress_oxydatif,apoptose_mitochondrie;neuroinflammation;cancer,,Biological effects of 5G-modulated 700 MHz RF-EMF exposure on neuronal and glial cell models under isothermal conditions.,https://pubmed.ncbi.nlm.nih.gov/41904248/,in_vitro/stress_oxydatif/2026_41904248_biological-effects-of-5g-modulated-700-mhz-rf-emf.md
41921593,10.1016/j.taap.2026.117807,2026,in_vitro,stress_oxydatif,apoptose_mitochondrie;reproduction,,Cellular redox disruption and apoptosis: Differential effects of RFR frequencies on Leydig cells.,https://pubmed.ncbi.nlm.nih.gov/41921593/,in_vitro/stress_oxydatif/2026_41921593_cellular-redox-disruption-and-apoptosis-differenti.md
41954586,10.1039/d6nr00113k,2026,in_vitro,stress_oxydatif,cancer;thermique;dosimetrie_exposition,Nanoscale,Integrating green chemistry into SPION development: a theranostic study on prostate cell models.,https://pubmed.ncbi.nlm.nih.gov/41954586/,in_vitro/stress_oxydatif/2026_41954586_integrating-green-chemistry-into-spion-development.md
42057982,10.31661/jbpe.v0i0.2409-1828,2026,in_vitro,stress_oxydatif,apoptose_mitochondrie;eeg_sommeil;genotoxicite_epigenetique,,"Evaluating the Protective Effect of Melatonin on Apoptosis, Expression of Bax and Bcl2 Genes, and ROS Level after Radiofrequency Radiation on L929 Fibroblast Cell Line.",https://pubmed.ncbi.nlm.nih.gov/42057982/,in_vitro/stress_oxydatif/2026_42057982_evaluating-the-protective-effect-of-melatonin-on-a.md
42179931,10.1007/s13205-026-04823-x,2026,in_vitro,stress_oxydatif,,3 Biotech,"Design, synthesis, anticancer, antioxidant and computational evaluation of curcumin-benzodiazepine derivatives.",https://pubmed.ncbi.nlm.nih.gov/42179931/,in_vitro/stress_oxydatif/2026_42179931_design-synthesis-anticancer-antioxidant-and-comput.md
39950292,10.2174/0115701794360303250109065121,2025,in_vitro,stress_oxydatif,cancer,Current organic synthesis,"Design, Synthesis, and Biological Evaluation of Some Novel o-aminophenol Derivatives.",https://pubmed.ncbi.nlm.nih.gov/39950292/,in_vitro/stress_oxydatif/2025_39950292_design-synthesis-and-biological-evaluation-of-some.md
40150722,10.3390/bioengineering12030257,2025,in_vitro,stress_oxydatif,genotoxicite_epigenetique;reproduction;thermique,,A Novel Method for Achieving Precision and Reproducibility in a 1.8 GHz Radiofrequency Exposure System That Modulates Intracellular ROS as a Function of Signal Amplitude in Human Cell Cultures.,https://pubmed.ncbi.nlm.nih.gov/40150722/,in_vitro/stress_oxydatif/2025_40150722_a-novel-method-for-achieving-precision-and-reprodu.md
40298279,10.1111/cpr.70041,2025,in_vitro,stress_oxydatif,cancer;apoptose_mitochondrie;calcium_canaux_ioniques,Cell proliferation,Synergistical Induction of Apoptosis via Cold Atmospheric Plasma and Nanohydroxyapatite for Selective Inhibition of Oral Squamous Cell Carcinoma in Tumour Microenvironment.,https://pubmed.ncbi.nlm.nih.gov/40298279/,in_vitro/stress_oxydatif/2025_40298279_synergistical-induction-of-apoptosis-via-cold-atmo.md
40699785,10.3390/cimb47060386,2025,in_vitro,stress_oxydatif,apoptose_mitochondrie;reproduction,,Mitigation of 3.5 GHz Electromagnetic Field-Induced BV2 Microglial Cytotoxicity by Polydeoxyribonucleotide.,https://pubmed.ncbi.nlm.nih.gov/40699785/,in_vitro/stress_oxydatif/2025_40699785_mitigation-of-3-5-ghz-electromagnetic-field-induce.md
40722924,10.3390/antiox14070820,2025,in_vitro,stress_oxydatif,thermique;genotoxicite_epigenetique,,Investigation of the Effects of 2.45 GHz Near-Field EMF on Yeast.,https://pubmed.ncbi.nlm.nih.gov/40722924/,in_vitro/stress_oxydatif/2025_40722924_investigation-of-the-effects-of-2-45-ghz-near-fiel.md
40854925,10.1038/s41598-025-15090-w,2025,in_vitro,stress_oxydatif,genotoxicite_epigenetique;apoptose_mitochondrie,,Impact of in vitro exposure to 5G-modulated 3.5 GHz fields on oxidative stress and DNA repair in skin cells.,https://pubmed.ncbi.nlm.nih.gov/40854925/,in_vitro/stress_oxydatif/2025_40854925_impact-of-in-vitro-exposure-to-5g-modulated-3-5-gh.md
41104878,10.1002/bem.70026,2025,in_vitro,stress_oxydatif,apoptose_mitochondrie,,Effects of Simultaneous In-Vitro Exposure to 5G-Modulated 3.5 GHz and GSM-Modulated 1.8 GHz Radio-Frequency Electromagnetic Fields on Neuronal Network Electrical Activity and Cellular Stress in Skin Fibroblast Cells.,https://pubmed.ncbi.nlm.nih.gov/41104878/,in_vitro/stress_oxydatif/2025_41104878_effects-of-simultaneous-in-vitro-exposure-to-5g-mo.md
41411134,,2025,in_vitro,stress_oxydatif,genotoxicite_epigenetique,Alternative therapies in health and medicine,DNA Damage Analysis by Comet Assay Method in Blood Tissue and Physiopathological Evaluation of the Effect of Quercetin on Kidney Tissue in 2600 MHz Electromagnetic Field Exposure.,https://pubmed.ncbi.nlm.nih.gov/41411134/,in_vitro/stress_oxydatif/2025_41411134_dna-damage-analysis-by-comet-assay-method-in-blood.md
41413154,10.1038/s41598-025-32095-7,2025,in_vitro,stress_oxydatif,apoptose_mitochondrie,Scientific reports,Microwave assisted synthesis and bioactive potential of folic acid functionalized tellurium nanoparticles (FA@Te NPs) against HeLa cancer cells.,https://pubmed.ncbi.nlm.nih.gov/41413154/,in_vitro/stress_oxydatif/2025_41413154_microwave-assisted-synthesis-and-bioactive-potenti.md
41594571,10.3390/biom16010029,2025,in_vitro,stress_oxydatif,cancer;neuro_comportement_cognition;apoptose_mitochondrie,Biomolecules,Synthesis and Bioactivity Assessment of Novel Quinolinone-Triazole Hybrids.,https://pubmed.ncbi.nlm.nih.gov/41594571/,in_vitro/stress_oxydatif/2025_41594571_synthesis-and-bioactivity-assessment-of-novel-quin.md
41599658,10.3390/ph19010057,2025,in_vitro,stress_oxydatif,,"Pharmaceuticals (Basel, Switzerland)","Design, Synthesis, and Biological Evaluation of N-Acyl-Hydrazone-Linked Quinazolinone Derivatives with Antioxidant, Antimicrobial, and Anticancer Potential.",https://pubmed.ncbi.nlm.nih.gov/41599658/,in_vitro/stress_oxydatif/2025_41599658_design-synthesis-and-biological-evaluation-of-n-ac.md
PPR1026059,10.20944/preprints202505.1880.v1,2025,in_vitro,stress_oxydatif,thermique;genotoxicite_epigenetique,,Investigation of the Effects of 2.45 GHz Near-Field EMF on Yeast,https://doi.org/10.20944/preprints202505.1880.v1,in_vitro/stress_oxydatif/2025_PPR1026059_investigation-of-the-effects-of-2-45-ghz-near-fiel.md
38092171,10.1016/j.chemosphere.2023.140942,2024,in_vitro,stress_oxydatif,genotoxicite_epigenetique;reproduction,,Indirect effects of interference of two emerging environmental contaminants on cell health: Radiofrequency radiation and gold nanoparticles.,https://pubmed.ncbi.nlm.nih.gov/38092171/,in_vitro/stress_oxydatif/2024_38092171_indirect-effects-of-interference-of-two-emerging-e.md
38583875,10.1080/02656736.2024.2335201,2024,in_vitro,stress_oxydatif,thermique;genotoxicite_epigenetique;apoptose_mitochondrie,"International journal of hyperthermia : the official journal of European Society for Hyperthermic Oncology, North American Hyperthermia Group",Microwave hyperthermia enhances radiosensitization by decreasing DNA repair efficiency and inducing oxidative stress in PC3 prostatic adenocarcinoma cells.,https://pubmed.ncbi.nlm.nih.gov/38583875/,in_vitro/stress_oxydatif/2024_38583875_microwave-hyperthermia-enhances-radiosensitization.md
38671778,10.3390/bioengineering11040357,2024,in_vitro,stress_oxydatif,neuroinflammation;genotoxicite_epigenetique,"Bioengineering (Basel, Switzerland)",Pulsed Radiofrequency Electromagnetic Fields as Modulators of Inflammation and Wound Healing in Primary Dermal Fibroblasts of Ulcers.,https://pubmed.ncbi.nlm.nih.gov/38671778/,in_vitro/stress_oxydatif/2024_38671778_pulsed-radiofrequency-electromagnetic-fields-as-mo.md
38758777,10.1371/journal.pone.0299017,2024,in_vitro,stress_oxydatif,apoptose_mitochondrie,,Radio frequency electromagnetic radiations interfere with the Leydig cell functions in-vitro.,https://pubmed.ncbi.nlm.nih.gov/38758777/,in_vitro/stress_oxydatif/2024_38758777_radio-frequency-electromagnetic-radiations-interfe.md
38137349,10.3390/biomedicines11123129,2023,in_vitro,stress_oxydatif,apoptose_mitochondrie;genotoxicite_epigenetique,,The Exposure to 2.45 GHz Electromagnetic Radiation Induced Different Cell Responses in Neuron-like Cells and Peripheral Blood Mononuclear Cells.,https://pubmed.ncbi.nlm.nih.gov/38137349/,in_vitro/stress_oxydatif/2023_38137349_the-exposure-to-2-45-ghz-electromagnetic-radiation.md
34047676,10.1080/09553002.2021.1934751,2021,in_vitro,stress_oxydatif,cancer;dosimetrie_exposition,,Effects of 1800 MHz radiofrequency fields on signal transduction and antioxidant proteins in human A172 glioblastoma cells.,https://pubmed.ncbi.nlm.nih.gov/34047676/,in_vitro/stress_oxydatif/2021_34047676_effects-of-1800-mhz-radiofrequency-fields-on-signa.md
32072661,10.1002/bem.22255,2020,in_vitro,stress_oxydatif,genotoxicite_epigenetique;apoptose_mitochondrie,Bioelectromagnetics,The Effects of Mobile Phone Radiofrequency Radiation on Cochlear Stria Marginal Cells in Sprague-Dawley Rats.,https://pubmed.ncbi.nlm.nih.gov/32072661/,in_vitro/stress_oxydatif/2020_32072661_the-effects-of-mobile-phone-radiofrequency-radiati.md
33254645,10.1016/j.envpol.2020.115632,2020,in_vitro,stress_oxydatif,genotoxicite_epigenetique;apoptose_mitochondrie,"Environmental pollution (Barking, Essex : 1987)","Effects of different mobile phone UMTS signals on DNA, apoptosis and oxidative stress in human lymphocytes.",https://pubmed.ncbi.nlm.nih.gov/33254645/,in_vitro/stress_oxydatif/2020_33254645_effects-of-different-mobile-phone-umts-signals-on.md
30482060,10.1080/15368378.2018.1550787,2019,in_vitro,stress_oxydatif,apoptose_mitochondrie;dosimetrie_exposition,Electromagnetic biology and medicine,Radiofrequency radiation at 2.856 GHz does not affect key cellular endpoints in neuron-like PC12 cells.,https://pubmed.ncbi.nlm.nih.gov/30482060/,in_vitro/stress_oxydatif/2019_30482060_radiofrequency-radiation-at-2-856-ghz-does-not-aff.md
30870450,10.1371/journal.pone.0213286,2019,in_vitro,stress_oxydatif,,PloS one,Towards predicting intracellular radiofrequency radiation effects.,https://pubmed.ncbi.nlm.nih.gov/30870450/,in_vitro/stress_oxydatif/2019_30870450_towards-predicting-intracellular-radiofrequency-ra.md
31036329,10.1016/j.envres.2019.03.063,2019,in_vitro,stress_oxydatif,apoptose_mitochondrie;reproduction,Environmental research,Direct and indirect effects of exposure to 900 MHz GSM radiofrequency electromagnetic fields on CHO cell line: Evidence of bystander effect by non-ionizing radiation.,https://pubmed.ncbi.nlm.nih.gov/31036329/,in_vitro/stress_oxydatif/2019_31036329_direct-and-indirect-effects-of-exposure-to-900-mhz.md
31330957,10.3390/molecules24142629,2019,in_vitro,stress_oxydatif,,"Molecules (Basel, Switzerland)",Chitosan-Based Bioactive Hemostatic Agents with Antibacterial Properties-Synthesis and Characterization.,https://pubmed.ncbi.nlm.nih.gov/31330957/,in_vitro/stress_oxydatif/2019_31330957_chitosan-based-bioactive-hemostatic-agents-with-an.md
31763251,10.1007/s12070-017-1176-4,2019,in_vitro,stress_oxydatif,genotoxicite_epigenetique,Indian journal of otolaryngology and head and neck surgery : official publication of the Association of Otolaryngologists of India,Effect of Radiofrequency on DNA Damage and Oxidative Status in Patients with Turbinate Hypertrophy.,https://pubmed.ncbi.nlm.nih.gov/31763251/,in_vitro/stress_oxydatif/2019_31763251_effect-of-radiofrequency-on-dna-damage-and-oxidati.md
29148897,10.1080/10934529.2017.1383124,2018,in_vitro,stress_oxydatif,cancer;dosimetrie_exposition;thermique,"Journal of environmental science and health. Part A, Toxic/hazardous substances & environmental engineering",Oxidative stress response in SH-SY5Y cells exposed to short-term 1800 MHz radiofrequency radiation.,https://pubmed.ncbi.nlm.nih.gov/29148897/,in_vitro/stress_oxydatif/2018_29148897_oxidative-stress-response-in-sh-sy5y-cells-exposed.md
29934169,10.1016/j.foodchem.2017.03.106,2018,in_vitro,stress_oxydatif,,Food chemistry,"Nutritional, chemical and antioxidant/pro-oxidant profiles of silverskin, a coffee roasting by-product.",https://pubmed.ncbi.nlm.nih.gov/29934169/,in_vitro/stress_oxydatif/2018_29934169_nutritional-chemical-and-antioxidant-pro-oxidant-p.md
29996120,10.1159/000491660,2018,in_vitro,stress_oxydatif,genotoxicite_epigenetique;apoptose_mitochondrie;eeg_sommeil,"Cellular physiology and biochemistry : international journal of experimental cellular physiology, biochemistry, and pharmacology",The Protective Effect of Autophagy on DNA Damage in Mouse Spermatocyte-Derived Cells Exposed to 1800 MHz Radiofrequency Electromagnetic Fields.,https://pubmed.ncbi.nlm.nih.gov/29996120/,in_vitro/stress_oxydatif/2018_29996120_the-protective-effect-of-autophagy-on-dna-damage-i.md
27639248,10.1002/jcp.25606,2017,in_vitro,stress_oxydatif,neuroinflammation;apoptose_mitochondrie;cancer,Journal of cellular physiology,Pulsed Electromagnetic Field Exposure Reduces Hypoxia and Inflammation Damage in Neuron-Like and Microglial Cells.,https://pubmed.ncbi.nlm.nih.gov/27639248/,in_vitro/stress_oxydatif/2017_27639248_pulsed-electromagnetic-field-exposure-reduces-hypo.md
28494430,10.1016/j.colsurfb.2017.04.026,2017,in_vitro,stress_oxydatif,,"Colloids and surfaces. B, Biointerfaces",Novel cosmetic formulations containing a biosurfactant from Lactobacillus paracasei.,https://pubmed.ncbi.nlm.nih.gov/28494430/,in_vitro/stress_oxydatif/2017_28494430_novel-cosmetic-formulations-containing-a-biosurfac.md
28836500,10.4149/gpb_2017007,2017,in_vitro,stress_oxydatif,thermique;dosimetrie_exposition;apoptose_mitochondrie,General physiology and biophysics,In vitro non-thermal oxidative stress response after 1800 MHz radiofrequency radiation.,https://pubmed.ncbi.nlm.nih.gov/28836500/,in_vitro/stress_oxydatif/2017_28836500_in-vitro-non-thermal-oxidative-stress-response-aft.md
24665905,10.3109/15368378.2014.900507,2015,in_vitro,stress_oxydatif,apoptose_mitochondrie;genotoxicite_epigenetique;dosimetrie_exposition,Electromagnetic biology and medicine,Oxidative changes and apoptosis induced by 1800-MHz electromagnetic radiation in NIH/3T3 cells.,https://pubmed.ncbi.nlm.nih.gov/24665905/,in_vitro/stress_oxydatif/2015_24665905_oxidative-changes-and-apoptosis-induced-by-1800-mh.md
25119294,10.3109/15368378.2014.948184,2015,in_vitro,stress_oxydatif,thermique;dosimetrie_exposition,Electromagnetic biology and medicine,Cell oxidation-reduction imbalance after modulated radiofrequency radiation.,https://pubmed.ncbi.nlm.nih.gov/25119294/,in_vitro/stress_oxydatif/2015_25119294_cell-oxidation-reduction-imbalance-after-modulated.md
25871408,10.1159/000380764,2015,in_vitro,stress_oxydatif,apoptose_mitochondrie,Journal of innate immunity,Low-Frequency Electromagnetic Field Exposure Enhances Extracellular Trap Formation by Human Neutrophils through the NADPH Pathway.,https://pubmed.ncbi.nlm.nih.gov/25871408/,in_vitro/stress_oxydatif/2015_25871408_low-frequency-electromagnetic-field-exposure-enhan.md
24105709,10.1093/jrr/rrt116,2014,in_vitro,stress_oxydatif,dosimetrie_exposition,Journal of radiation research,Effects of combined radiofrequency radiation exposure on levels of reactive oxygen species in neuronal cells.,https://pubmed.ncbi.nlm.nih.gov/24105709/,in_vitro/stress_oxydatif/2014_24105709_effects-of-combined-radiofrequency-radiation-expos.md
24813634,10.1016/j.toxlet.2014.05.004,2014,in_vitro,stress_oxydatif,apoptose_mitochondrie;dosimetrie_exposition;reproduction,Toxicology letters,The protective effect of autophagy on mouse spermatocyte derived cells exposure to 1800MHz radiofrequency electromagnetic radiation.,https://pubmed.ncbi.nlm.nih.gov/24813634/,in_vitro/stress_oxydatif/2014_24813634_the-protective-effect-of-autophagy-on-mouse-sperma.md
25127118,10.1371/journal.pone.0104973,2014,in_vitro,stress_oxydatif,cancer;neuro_comportement_cognition;neuroinflammation,PloS one,Neuronal cellular responses to extremely low frequency electromagnetic field exposure: implications regarding oxidative stress and neurodegeneration.,https://pubmed.ncbi.nlm.nih.gov/25127118/,in_vitro/stress_oxydatif/2014_25127118_neuronal-cellular-responses-to-extremely-low-frequ.md
23333639,10.1016/j.toxlet.2013.01.003,2013,in_vitro,stress_oxydatif,genotoxicite_epigenetique,Toxicology letters,Exposure to 1800 MHz radiofrequency electromagnetic radiation induces oxidative DNA base damage in a mouse spermatocyte-derived cell line.,https://pubmed.ncbi.nlm.nih.gov/23333639/,in_vitro/stress_oxydatif/2013_23333639_exposure-to-1800-mhz-radiofrequency-electromagneti.md
22549623,10.1002/bem.21731,2012,in_vitro,stress_oxydatif,cancer;dosimetrie_exposition,Bioelectromagnetics,Effects of 837 and 1950 MHz radiofrequency radiation exposure alone or combined on oxidative stress in MCF10A cells.,https://pubmed.ncbi.nlm.nih.gov/22549623/,in_vitro/stress_oxydatif/2012_22549623_effects-of-837-and-1950-mhz-radiofrequency-radiati.md
23724375,,2012,in_vitro,stress_oxydatif,,Journal of medical signals and sensors,Effects of radiofrequency radiation on human ferritin: an in vitro enzymun assay.,https://pubmed.ncbi.nlm.nih.gov/23724375/,in_vitro/stress_oxydatif/2012_23724375_effects-of-radiofrequency-radiation-on-human-ferri.md
19879861,10.1016/j.brainres.2009.10.062,2010,in_vitro,stress_oxydatif,apoptose_mitochondrie;genotoxicite_epigenetique;eeg_sommeil,Brain research,Exposure to 1800 MHz radiofrequency radiation induces oxidative damage to mitochondrial DNA in primary cultured neurons.,https://pubmed.ncbi.nlm.nih.gov/19879861/,in_vitro/stress_oxydatif/2010_19879861_exposure-to-1800-mhz-radiofrequency-radiation-indu.md
20564172,10.1002/bem.20580,2010,in_vitro,stress_oxydatif,genotoxicite_epigenetique;cancer;apoptose_mitochondrie,Bioelectromagnetics,Combined effects of 872 MHz radiofrequency radiation and ferrous chloride on reactive oxygen species production and DNA damage in human SH-SY5Y neuroblastoma cells.,https://pubmed.ncbi.nlm.nih.gov/20564172/,in_vitro/stress_oxydatif/2010_20564172_combined-effects-of-872-mhz-radiofrequency-radiati.md
21220925,10.1159/000324003,2010,in_vitro,stress_oxydatif,apoptose_mitochondrie,"Cellular physiology and biochemistry : international journal of experimental cellular physiology, biochemistry, and pharmacology",Effects of acute and chronic low frequency electromagnetic field exposure on PC12 cells during neuronal differentiation.,https://pubmed.ncbi.nlm.nih.gov/21220925/,in_vitro/stress_oxydatif/2010_21220925_effects-of-acute-and-chronic-low-frequency-electro.md
19135463,10.1016/j.mrfmmm.2008.12.005,2009,in_vitro,stress_oxydatif,genotoxicite_epigenetique;cancer;dosimetrie_exposition,Mutation research,Enhancement of chemically induced reactive oxygen species production and DNA damage in human SH-SY5Y neuroblastoma cells by 872 MHz radiofrequency radiation.,https://pubmed.ncbi.nlm.nih.gov/19135463/,in_vitro/stress_oxydatif/2009_19135463_enhancement-of-chemically-induced-reactive-oxygen.md
18509546,,2008,in_vitro,stress_oxydatif,genotoxicite_epigenetique;dosimetrie_exposition,Molecular vision,Electromagnetic noise inhibits radiofrequency radiation-induced DNA damage and reactive oxygen species increase in human lens epithelial cells.,https://pubmed.ncbi.nlm.nih.gov/18509546/,in_vitro/stress_oxydatif/2008_18509546_electromagnetic-noise-inhibits-radiofrequency-radi.md
18666817,10.1667/RR1322.1,2008,in_vitro,stress_oxydatif,apoptose_mitochondrie;dosimetrie_exposition,Radiation research,"Proliferation, oxidative stress and cell death in cells exposed to 872 MHz radiofrequency radiation and oxidants.",https://pubmed.ncbi.nlm.nih.gov/18666817/,in_vitro/stress_oxydatif/2008_18666817_proliferation-oxidative-stress-and-cell-death-in-c.md
16552570,10.1007/s00411-006-0038-3,2006,in_vitro,stress_oxydatif,genotoxicite_epigenetique,Radiation and environmental biophysics,"ROS release and Hsp70 expression after exposure to 1,800 MHz radiofrequency electromagnetic fields in primary human monocytes and lymphocytes.",https://pubmed.ncbi.nlm.nih.gov/16552570/,in_vitro/stress_oxydatif/2006_16552570_ros-release-and-hsp70-expression-after-exposure-to.md
15624304,10.1667/rr3251,2004,in_vitro,stress_oxydatif,dosimetrie_exposition,Radiation research,Evaluation of parameters of oxidative stress after in vitro exposure to FMCW- and CDMA-modulated radiofrequency radiation fields.,https://pubmed.ncbi.nlm.nih.gov/15624304/,in_vitro/stress_oxydatif/2004_15624304_evaluation-of-parameters-of-oxidative-stress-after.md
41515471,10.3390/molecules31010177,2026,in_vitro,thermique,dosimetrie_exposition,"Molecules (Basel, Switzerland)",Biomedical Applications of Chitosan-Coated Gallium Iron Oxide Nanoparticles GaxFe(3-x)O4 with 0 ≤ x ≤ 1 for Magnetic Hyperthermia.,https://pubmed.ncbi.nlm.nih.gov/41515471/,in_vitro/thermique/2026_41515471_biomedical-applications-of-chitosan-coated-gallium.md
41650811,10.1016/j.bioadv.2026.214735,2026,in_vitro,thermique,cancer;dosimetrie_exposition,Biomaterials advances,3D-printed GelMA-Fe-GQD magneto-hydrogel as a smart platform for triple-negative breast cancer hyperthermia.,https://pubmed.ncbi.nlm.nih.gov/41650811/,in_vitro/thermique/2026_41650811_3d-printed-gelma-fe-gqd-magneto-hydrogel-as-a-smar.md
41811074,10.1039/d5nr05036g,2026,in_vitro,thermique,cancer;dosimetrie_exposition,Nanoscale,Translating magnetic fluid hyperthermia toward lung cancer treatment.,https://pubmed.ncbi.nlm.nih.gov/41811074/,in_vitro/thermique/2026_41811074_translating-magnetic-fluid-hyperthermia-toward-lun.md
41891277,10.1002/mabi.202500632,2026,in_vitro,thermique,neuro_comportement_cognition;dosimetrie_exposition,Macromolecular bioscience,"Surface Functionalization of Iron Oxide Nanoparticles With Polymers and Small Molecules: Synthesis, Characterization, and Evaluation of Magnetic Hyperthermia Performance.",https://pubmed.ncbi.nlm.nih.gov/41891277/,in_vitro/thermique/2026_41891277_surface-functionalization-of-iron-oxide-nanopartic.md
42030880,10.1016/j.bbrc.2026.153764,2026,in_vitro,thermique,neuro_comportement_cognition;apoptose_mitochondrie;dosimetrie_exposition,Biochemical and biophysical research communications,"Bimetallic Fe-Ni nanoalloys for magnetic hyperthermia: Correlating structural evolution, magnetic properties, and heating performance.",https://pubmed.ncbi.nlm.nih.gov/42030880/,in_vitro/thermique/2026_42030880_bimetallic-fe-ni-nanoalloys-for-magnetic-hyperther.md
41267302,10.1016/j.foodres.2025.117736,2025,in_vitro,thermique,,"Food research international (Ottawa, Ont.)",Preserving resistant starch in retrograded maize starch gels: the role of microwave reheating power and target centre temperature.,https://pubmed.ncbi.nlm.nih.gov/41267302/,in_vitro/thermique/2025_41267302_preserving-resistant-starch-in-retrograded-maize-s.md
41319327,10.1021/acsabm.5c01685,2025,in_vitro,thermique,dosimetrie_exposition;apoptose_mitochondrie,ACS applied bio materials,Optimized Inductive Heating of a Superparamagnetic ZnxMn1-xFe2O4 Hydrophilic Magneto-viscoelastic Fluid for Hyperthermia Application.,https://pubmed.ncbi.nlm.nih.gov/41319327/,in_vitro/thermique/2025_41319327_optimized-inductive-heating-of-a-superparamagnetic.md
38153906,10.1021/acsbiomaterials.3c01341,2024,in_vitro,thermique,,ACS biomaterials science & engineering,Dielectric and Magnetic Composites of Fe3O4@APNs for Superior Microwave Thermal Effect.,https://pubmed.ncbi.nlm.nih.gov/38153906/,in_vitro/thermique/2024_38153906_dielectric-and-magnetic-composites-of-fe3o4-apns-f.md
37144743,10.1080/15384101.2023.2206682,2023,in_vitro,thermique,neuro_comportement_cognition;plasticite_synaptique;apoptose_mitochondrie,,A mechanistically approached review upon assorted cell lines stimulated by athermal electromagnetic irradiation.,https://pubmed.ncbi.nlm.nih.gov/37144743/,in_vitro/thermique/2023_37144743_a-mechanistically-approached-review-upon-assorted.md
37221363,10.1038/s41598-023-35397-w,2023,in_vitro,thermique,cancer;dosimetrie_exposition,,"Effects of 5G-modulated 3.5 GHz radiofrequency field exposures on HSF1, RAS, ERK, and PML activation in live fibroblasts and keratinocytes cells.",https://pubmed.ncbi.nlm.nih.gov/37221363/,in_vitro/thermique/2023_37221363_effects-of-5g-modulated-3-5-ghz-radiofrequency-fie.md
37608978,10.3389/fpubh.2023.1231360,2023,in_vitro,thermique,,,<i>In vitro</i> exposure of neuronal networks to the 5G-3.5 GHz signal.,https://pubmed.ncbi.nlm.nih.gov/37608978/,in_vitro/thermique/2023_37608978_i-in-vitro-i-exposure-of-neuronal-networks-to-the.md
31579965,10.1002/bem.22223,2019,in_vitro,thermique,dosimetrie_exposition,Bioelectromagnetics,Millimeter-Wave Heating in In Vitro Studies: Effect of Convection in Continuous and Pulse-Modulated Regimes.,https://pubmed.ncbi.nlm.nih.gov/31579965/,in_vitro/thermique/2019_31579965_millimeter-wave-heating-in-in-vitro-studies-effect.md
28339776,10.1093/jrr/rrx004,2017,in_vitro,thermique,dosimetrie_exposition,Journal of radiation research,Effect of acute millimeter wave exposure on dopamine metabolism of NGF-treated PC12 cells.,https://pubmed.ncbi.nlm.nih.gov/28339776/,in_vitro/thermique/2017_28339776_effect-of-acute-millimeter-wave-exposure-on-dopami.md
29116739,10.1021/acsami.7b13100,2017,in_vitro,thermique,apoptose_mitochondrie,ACS applied materials & interfaces,Gold Nanocluster-Mediated Cellular Death under Electromagnetic Radiation.,https://pubmed.ncbi.nlm.nih.gov/29116739/,in_vitro/thermique/2017_29116739_gold-nanocluster-mediated-cellular-death-under-ele.md
24395299,10.1002/bem.21834,2014,in_vitro,thermique,,Bioelectromagnetics,A measurement and modeling study of temperature in living and fixed tissue during and after radiofrequency exposure.,https://pubmed.ncbi.nlm.nih.gov/24395299/,in_vitro/thermique/2014_24395299_a-measurement-and-modeling-study-of-temperature-in.md
22548854,10.2478/10004-1254-63-2012-2123,2012,in_vitro,thermique,eeg_sommeil,Arhiv za higijenu rada i toksikologiju,Non-thermal biomarkers of exposure to radiofrequency/microwave radiation.,https://pubmed.ncbi.nlm.nih.gov/22548854/,in_vitro/thermique/2012_22548854_non-thermal-biomarkers-of-exposure-to-radiofrequen.md
21827772,10.1016/j.mrfmmm.2011.07.009,2011,in_vitro,thermique,eeg_sommeil;apoptose_mitochondrie,Mutation research,"Non-thermal effects of 2.45 GHz microwaves on spindle assembly, mitotic cells and viability of Chinese hamster V-79 cells.",https://pubmed.ncbi.nlm.nih.gov/21827772/,in_vitro/thermique/2011_21827772_non-thermal-effects-of-2-45-ghz-microwaves-on-spin.md
19507188,10.1002/bem.20514,2009,in_vitro,thermique,dosimetrie_exposition,Bioelectromagnetics,Application of a temperature-dependent fluorescent dye (Rhodamine B) to the measurement of radiofrequency radiation-induced temperature changes in biological samples.,https://pubmed.ncbi.nlm.nih.gov/19507188/,in_vitro/thermique/2009_19507188_application-of-a-temperature-dependent-fluorescent.md
18159938,10.1667/RR0872.1,2008,in_vitro,thermique,dosimetrie_exposition,Radiation research,Increased levels of numerical chromosome aberrations after in vitro exposure of human peripheral blood lymphocytes to radiofrequency electromagnetic fields for 72 hours.,https://pubmed.ncbi.nlm.nih.gov/18159938/,in_vitro/thermique/2008_18159938_increased-levels-of-numerical-chromosome-aberratio.md
16838270,10.1002/bem.20235,2006,in_vitro,thermique,dosimetrie_exposition,Bioelectromagnetics,Radiofrequency radiation does not induce stress response in human T-lymphocytes and rat primary astrocytes.,https://pubmed.ncbi.nlm.nih.gov/16838270/,in_vitro/thermique/2006_16838270_radiofrequency-radiation-does-not-induce-stress-re.md
10228585,10.1016/s0302-4598(98)00238-4,1999,in_vitro,thermique,dosimetrie_exposition,"Bioelectrochemistry and bioenergetics (Lausanne, Switzerland)",The effects of radiofrequency fields on cell proliferation are non-thermal.,https://pubmed.ncbi.nlm.nih.gov/10228585/,in_vitro/thermique/1999_10228585_the-effects-of-radiofrequency-fields-on-cell-proli.md
2120738,,1990,in_vitro,thermique,,Radiation research,Influence of radiofrequency radiation on chromosome aberrations in CHO cells and its interaction with DNA-damaging agents.,https://pubmed.ncbi.nlm.nih.gov/2120738/,in_vitro/thermique/1990_2120738_influence-of-radiofrequency-radiation-on-chromosom.md
837383,,1977,in_vitro,thermique,cancer,Cancer research,Tumor cure and cell survival after localized radiofrequency heating.,https://pubmed.ncbi.nlm.nih.gov/837383/,in_vitro/thermique/1977_837383_tumor-cure-and-cell-survival-after-localized-radio.md
41478317,10.1016/j.taap.2025.117703,2026,in_vivo,apoptose_mitochondrie,stress_oxydatif;genotoxicite_epigenetique,Toxicology and applied pharmacology,Doxorubicin-induced cardiotoxicity under 28 GHz 5G-band electromagnetic radiation in rats: Insights into the mitigative role of vitamin C.,https://pubmed.ncbi.nlm.nih.gov/41478317/,in_vivo/apoptose_mitochondrie/2026_41478317_doxorubicin-induced-cardiotoxicity-under-28-ghz-5g.md
41693770,10.3389/fphar.2026.1745214,2026,in_vivo,apoptose_mitochondrie,stress_oxydatif;cancer,Frontiers in pharmacology,"New pyrimidine derivatives as potential agents against hepatocellular carcinoma: design, synthesis, and in vitro and in vivo biological evaluations.",https://pubmed.ncbi.nlm.nih.gov/41693770/,in_vivo/apoptose_mitochondrie/2026_41693770_new-pyrimidine-derivatives-as-potential-agents-aga.md
42123398,10.3390/ijms27093813,2026,in_vivo,apoptose_mitochondrie,stress_oxydatif,,Radiofrequency Fields at 2.45 GHz Reprogram Mitochondria-Lysosome Crosstalk and Modulate the Survival/Death of Macrophages Exposed to LPS and/or the SARS-CoV-2 Spike Protein.,https://pubmed.ncbi.nlm.nih.gov/42123398/,in_vivo/apoptose_mitochondrie/2026_42123398_radiofrequency-fields-at-2-45-ghz-reprogram-mitoch.md
42123668,10.3390/ijms27094088,2026,in_vivo,apoptose_mitochondrie,neuro_comportement_cognition,,Assessment of the Effects of Electromagnetic Fields on Apoptosis and Stress Protein Biomarkers in the Spider &lt;i&gt;Parasteatoda tepidariorum&lt;/i&gt;.,https://pubmed.ncbi.nlm.nih.gov/42123668/,in_vivo/apoptose_mitochondrie/2026_42123668_assessment-of-the-effects-of-electromagnetic-field.md
42243210,10.1038/s41598-026-56001-x,2026,in_vivo,apoptose_mitochondrie,stress_oxydatif;neuroinflammation,,L arginine and radiofrequency electromagnetic field attenuate inflammatory and apoptotic injury after experimental subarachnoid hemorrhage.,https://pubmed.ncbi.nlm.nih.gov/42243210/,in_vivo/apoptose_mitochondrie/2026_42243210_l-arginine-and-radiofrequency-electromagnetic-fiel.md
38454287,10.5152/iao.2024.231142,2024,in_vivo,apoptose_mitochondrie,neurodeveloppement,,Effect of 2.45 GHz Microwave Radiation on the Inner Ear: A Histopathological Study on 2.45 GHz Microwave Radiation and Cochlea.,https://pubmed.ncbi.nlm.nih.gov/38454287/,in_vivo/apoptose_mitochondrie/2024_38454287_effect-of-2-45-ghz-microwave-radiation-on-the-inne.md
38725116,10.1002/bem.22504,2024,in_vivo,apoptose_mitochondrie,reproduction,Bioelectromagnetics,Expression levels of tam receptors and ligands in the testes of rats exposed to short and middle-term 2100 MHz radiofrequency radiation.,https://pubmed.ncbi.nlm.nih.gov/38725116/,in_vivo/apoptose_mitochondrie/2024_38725116_expression-levels-of-tam-receptors-and-ligands-in.md
38843455,10.1080/09553002.2024.2348073,2024,in_vivo,apoptose_mitochondrie,thermique,,Microwave radiation and thermal effects on the bioenergetics of isolated mitochondria.,https://pubmed.ncbi.nlm.nih.gov/38843455/,in_vivo/apoptose_mitochondrie/2024_38843455_microwave-radiation-and-thermal-effects-on-the-bio.md
37445806,10.3390/ijms241310628,2023,in_vivo,apoptose_mitochondrie,thermique;stress_oxydatif;genotoxicite_epigenetique,International journal of molecular sciences,Dose- and Time-Dependent Effects of Radiofrequency Electromagnetic Field on Adipose Tissue: Implications of Thermoregulation and Mitochondrial Signaling.,https://pubmed.ncbi.nlm.nih.gov/37445806/,in_vivo/apoptose_mitochondrie/2023_37445806_dose-and-time-dependent-effects-of-radiofrequency.md
35322852,10.1042/bsr20212584,2022,in_vivo,apoptose_mitochondrie,neuro_comportement_cognition;plasticite_synaptique,,Microwave radiation induces neuronal autophagy through miR-30a-5p/AMPKα2 signal pathway.,https://pubmed.ncbi.nlm.nih.gov/35322852/,in_vivo/apoptose_mitochondrie/2022_35322852_microwave-radiation-induces-neuronal-autophagy-thr.md
35625666,10.3390/biomedicines10050929,2022,in_vivo,apoptose_mitochondrie,stress_oxydatif,,Cardiac Cell Exposure to Electromagnetic Fields: Focus on Oxdative Stress and Apoptosis.,https://pubmed.ncbi.nlm.nih.gov/35625666/,in_vivo/apoptose_mitochondrie/2022_35625666_cardiac-cell-exposure-to-electromagnetic-fields-fo.md
33562018,10.3390/molecules26040855,2021,in_vivo,apoptose_mitochondrie,,"Molecules (Basel, Switzerland)",Microwave-Assisted Enzymatic Extraction of Flavonoids from Armeniaca mume Sieb. Blossom and Their Immunomodulating Effect in Mice with DSS-Induced Colitis.,https://pubmed.ncbi.nlm.nih.gov/33562018/,in_vivo/apoptose_mitochondrie/2021_33562018_microwave-assisted-enzymatic-extraction-of-flavono.md
32695301,10.22038/ijbms.2020.40184.9512,2020,in_vivo,apoptose_mitochondrie,neurodeveloppement;stress_oxydatif;reproduction,Iranian journal of basic medical sciences,"Wi-Fi (2.4 GHz) affects anti-oxidant capacity, DNA repair genes expression and, apoptosis in pregnant mouse placenta.",https://pubmed.ncbi.nlm.nih.gov/32695301/,in_vivo/apoptose_mitochondrie/2020_32695301_wi-fi-2-4-ghz-affects-anti-oxidant-capacity-dna-re.md
30734565,10.1021/acs.nanolett.8b04723,2019,in_vivo,apoptose_mitochondrie,,Nano letters,Pulsed Microwave-Pumped Drug-Free Thermoacoustic Therapy by Highly Biocompatible and Safe Metabolic Polyarginine Probes.,https://pubmed.ncbi.nlm.nih.gov/30734565/,in_vivo/apoptose_mitochondrie/2019_30734565_pulsed-microwave-pumped-drug-free-thermoacoustic-t.md
31608966,10.5137/1019-5149.JTN.26492-19.2,2019,in_vivo,apoptose_mitochondrie,eeg_sommeil,Turkish neurosurgery,Melatonin Modulates NMDA-Receptor 2B/Calpain-1/ Caspase-12 Pathways in Rat Brain After Long Time Exposure to GSM Radiation.,https://pubmed.ncbi.nlm.nih.gov/31608966/,in_vivo/apoptose_mitochondrie/2019_31608966_melatonin-modulates-nmda-receptor-2b-calpain-1-cas.md
29166827,10.1177/0748233717740066,2018,in_vivo,apoptose_mitochondrie,genotoxicite_epigenetique,Toxicology and industrial health,Exposure to 835 MHz radiofrequency electromagnetic field induces autophagy in hippocampus but not in brain stem of mice.,https://pubmed.ncbi.nlm.nih.gov/29166827/,in_vivo/apoptose_mitochondrie/2018_29166827_exposure-to-835-mhz-radiofrequency-electromagnetic.md
29413766,10.1016/j.etap.2018.01.009,2018,in_vivo,apoptose_mitochondrie,neuro_comportement_cognition;neurodeveloppement;dosimetrie_exposition,Environmental toxicology and pharmacology,"Radiofrequency electromagnetic radiation exposure effects on amygdala morphology, place preference behavior and brain caspase-3 activity in rats.",https://pubmed.ncbi.nlm.nih.gov/29413766/,in_vivo/apoptose_mitochondrie/2018_29413766_radiofrequency-electromagnetic-radiation-exposure.md
29968967,10.1002/tox.22578,2018,in_vivo,apoptose_mitochondrie,reproduction;stress_oxydatif;cancer,Environmental toxicology,2.45 GHz microwave radiation induced oxidative and nitrosative stress mediated testicular apoptosis: Involvement of a p53 dependent bax-caspase-3 mediated pathway.,https://pubmed.ncbi.nlm.nih.gov/29968967/,in_vivo/apoptose_mitochondrie/2018_29968967_2-45-ghz-microwave-radiation-induced-oxidative-and.md
30421158,10.1007/s11060-018-03012-y,2018,in_vivo,apoptose_mitochondrie,cancer;dosimetrie_exposition,Journal of neuro-oncology,Possible effects of radiofrequency electromagnetic fields on in vivo C6 brain tumors in Wistar rats.,https://pubmed.ncbi.nlm.nih.gov/30421158/,in_vivo/apoptose_mitochondrie/2018_30421158_possible-effects-of-radiofrequency-electromagnetic.md
27865708,10.1016/j.bjorl.2016.10.004,2017,in_vivo,apoptose_mitochondrie,,Brazilian journal of otorhinolaryngology,Effects of exposure to 2100MHz GSM-like radiofrequency electromagnetic field on auditory system of rats.,https://pubmed.ncbi.nlm.nih.gov/27865708/,in_vivo/apoptose_mitochondrie/2017_27865708_effects-of-exposure-to-2100mhz-gsm-like-radiofrequ.md
27880884,10.1016/j.jep.2016.11.015,2017,in_vivo,apoptose_mitochondrie,stress_oxydatif,Journal of ethnopharmacology,Anti-atherosclerosis and cardio-protective effects of the Angong Niuhuang Pill on a high fat and vitamin D3 induced rodent model of atherosclerosis.,https://pubmed.ncbi.nlm.nih.gov/27880884/,in_vivo/apoptose_mitochondrie/2017_27880884_anti-atherosclerosis-and-cardio-protective-effects.md
29085599,10.22038/ijbms.2017.9273,2017,in_vivo,apoptose_mitochondrie,genotoxicite_epigenetique;neurodeveloppement,,"Evaluation of <i>bax</i>, <i>bcl-2</i>, <i>p21</i> and <i>p53</i> genes expression variations on cerebellum of BALB/c mice before and after birth under mobile phone radiation exposure.",https://pubmed.ncbi.nlm.nih.gov/29085599/,in_vivo/apoptose_mitochondrie/2017_29085599_evaluation-of-i-bax-i-i-bcl-2-i-i-p21-i-and-i-p53.md
27073885,10.1371/journal.pone.0153308,2016,in_vivo,apoptose_mitochondrie,genotoxicite_epigenetique;neuro_comportement_cognition;dosimetrie_exposition,PloS one,Induction of Autophagy in the Striatum and Hypothalamus of Mice after 835 MHz Radiofrequency Exposure.,https://pubmed.ncbi.nlm.nih.gov/27073885/,in_vivo/apoptose_mitochondrie/2016_27073885_induction-of-autophagy-in-the-striatum-and-hypotha.md
28125894,10.4149/BLL_2016_129,2016,in_vivo,apoptose_mitochondrie,neurodeveloppement,Bratislavske lekarske listy,GSM-like radiofrequency exposure induces apoptosis via caspase-dependent pathway in infant rabbits.,https://pubmed.ncbi.nlm.nih.gov/28125894/,in_vivo/apoptose_mitochondrie/2016_28125894_gsm-like-radiofrequency-exposure-induces-apoptosis.md
25060044,10.1111/and.12321,2015,in_vivo,apoptose_mitochondrie,,Andrologia,Effects of microwaves (950 MHZ mobile phone) on morphometric and apoptotic changes of rabbit epididymis.,https://pubmed.ncbi.nlm.nih.gov/25060044/,in_vivo/apoptose_mitochondrie/2015_25060044_effects-of-microwaves-950-mhz-mobile-phone-on-morp.md
26132082,10.1371/journal.pone.0132046,2015,in_vivo,apoptose_mitochondrie,stress_oxydatif;genotoxicite_epigenetique;thermique,PloS one,Enhancement of Apoptosis by Titanium Alloy Internal Fixations during Microwave Treatments for Fractures: An Animal Study.,https://pubmed.ncbi.nlm.nih.gov/26132082/,in_vivo/apoptose_mitochondrie/2015_26132082_enhancement-of-apoptosis-by-titanium-alloy-interna.md
26171150,10.3892/br.2015.454,2015,in_vivo,apoptose_mitochondrie,,Biomedical reports,Pathophysiology of microwave-induced traumatic brain injury.,https://pubmed.ncbi.nlm.nih.gov/26171150/,in_vivo/apoptose_mitochondrie/2015_26171150_pathophysiology-of-microwave-induced-traumatic-bra.md
24635541,10.1111/micc.12122,2014,in_vivo,apoptose_mitochondrie,,"Microcirculation (New York, N.Y. : 1994)",Microwave radiation injuries microvasculature through inducing endoplasmic reticulum stress.,https://pubmed.ncbi.nlm.nih.gov/24635541/,in_vivo/apoptose_mitochondrie/2014_24635541_microwave-radiation-injuries-microvasculature-thro.md
19432670,10.1111/j.1440-1827.2009.02368.x,2009,in_vivo,apoptose_mitochondrie,cancer,Pathology international,"Microwave cell death: molecular analysis using DNA electrophoresis, PCR amplification and TUNEL.",https://pubmed.ncbi.nlm.nih.gov/19432670/,in_vivo/apoptose_mitochondrie/2009_19432670_microwave-cell-death-molecular-analysis-using-dna.md
19761513,10.1111/j.1533-2500.2009.00317.x,2009,in_vivo,apoptose_mitochondrie,,Pain practice : the official journal of World Institute of Pain,Ultrastructural changes in axons following exposure to pulsed radiofrequency fields.,https://pubmed.ncbi.nlm.nih.gov/19761513/,in_vivo/apoptose_mitochondrie/2009_19761513_ultrastructural-changes-in-axons-following-exposur.md
18067994,10.1016/j.arcmed.2007.06.013,2008,in_vivo,apoptose_mitochondrie,reproduction,Archives of medical research,Mobile phone exposure does not induce apoptosis on spermatogenesis in rats.,https://pubmed.ncbi.nlm.nih.gov/18067994/,in_vivo/apoptose_mitochondrie/2008_18067994_mobile-phone-exposure-does-not-induce-apoptosis-on.md
18327715,10.1080/15368370701878978,2008,in_vivo,apoptose_mitochondrie,genotoxicite_epigenetique;reproduction,Electromagnetic biology and medicine,Whole-body exposure of radiation emitted from 900 MHz mobile phones does not seem to affect the levels of anti-apoptotic bcl-2 protein.,https://pubmed.ncbi.nlm.nih.gov/18327715/,in_vivo/apoptose_mitochondrie/2008_18327715_whole-body-exposure-of-radiation-emitted-from-900.md
18587267,10.3858/emm.2008.40.3.294,2008,in_vivo,apoptose_mitochondrie,neuroinflammation;dosimetrie_exposition,Experimental & molecular medicine,Local exposure of 849 MHz and 1763 MHz radiofrequency radiation to mouse heads does not induce cell death or cell proliferation in brain.,https://pubmed.ncbi.nlm.nih.gov/18587267/,in_vivo/apoptose_mitochondrie/2008_18587267_local-exposure-of-849-mhz-and-1763-mhz-radiofreque.md
16449085,10.1080/09553000500500188,2005,in_vivo,apoptose_mitochondrie,genotoxicite_epigenetique;dosimetrie_exposition,International journal of radiation biology,Subchronic exposure of hsp70.1-deficient mice to radiofrequency radiation.,https://pubmed.ncbi.nlm.nih.gov/16449085/,in_vivo/apoptose_mitochondrie/2005_16449085_subchronic-exposure-of-hsp70-1-deficient-mice-to-r.md
39548043,10.1007/s11517-024-03238-1,2025,in_vivo,barriere_hemato_encephalique,thermique,,Effects of 1800 MHz and 2100 MHz mobile phone radiation on the blood-brain barrier of New Zealand rabbits.,https://pubmed.ncbi.nlm.nih.gov/39548043/,in_vivo/barriere_hemato_encephalique/2025_39548043_effects-of-1800-mhz-and-2100-mhz-mobile-phone-radi.md
41586187,10.22038/ijbms.2025.86952.18784,2025,in_vivo,barriere_hemato_encephalique,stress_oxydatif;genotoxicite_epigenetique,Iranian journal of basic medical sciences,Acute exposure to 27.12 MHz radiofrequency electromagnetic field disrupts blood-brain barrier integrity via eNOS activation and occludin down-regulation.,https://pubmed.ncbi.nlm.nih.gov/41586187/,in_vivo/barriere_hemato_encephalique/2025_41586187_acute-exposure-to-27-12-mhz-radiofrequency-electro.md
36342872,10.4149/BLL_2022_138,2022,in_vivo,barriere_hemato_encephalique,,Bratislavske lekarske listy,PIXE analysis of iron in rabbit cerebellum after exposure to radiofrequency electromagnetic fields.,https://pubmed.ncbi.nlm.nih.gov/36342872/,in_vivo/barriere_hemato_encephalique/2022_36342872_pixe-analysis-of-iron-in-rabbit-cerebellum-after-e.md
22047463,10.3109/15368378.2011.600167,2011,in_vivo,barriere_hemato_encephalique,,Electromagnetic biology and medicine,Effects of radiofrequency radiation exposure on blood-brain barrier permeability in male and female rats.,https://pubmed.ncbi.nlm.nih.gov/22047463/,in_vivo/barriere_hemato_encephalique/2011_22047463_effects-of-radiofrequency-radiation-exposure-on-bl.md
19580497,10.1667/RR1507.1,2009,in_vivo,barriere_hemato_encephalique,,Radiation research,Radiofrequency-radiation exposure does not induce detectable leakage of albumin across the blood-brain barrier.,https://pubmed.ncbi.nlm.nih.gov/19580497/,in_vivo/barriere_hemato_encephalique/2009_19580497_radiofrequency-radiation-exposure-does-not-induce.md
15042623,10.1002/bem.20004,2004,in_vivo,barriere_hemato_encephalique,thermique,Bioelectromagnetics,Studies on microwaves in medicine and biology: from snails to humans.,https://pubmed.ncbi.nlm.nih.gov/15042623/,in_vivo/barriere_hemato_encephalique/2004_15042623_studies-on-microwaves-in-medicine-and-biology-from.md
12782486,10.1289/ehp.6039,2003,in_vivo,barriere_hemato_encephalique,,Environmental health perspectives,Nerve cell damage in mammalian brain after exposure to microwaves from GSM mobile phones.,https://pubmed.ncbi.nlm.nih.gov/12782486/,in_vivo/barriere_hemato_encephalique/2003_12782486_nerve-cell-damage-in-mammalian-brain-after-exposur.md
3344268,,1988,in_vivo,barriere_hemato_encephalique,neurodeveloppement,Progress in clinical and biological research,Morphological changes in cerebellum of neonatal rats exposed to 2.45 GHz microwaves.,https://pubmed.ncbi.nlm.nih.gov/3344268/,in_vivo/barriere_hemato_encephalique/1988_3344268_morphological-changes-in-cerebellum-of-neonatal-ra.md
487114,10.1016/0006-8993(79)90807-2,1979,in_vivo,barriere_hemato_encephalique,,Brain research,Permeability of the blood-brain barrier to mannitol in the rat following 2450 MHz microwave irradiation.,https://pubmed.ncbi.nlm.nih.gov/487114/,in_vivo/barriere_hemato_encephalique/1979_487114_permeability-of-the-blood-brain-barrier-to-mannito.md
861720,10.1016/0006-8993(77)90726-0,1977,in_vivo,barriere_hemato_encephalique,,Brain research,Microwave alteration of the blood-brain barrier system of rats.,https://pubmed.ncbi.nlm.nih.gov/861720/,in_vivo/barriere_hemato_encephalique/1977_861720_microwave-alteration-of-the-blood-brain-barrier-sy.md
31160272,10.1016/j.ebiom.2019.05.034,2019,in_vivo,calcium_canaux_ioniques,eeg_sommeil;cancer;thermique,EBioMedicine,Tumour-specific amplitude-modulated radiofrequency electromagnetic fields induce differentiation of hepatocellular carcinoma via targeting Cav3.2 T-type voltage-gated calcium channels and Ca2+ influx.,https://pubmed.ncbi.nlm.nih.gov/31160272/,in_vivo/calcium_canaux_ioniques/2019_31160272_tumour-specific-amplitude-modulated-radiofrequency.md
42465078,10.3389/fmed.2026.1828144,2026,in_vivo,cancer,,,Quantifying early pelvic radiation-induced bone injury with dual-energy CT: a rabbit model study of dynamic bone mineral and marrow adiposity changes.,https://pubmed.ncbi.nlm.nih.gov/42465078/,in_vivo/cancer/2026_42465078_quantifying-early-pelvic-radiation-induced-bone-in.md
40435570,10.1016/j.mrrev.2025.108545,2025,in_vivo,cancer,stress_oxydatif;genotoxicite_epigenetique;apoptose_mitochondrie,Mutation research. Reviews in mutation research,Exposure to radiofrequency electromagnetic fields and IARC carcinogen assessment: Risk of Bias preliminary literature assessment for 10 key characteristics of human carcinogens.,https://pubmed.ncbi.nlm.nih.gov/40435570/,in_vivo/cancer/2025_40435570_exposure-to-radiofrequency-electromagnetic-fields.md
40589806,10.3389/fpubh.2025.1580155,2025,in_vivo,cancer,stress_oxydatif;neuroinflammation,,Histological and inflammatory effects of 26.5 GHz quasi-millimeter wave exposure on rat skin.,https://pubmed.ncbi.nlm.nih.gov/40589806/,in_vivo/cancer/2025_40589806_histological-and-inflammatory-effects-of-26-5-ghz.md
38232086,10.1371/journal.pone.0296699,2024,in_vivo,cancer,,,Genetic profiling of rat gliomas and cardiac schwannomas from life-time radiofrequency radiation exposure study using a targeted next-generation sequencing gene panel.,https://pubmed.ncbi.nlm.nih.gov/38232086/,in_vivo/cancer/2024_38232086_genetic-profiling-of-rat-gliomas-and-cardiac-schwa.md
38538718,10.1038/s41401-024-01260-5,2024,in_vivo,cancer,apoptose_mitochondrie;genotoxicite_epigenetique;dosimetrie_exposition,,Radiofrequency radiation reshapes tumor immune microenvironment into antitumor phenotype in pulmonary metastatic melanoma by inducing active transformation of tumor-infiltrating CD8<sup>+</sup> T and NK cells.,https://pubmed.ncbi.nlm.nih.gov/38538718/,in_vivo/cancer/2024_38538718_radiofrequency-radiation-reshapes-tumor-immune-mic.md
PPR657112,10.12688/f1000research.129735.2,2023,in_vivo,cancer,thermique;dosimetrie_exposition,,A study protocol for investigating the effects of mobile phone-originated electromagnetic waves on thyroid gland and thyroid hormone activities in the brain,https://doi.org/10.12688/f1000research.129735.2,in_vivo/cancer/2023_PPR657112_a-study-protocol-for-investigating-the-effects-of.md
35476263,10.1002/bem.22407,2022,in_vivo,cancer,,Bioelectromagnetics,An International Collaborative Animal Study of the Carcinogenicity of Mobile Phone Radiofrequency Radiation: Considerations for Preparation of a Global Project.,https://pubmed.ncbi.nlm.nih.gov/35476263/,in_vivo/cancer/2022_35476263_an-international-collaborative-animal-study-of-the.md
31464775,10.1097/HP.0000000000001137,2020,in_vivo,cancer,dosimetrie_exposition,Health physics,ICNIRP Note: Critical Evaluation of Two Radiofrequency Electromagnetic Field Animal Carcinogenicity Studies Published in 2018.,https://pubmed.ncbi.nlm.nih.gov/31464775/,in_vivo/cancer/2020_31464775_icnirp-note-critical-evaluation-of-two-radiofreque.md
30243215,10.1016/j.envres.2018.09.010,2019,in_vivo,cancer,neuroinflammation;genotoxicite_epigenetique;thermique,Environmental research,Commentary on the utility of the National Toxicology Program study on cell phone radiofrequency radiation data for assessing human health risks despite unfounded criticisms aimed at minimizing the findings of adverse health effects.,https://pubmed.ncbi.nlm.nih.gov/30243215/,in_vivo/cancer/2019_30243215_commentary-on-the-utility-of-the-national-toxicolo.md
30365129,10.3892/ijo.2018.4606,2019,in_vivo,cancer,,International journal of oncology,"Comments on the US National Toxicology Program technical reports on toxicology and carcinogenesis study in rats exposed to whole-body radiofrequency radiation at 900 MHz and in mice exposed to whole-body radiofrequency radiation at 1,900 MHz.",https://pubmed.ncbi.nlm.nih.gov/30365129/,in_vivo/cancer/2019_30365129_comments-on-the-us-national-toxicology-program-tec.md
31547363,10.3390/ijerph16183379,2019,in_vivo,cancer,reproduction;neuroinflammation,,The Contribution of In Vivo Mammalian Studies to the Knowledge of Adverse Effects of Radiofrequency Radiation on Human Health.,https://pubmed.ncbi.nlm.nih.gov/31547363/,in_vivo/cancer/2019_31547363_the-contribution-of-in-vivo-mammalian-studies-to-t.md
PPR18900,10.1101/055699,2016,in_vivo,cancer,genotoxicite_epigenetique,,Report of Partial findings from the National Toxicology Program Carcinogenesis Studies of Cell Phone Radiofrequency Radiation in Hsd: Sprague Dawley  <sup>®</sup>  SD rats (Whole Body Exposures),https://doi.org/10.1101/055699,in_vivo/cancer/2016_PPR18900_report-of-partial-findings-from-the-national-toxic.md
25771019,10.1016/j.biomaterials.2015.02.017,2015,in_vivo,cancer,neuro_comportement_cognition,Biomaterials,Efficient in vitro and in vivo pulmonary delivery of nucleic acid by carbon dot-based nanocarriers.,https://pubmed.ncbi.nlm.nih.gov/25771019/,in_vivo/cancer/2015_25771019_efficient-in-vitro-and-in-vivo-pulmonary-delivery.md
21171939,10.3109/09553002.2010.537428,2011,in_vivo,cancer,,International journal of radiation biology,"One-year, simultaneous combined exposure of CDMA and WCDMA radiofrequency electromagnetic fields to rats.",https://pubmed.ncbi.nlm.nih.gov/21171939/,in_vivo/cancer/2011_21171939_one-year-simultaneous-combined-exposure-of-cdma-an.md
21437920,10.1002/bem.20655,2011,in_vivo,cancer,thermique;dosimetrie_exposition,Bioelectromagnetics,Lymphoma development of simultaneously combined exposure to two radiofrequency signals in AKR/J mice.,https://pubmed.ncbi.nlm.nih.gov/21437920/,in_vivo/cancer/2011_21437920_lymphoma-development-of-simultaneously-combined-ex.md
17723000,10.1667/RR0857.1,2007,in_vivo,cancer,,Radiation research,Lymphoma development in mice chronically exposed to UMTS-modulated radiofrequency electromagnetic fields.,https://pubmed.ncbi.nlm.nih.gov/17723000/,in_vivo/cancer/2007_17723000_lymphoma-development-in-mice-chronically-exposed-t.md
16669743,10.1667/RR3551.1,2006,in_vivo,cancer,,Radiation research,The effects of pulsed 860 MHz radiofrequency radiation on the promotion of neurogenic tumors in rats.,https://pubmed.ncbi.nlm.nih.gov/16669743/,in_vivo/cancer/2006_16669743_the-effects-of-pulsed-860-mhz-radiofrequency-radia.md
16881741,10.1667/RR3588.1,2006,in_vivo,cancer,,Radiation research,No effects of radiofrequency radiation on 3-chloro-4-(dichloromethyl)-5-hydroxy-2(5H)-furanone-induced tumorigenesis in female Wistar rats.,https://pubmed.ncbi.nlm.nih.gov/16881741/,in_vivo/cancer/2006_16881741_no-effects-of-radiofrequency-radiation-on-3-chloro.md
16524842,10.1080/09553000600568093,2005,in_vivo,cancer,dosimetrie_exposition,International journal of radiation biology,"Effect of radiofrequency radiation exposure on mouse skin tumorigenesis initiated by 7,12-dimethybenz[alpha]anthracene.",https://pubmed.ncbi.nlm.nih.gov/16524842/,in_vivo/cancer/2005_16524842_effect-of-radiofrequency-radiation-exposure-on-mou.md
12859224,10.1667/rr3028,2003,in_vivo,cancer,dosimetrie_exposition,Radiation research,The effect of chronic exposure to 835.62 MHz FDMA or 847.74 MHz CDMA radiofrequency radiation on the incidence of spontaneous tumors in rats.,https://pubmed.ncbi.nlm.nih.gov/12859224/,in_vivo/cancer/2003_12859224_the-effect-of-chronic-exposure-to-835-62-mhz-fdma.md
10581537,,1999,in_vivo,cancer,,Radiation research,Radiofrequency electromagnetic fields have no effect on the in vivo proliferation of the 9L brain tumor.,https://pubmed.ncbi.nlm.nih.gov/10581537/,in_vivo/cancer/1999_10581537_radiofrequency-electromagnetic-fields-have-no-effe.md
9453703,,1998,in_vivo,cancer,dosimetrie_exposition,Bioelectromagnetics,Chronic exposure of cancer-prone mice to low-level 2450 MHz radiofrequency radiation.,https://pubmed.ncbi.nlm.nih.gov/9453703/,in_vivo/cancer/1998_9453703_chronic-exposure-of-cancer-prone-mice-to-low-level.md
9146709,,1997,in_vivo,cancer,,Radiation research,Lymphomas in E mu-Pim1 transgenic mice exposed to pulsed 900 MHZ electromagnetic fields.,https://pubmed.ncbi.nlm.nih.gov/9146709/,in_vivo/cancer/1997_9146709_lymphomas-in-e-mu-pim1-transgenic-mice-exposed-to.md
9291353,,1997,in_vivo,cancer,dosimetrie_exposition,Radiation research,"Long-term, low-level exposure of mice prone to mammary tumors to 435 MHz radiofrequency radiation.",https://pubmed.ncbi.nlm.nih.gov/9291353/,in_vivo/cancer/1997_9291353_long-term-low-level-exposure-of-mice-prone-to-mamm.md
42296064,10.1371/journal.pone.0351138,2026,in_vivo,dosimetrie_exposition,,PloS one,Toward a fully wireless endovascular neural interface: Evaluating power transfer efficacy.,https://pubmed.ncbi.nlm.nih.gov/42296064/,in_vivo/dosimetrie_exposition/2026_42296064_toward-a-fully-wireless-endovascular-neural-interf.md
39787318,10.1097/hp.0000000000001951,2025,in_vivo,dosimetrie_exposition,,,Investigation of the Ocular Response and Corneal Damage Threshold of Exposure to 28 GHz Quasi-millimeter Wave Exposure.,https://pubmed.ncbi.nlm.nih.gov/39787318/,in_vivo/dosimetrie_exposition/2025_39787318_investigation-of-the-ocular-response-and-corneal-d.md
40335291,10.1265/ehpm.24-00321,2025,in_vivo,dosimetrie_exposition,,,Single exposure to near-threshold 5G millimeter wave modifies restraint stress responses in rats.,https://pubmed.ncbi.nlm.nih.gov/40335291/,in_vivo/dosimetrie_exposition/2025_40335291_single-exposure-to-near-threshold-5g-millimeter-wa.md
38510045,10.1016/j.heliyon.2024.e27775,2024,in_vivo,dosimetrie_exposition,,,A metamaterial unit-cell based patch radiator for brain-machine interface technology.,https://pubmed.ncbi.nlm.nih.gov/38510045/,in_vivo/dosimetrie_exposition/2024_38510045_a-metamaterial-unit-cell-based-patch-radiator-for.md
39222016,10.1097/hp.0000000000001843,2024,in_vivo,dosimetrie_exposition,,,Effects of High Temperature and High Humidity on the Degree of Ocular Damage Caused by 60 GHz Millimeter Wave Exposure.,https://pubmed.ncbi.nlm.nih.gov/39222016/,in_vivo/dosimetrie_exposition/2024_39222016_effects-of-high-temperature-and-high-humidity-on-t.md
37833400,10.1038/s41598-023-44572-y,2023,in_vivo,dosimetrie_exposition,,Scientific reports,Parameter variation effects on millimeter wave dosimetry based on precise skin thickness in real rats.,https://pubmed.ncbi.nlm.nih.gov/37833400/,in_vivo/dosimetrie_exposition/2023_37833400_parameter-variation-effects-on-millimeter-wave-dos.md
35485721,10.1002/bem.22403,2022,in_vivo,dosimetrie_exposition,,Bioelectromagnetics,In Vivo Functional Ultrasound (fUS) Real-Time Imaging and Dosimetry of Mice Brain Under Radiofrequency Exposure.,https://pubmed.ncbi.nlm.nih.gov/35485721/,in_vivo/dosimetrie_exposition/2022_35485721_in-vivo-functional-ultrasound-fus-real-time-imagin.md
31949179,10.1038/s41598-019-56948-0,2020,in_vivo,dosimetrie_exposition,,Scientific reports,Radio-Frequency Electromagnetic Field Exposure of Western Honey Bees.,https://pubmed.ncbi.nlm.nih.gov/31949179/,in_vivo/dosimetrie_exposition/2020_31949179_radio-frequency-electromagnetic-field-exposure-of.md
30718744,10.1038/s41598-018-37874-z,2019,in_vivo,dosimetrie_exposition,,Scientific reports,Decreased dopamine in striatum and difficult locomotor recovery from MPTP insult after exposure to radiofrequency electromagnetic fields.,https://pubmed.ncbi.nlm.nih.gov/30718744/,in_vivo/dosimetrie_exposition/2019_30718744_decreased-dopamine-in-striatum-and-difficult-locom.md
25259622,10.3109/15368378.2014.960086,2016,in_vivo,dosimetrie_exposition,,Electromagnetic biology and medicine,A reverberation chamber for rodents' exposure to wideband radiofrequency electromagnetic fields with different small-scale fading distributions.,https://pubmed.ncbi.nlm.nih.gov/25259622/,in_vivo/dosimetrie_exposition/2016_25259622_a-reverberation-chamber-for-rodents-exposure-to-wi.md
26769169,10.1002/bem.21950,2016,in_vivo,dosimetrie_exposition,,Bioelectromagnetics,Desktop exposure system and dosimetry for small scale in vivo radiofrequency exposure experiments.,https://pubmed.ncbi.nlm.nih.gov/26769169/,in_vivo/dosimetrie_exposition/2016_26769169_desktop-exposure-system-and-dosimetry-for-small-sc.md
25747364,10.1016/j.scitotenv.2015.02.077,2015,in_vivo,dosimetrie_exposition,,The Science of the total environment,Anthropogenic radiofrequency electromagnetic fields as an emerging threat to wildlife orientation.,https://pubmed.ncbi.nlm.nih.gov/25747364/,in_vivo/dosimetrie_exposition/2015_25747364_anthropogenic-radiofrequency-electromagnetic-field.md
24760629,10.1007/s12013-014-9968-6,2014,in_vivo,dosimetrie_exposition,,Cell biochemistry and biophysics,Effects of 900 MHz radiofrequency radiation on skin hydroxyproline contents.,https://pubmed.ncbi.nlm.nih.gov/24760629/,in_vivo/dosimetrie_exposition/2014_24760629_effects-of-900-mhz-radiofrequency-radiation-on-ski.md
23206266,10.3109/09553002.2013.754557,2013,in_vivo,dosimetrie_exposition,,International journal of radiation biology,Effects of low level electromagnetic field exposure at 2.45 GHz on rat cornea.,https://pubmed.ncbi.nlm.nih.gov/23206266/,in_vivo/dosimetrie_exposition/2013_23206266_effects-of-low-level-electromagnetic-field-exposur.md
24069603,10.1155/2013/812641,2013,in_vivo,dosimetrie_exposition,,BioMed research international,Neuroprotective effect of ginseng against alteration of calcium binding proteins immunoreactivity in the mice hippocampus after radiofrequency exposure.,https://pubmed.ncbi.nlm.nih.gov/24069603/,in_vivo/dosimetrie_exposition/2013_24069603_neuroprotective-effect-of-ginseng-against-alterati.md
19968972,10.1016/j.brainres.2009.11.079,2010,in_vivo,dosimetrie_exposition,,Brain research,Effect of 835 MHz radiofrequency radiation exposure on calcium binding proteins in the hippocampus of the mouse brain.,https://pubmed.ncbi.nlm.nih.gov/19968972/,in_vivo/dosimetrie_exposition/2010_19968972_effect-of-835-mhz-radiofrequency-radiation-exposur.md
19603498,10.1002/syn.20684,2009,in_vivo,dosimetrie_exposition,neuro_comportement_cognition,"Synapse (New York, N.Y.)",Abnormality of synaptic vesicular associated proteins in cerebral cortex and hippocampus after microwave exposure.,https://pubmed.ncbi.nlm.nih.gov/19603498/,in_vivo/dosimetrie_exposition/2009_19603498_abnormality-of-synaptic-vesicular-associated-prote.md
4023174,,1985,in_vivo,dosimetrie_exposition,,Radiation research,"Effects of 20-MHz radiofrequency radiation on rat hematology, splenic function, and serum chemistry.",https://pubmed.ncbi.nlm.nih.gov/4023174/,in_vivo/dosimetrie_exposition/1985_4023174_effects-of-20-mhz-radiofrequency-radiation-on-rat.md
6514713,10.3181/00379727-177-41960,1984,in_vivo,dosimetrie_exposition,thermique,"Proceedings of the Society for Experimental Biology and Medicine. Society for Experimental Biology and Medicine (New York, N.Y.)",Heart rate changes due to 5.6-GHz radiofrequency radiation: relation to average power density.,https://pubmed.ncbi.nlm.nih.gov/6514713/,in_vivo/dosimetrie_exposition/1984_6514713_heart-rate-changes-due-to-5-6-ghz-radiofrequency-r.md
557906,10.2105/ajph.67.4.367,1977,in_vivo,dosimetrie_exposition,,American journal of public health,Detergent toxicity survey.,https://pubmed.ncbi.nlm.nih.gov/557906/,in_vivo/dosimetrie_exposition/1977_557906_detergent-toxicity-survey.md
42621506,10.3389/fvets.2026.1842779,2026,in_vivo,eeg_sommeil,neuro_comportement_cognition,,Environmental enrichment reduces displacements and reorganises circadian patterns: a putative indicator of positive welfare in dairy calves.,https://pubmed.ncbi.nlm.nih.gov/42621506/,in_vivo/eeg_sommeil/2026_42621506_environmental-enrichment-reduces-displacements-and.md
39912376,10.1002/bem.70000,2025,in_vivo,eeg_sommeil,,,Impact of Microwave Exposure on Cynomolgus Monkeys: EEG and ECG Analysis.,https://pubmed.ncbi.nlm.nih.gov/39912376/,in_vivo/eeg_sommeil/2025_39912376_impact-of-microwave-exposure-on-cynomolgus-monkeys.md
33440456,10.1002/bem.22318,2021,in_vivo,eeg_sommeil,stress_oxydatif;apoptose_mitochondrie;dosimetrie_exposition,Bioelectromagnetics,Effects of 2600 MHz Radiofrequency Radiation in Brain Tissue of Male Wistar Rats and Neuroprotective Effects of Melatonin.,https://pubmed.ncbi.nlm.nih.gov/33440456/,in_vivo/eeg_sommeil/2021_33440456_effects-of-2600-mhz-radiofrequency-radiation-in-br.md
31706765,10.1016/j.envpol.2019.113461,2020,in_vivo,eeg_sommeil,,"Environmental pollution (Barking, Essex : 1987)","Effects of co-exposure to 900 MHz radiofrequency electromagnetic fields and high-level noise on sleep, weight, and food intake parameters in juvenile rats.",https://pubmed.ncbi.nlm.nih.gov/31706765/,in_vivo/eeg_sommeil/2020_31706765_effects-of-co-exposure-to-900-mhz-radiofrequency-e.md
24905635,10.1371/journal.pone.0099007,2014,in_vivo,eeg_sommeil,neuro_comportement_cognition;dosimetrie_exposition,PloS one,Does exposure to a radiofrequency electromagnetic field modify thermal preference in juvenile rats?,https://pubmed.ncbi.nlm.nih.gov/24905635/,in_vivo/eeg_sommeil/2014_24905635_does-exposure-to-a-radiofrequency-electromagnetic.md
21996712,10.1177/0748233711420468,2012,in_vivo,eeg_sommeil,,Toxicology and industrial health,"Effects of electromagnetic radiation from 3G mobile phone on heart rate, blood pressure and ECG parameters in rats.",https://pubmed.ncbi.nlm.nih.gov/21996712/,in_vivo/eeg_sommeil/2012_21996712_effects-of-electromagnetic-radiation-from-3g-mobil.md
15941010,10.1191/0748233704th207oa,2004,in_vivo,eeg_sommeil,,Toxicology and industrial health,Prevention of mobile phone induced skin tissue changes by melatonin in rat: an experimental study.,https://pubmed.ncbi.nlm.nih.gov/15941010/,in_vivo/eeg_sommeil/2004_15941010_prevention-of-mobile-phone-induced-skin-tissue-cha.md
14603472,10.1002/bem.10172,2003,in_vivo,eeg_sommeil,,Bioelectromagnetics,GSM modulated radiofrequency radiation does not affect 6-sulfatoxymelatonin excretion of rats.,https://pubmed.ncbi.nlm.nih.gov/14603472/,in_vivo/eeg_sommeil/2003_14603472_gsm-modulated-radiofrequency-radiation-does-not-af.md
9261542,10.1002/(sici)1521-186x(1997)18:6<446::aid-bem7>3.0.co;2-2,1997,in_vivo,eeg_sommeil,genotoxicite_epigenetique;dosimetrie_exposition,Bioelectromagnetics,Melatonin and a spin-trap compound block radiofrequency electromagnetic radiation-induced DNA strand breaks in rat brain cells.,https://pubmed.ncbi.nlm.nih.gov/9261542/,in_vivo/eeg_sommeil/1997_9261542_melatonin-and-a-spin-trap-compound-block-radiofreq.md
41553929,10.1177/09592989251407753,2026,in_vivo,general,,Bio-medical materials and engineering,Effect of fat thickness on subcutaneous temperature field under monopolar radiofrequency.,https://pubmed.ncbi.nlm.nih.gov/41553929/,in_vivo/general/2026_41553929_effect-of-fat-thickness-on-subcutaneous-temperatur.md
41606259,10.1038/s41598-026-37701-w,2026,in_vivo,general,,Scientific reports,Assessment of thyroid iodine accumulation following repeated iodinated contrast media administration using dual-energy computed tomography in a rabbit model.,https://pubmed.ncbi.nlm.nih.gov/41606259/,in_vivo/general/2026_41606259_assessment-of-thyroid-iodine-accumulation-followin.md
41622597,10.1111/vru.70142,2026,in_vivo,general,,Veterinary radiology & ultrasound : the official journal of the American College of Veterinary Radiology and the International Veterinary Radiology Association,Analysis of Dual-Energy Computed Tomography Imaging for the Evaluation of Lymph Node Metastasis in Canine Anal Sac Gland Adenocarcinoma: A Case Report.,https://pubmed.ncbi.nlm.nih.gov/41622597/,in_vivo/general/2026_41622597_analysis-of-dual-energy-computed-tomography-imagin.md
41633038,10.1088/1361-6560/ae4164,2026,in_vivo,general,,Physics in medicine and biology,Regional ventilation imaging in normal and bronchoconstrictedin vivorabbit lungs using dynamic shuttle mode Xe-enhanced DECT imaging.,https://pubmed.ncbi.nlm.nih.gov/41633038/,in_vivo/general/2026_41633038_regional-ventilation-imaging-in-normal-and-broncho.md
41707050,10.1002/mp.70332,2026,in_vivo,general,,Medical physics,120 kVp Single-Energy CT calibration for radiation treatment planning by cross-calibration with Dual-Energy CT using biological phantoms.,https://pubmed.ncbi.nlm.nih.gov/41707050/,in_vivo/general/2026_41707050_120-kvp-single-energy-ct-calibration-for-radiation.md
41786740,10.1038/s41598-026-35429-1,2026,in_vivo,general,,,"Design, green synthesis, and bioevaluation of 1,3-thiazole-sulfonamide hybrids as antimicrobial and anti-inflammatory agent.",https://pubmed.ncbi.nlm.nih.gov/41786740/,in_vivo/general/2026_41786740_design-green-synthesis-and-bioevaluation-of-1-3-th.md
41798619,10.3389/fcvm.2026.1724889,2026,in_vivo,general,,Frontiers in cardiovascular medicine,Correction: Hypothesis: ultrasonography can document dynamic in-vivo rouleaux formation due to mobile phone exposure.,https://pubmed.ncbi.nlm.nih.gov/41798619/,in_vivo/general/2026_41798619_correction-hypothesis-ultrasonography-can-document.md
41926377,10.1371/journal.pone.0346498,2026,in_vivo,general,,,Correction: Genetic profiling of rat gliomas and cardiac schwannomas from life-time radiofrequency radiation exposure study using a targeted next-generation sequencing gene panel.,https://pubmed.ncbi.nlm.nih.gov/41926377/,in_vivo/general/2026_41926377_correction-genetic-profiling-of-rat-gliomas-and-ca.md
41974168,10.1088/1361-6560/ae5ebb,2026,in_vivo,general,,Physics in medicine and biology,Micro CT calibration accuracy for pre-clinical studies in ion therapy.,https://pubmed.ncbi.nlm.nih.gov/41974168/,in_vivo/general/2026_41974168_micro-ct-calibration-accuracy-for-pre-clinical-stu.md
42018272,10.1186/s41747-026-00711-4,2026,in_vivo,general,,European radiology experimental,Dual-energy CT fusion imaging improves ice-ball visualization in bone during spinal cryoablation in porcine cadavers.,https://pubmed.ncbi.nlm.nih.gov/42018272/,in_vivo/general/2026_42018272_dual-energy-ct-fusion-imaging-improves-ice-ball-vi.md
42020475,10.1038/s41598-025-29528-8,2026,in_vivo,general,,,Species-specific impacts of radiofrequency exposure on the structural and morphological characteristics of Aedes aegypti and Aedes albopictus eggs.,https://pubmed.ncbi.nlm.nih.gov/42020475/,in_vivo/general/2026_42020475_species-specific-impacts-of-radiofrequency-exposur.md
42066503,10.1016/j.apradiso.2026.112631,2026,in_vivo,general,,,Development of a dual-energy CBCT calibration method for accurate electron density estimation in preclinical small-animal proton therapy dose planning.,https://pubmed.ncbi.nlm.nih.gov/42066503/,in_vivo/general/2026_42066503_development-of-a-dual-energy-cbct-calibration-meth.md
42197226,10.3390/molecules31101672,2026,in_vivo,general,,,Sustainable Valorization of Grape-Leaf-Based Flavonoid Natural Dye Molecules for Eco-Friendly Wool Yarn Dyeing.,https://pubmed.ncbi.nlm.nih.gov/42197226/,in_vivo/general/2026_42197226_sustainable-valorization-of-grape-leaf-based-flavo.md
42683518,10.1098/rsif.2026.0502,2026,in_vivo,general,,,An energy-difference indicator for improved quantification of bone mineral density using dual-energy CT.,https://pubmed.ncbi.nlm.nih.gov/42683518/,in_vivo/general/2026_42683518_an-energy-difference-indicator-for-improved-quanti.md
42776981,10.1371/journal.pone.0358839,2026,in_vivo,general,,,How fast can PPRV spread? Analyzing the results of an experimental PPRV infection of goats equipped with Ultra-Wideband sensors.,https://pubmed.ncbi.nlm.nih.gov/42776981/,in_vivo/general/2026_42776981_how-fast-can-pprv-spread-analyzing-the-results-of.md
PPR1215129,10.64898/2026.04.09.717366,2026,in_vivo,general,,,THE COMPARATIVE STUDY OF THE EFFECT OF LOW-INTENSITY BROADBAND AND LOW-INTENSITY PULSED ULTRASOUND ON THE AMPUTATIONAL MODEL OF WOUND,https://doi.org/10.64898/2026.04.09.717366,in_vivo/general/2026_PPR1215129_the-comparative-study-of-the-effect-of-low-intensi.md
PPR1286608,10.64898/2026.07.23.740082,2026,in_vivo,general,,,A candidate electromagnetic channel for coordination between physically separated Drosophila,https://doi.org/10.64898/2026.07.23.740082,in_vivo/general/2026_PPR1286608_a-candidate-electromagnetic-channel-for-coordinati.md
39564560,10.1109/ojemb.2024.3420247,2025,in_vivo,general,,,Scalable Neuroanatomical and Behavioral Phenotyping of Radio Frequency Radiation on Young Zebrafish.,https://pubmed.ncbi.nlm.nih.gov/39564560/,in_vivo/general/2025_39564560_scalable-neuroanatomical-and-behavioral-phenotypin.md
39604818,10.1002/advs.202409979,2025,in_vivo,general,,,Emodin Enhanced Microwave-Responsive Heterojunction with Powerful Bactericidal Capacity and Immunoregulation for Curing Bacteria-Infected Osteomyelitis.,https://pubmed.ncbi.nlm.nih.gov/39604818/,in_vivo/general/2025_39604818_emodin-enhanced-microwave-responsive-heterojunctio.md
39814783,10.1038/s41598-025-85376-6,2025,in_vivo,general,,,Selected microwave irradiation effectively inactivates airborne avian influenza A(H5N1) virus.,https://pubmed.ncbi.nlm.nih.gov/39814783/,in_vivo/general/2025_39814783_selected-microwave-irradiation-effectively-inactiv.md
40007868,10.3389/fcvm.2025.1499499,2025,in_vivo,general,,,Hypothesis: ultrasonography can document dynamic &lt;i&gt;in vivo&lt;/i&gt; rouleaux formation due to mobile phone exposure.,https://pubmed.ncbi.nlm.nih.gov/40007868/,in_vivo/general/2025_40007868_hypothesis-ultrasonography-can-document-dynamic-lt.md
40279225,10.1109/tmi.2025.3564521,2025,in_vivo,general,,,Monitoring Knee Health: Ultra-Wideband Radar Imaging for Early Detection of Osteoarthritis.,https://pubmed.ncbi.nlm.nih.gov/40279225/,in_vivo/general/2025_40279225_monitoring-knee-health-ultra-wideband-radar-imagin.md
40374718,10.1038/s41598-025-01896-1,2025,in_vivo,general,,,Electromagnetic waves destabilize the SARS-CoV-2 Spike protein and reduce SARS-CoV-2 Virus-Like particle (SC2-VLP) infectivity.,https://pubmed.ncbi.nlm.nih.gov/40374718/,in_vivo/general/2025_40374718_electromagnetic-waves-destabilize-the-sars-cov-2-s.md
40465999,10.1590/1806-9282.20241812,2025,in_vivo,general,,,Effect of short-term extremely low-frequency electromagnetic field on respiratory functions.,https://pubmed.ncbi.nlm.nih.gov/40465999/,in_vivo/general/2025_40465999_effect-of-short-term-extremely-low-frequency-elect.md
40824955,10.1371/journal.pone.0330270,2025,in_vivo,general,,PloS one,Tasmanian devil whale optimization (TDWO) is introduced for secure video transmission in 5G networks.,https://pubmed.ncbi.nlm.nih.gov/40824955/,in_vivo/general/2025_40824955_tasmanian-devil-whale-optimization-tdwo-is-introdu.md
40835646,10.1038/s41598-025-09383-3,2025,in_vivo,general,,,Combined effects of constant temperature and radio frequency exposure on Aedes mosquito development.,https://pubmed.ncbi.nlm.nih.gov/40835646/,in_vivo/general/2025_40835646_combined-effects-of-constant-temperature-and-radio.md
40914080,10.1016/j.ecoenv.2025.119016,2025,in_vivo,general,,,Multi-frequency electromagnetic radiation promoted hepatic lipid metabolism via the adiponectin pathway in mice.,https://pubmed.ncbi.nlm.nih.gov/40914080/,in_vivo/general/2025_40914080_multi-frequency-electromagnetic-radiation-promoted.md
38461548,10.1093/jrr/rrae004,2024,in_vivo,general,,Journal of radiation research,Modeling of a tissue expander with a radiofrequency identification port in postmastectomy radiation therapy planning.,https://pubmed.ncbi.nlm.nih.gov/38461548/,in_vivo/general/2024_38461548_modeling-of-a-tissue-expander-with-a-radiofrequenc.md
39057677,10.3390/metabo14070354,2024,in_vivo,general,,,Microwave Radiation Caused Dynamic Metabolic Fluctuations in the Mammalian Hippocampus.,https://pubmed.ncbi.nlm.nih.gov/39057677/,in_vivo/general/2024_39057677_microwave-radiation-caused-dynamic-metabolic-fluct.md
39150372,10.1089/photob.2024.0062,2024,in_vivo,general,,"Photobiomodulation, photomedicine, and laser surgery",Lens Fragmentation with Picosecond Laser Pulses After Artificial Cataract Induction with Microwaves.,https://pubmed.ncbi.nlm.nih.gov/39150372/,in_vivo/general/2024_39150372_lens-fragmentation-with-picosecond-laser-pulses-af.md
39497584,10.26355/eurrev_202410_36864,2024,in_vivo,general,,,The effects of radiofrequency electromagnetic radiation emitted by mobile phones on rat parotid gland histology - an experimental study.,https://pubmed.ncbi.nlm.nih.gov/39497584/,in_vivo/general/2024_39497584_the-effects-of-radiofrequency-electromagnetic-radi.md
39737009,10.5455/ovj.2024.v14.i11.12,2024,in_vivo,general,,,Hematological and thermographical changes in rat's model exposed to long-term RF modulated signals.,https://pubmed.ncbi.nlm.nih.gov/39737009/,in_vivo/general/2024_39737009_hematological-and-thermographical-changes-in-rat-s.md
39809214,10.1097/md.0000000000040341,2024,in_vivo,general,,,Inactivation of β-coronavirus MHV-A59 by 2.8 GHz microwave.,https://pubmed.ncbi.nlm.nih.gov/39809214/,in_vivo/general/2024_39809214_inactivation-of-coronavirus-mhv-a59-by-2-8-ghz-mic.md
36480583,10.1097/hp.0000000000001625,2023,in_vivo,general,,,Biological Effects of Radiofrequency Electromagnetic Fields above 100 MHz on Fauna and Flora: Workshop Report.,https://pubmed.ncbi.nlm.nih.gov/36480583/,in_vivo/general/2023_36480583_biological-effects-of-radiofrequency-electromagnet.md
37451545,10.1016/j.jconrel.2023.07.022,2023,in_vivo,general,,Journal of controlled release : official journal of the Controlled Release Society,Hydrogel device for analgesic drugs with in-situ loading and polymerization.,https://pubmed.ncbi.nlm.nih.gov/37451545/,in_vivo/general/2023_37451545_hydrogel-device-for-analgesic-drugs-with-in-situ-l.md
34984797,10.1002/tox.23447,2022,in_vivo,general,,Environmental toxicology,Effects of mobile phone electromagnetic radiation on rat hippocampus proteome.,https://pubmed.ncbi.nlm.nih.gov/34984797/,in_vivo/general/2022_34984797_effects-of-mobile-phone-electromagnetic-radiation.md
35408043,10.3390/s22072428,2022,in_vivo,general,,"Sensors (Basel, Switzerland)",Passive Millimeter-Wave Imaging for Burns Diagnostics under Dressing Materials.,https://pubmed.ncbi.nlm.nih.gov/35408043/,in_vivo/general/2022_35408043_passive-millimeter-wave-imaging-for-burns-diagnost.md
35416258,10.5137/1019-5149.jtn.35313-21.2,2022,in_vivo,general,,,Stereological Study on the Effect of Carnosine on of Purkinje Cells in the Cerebellum of Rats Exposed to 900 MHz Electromagnetic Field.,https://pubmed.ncbi.nlm.nih.gov/35416258/,in_vivo/general/2022_35416258_stereological-study-on-the-effect-of-carnosine-on.md
35635293,10.1111/vde.13080,2022,in_vivo,general,,Veterinary dermatology,Evaluation of cold atmospheric microwave plasma on skin physiological parameters and tolerability in dogs.,https://pubmed.ncbi.nlm.nih.gov/35635293/,in_vivo/general/2022_35635293_evaluation-of-cold-atmospheric-microwave-plasma-on.md
36313415,10.31661/jbpe.v0i0.1271,2022,in_vivo,general,,,Pre-Exposure to Radiofrequency Electromagnetic Fields and Induction of Radioadaptive Response in Rats Irradiated with High Doses of X-Rays.,https://pubmed.ncbi.nlm.nih.gov/36313415/,in_vivo/general/2022_36313415_pre-exposure-to-radiofrequency-electromagnetic-fie.md
PPR449229,10.21203/rs.3.rs-1276651/v1,2022,in_vivo,general,,,900 MHz Electromagnetic Fields Induce Microbiota Dysbiosis and Adaptive Immune System Disorders in Juvenile Rats,https://doi.org/10.21203/rs.3.rs-1276651/v1,in_vivo/general/2022_PPR449229_900-mhz-electromagnetic-fields-induce-microbiota-d.md
34321810,10.4103/jets.jets_142_20,2021,in_vivo,general,,,Microwave Treatment of Cold Injuries.,https://pubmed.ncbi.nlm.nih.gov/34321810/,in_vivo/general/2021_34321810_microwave-treatment-of-cold-injuries.md
34451253,10.3390/polym13162716,2021,in_vivo,general,,Polymers,Microwave Enabled Physically Cross Linked Sodium Alginate and Pectin Film and Their Application in Combination with Modified Chitosan-Curcumin Nanoparticles. A Novel Strategy for 2nd Degree Burns Wound Healing in Animals.,https://pubmed.ncbi.nlm.nih.gov/34451253/,in_vivo/general/2021_34451253_microwave-enabled-physically-cross-linked-sodium-a.md
34796005,10.17691/stm2020.12.5.06,2021,in_vivo,general,,Sovremennye tekhnologii v meditsine,Near-Field Resonance Microwave Sounding to Study Dielectric Properties of Different Skin Areas (Experimental Study).,https://pubmed.ncbi.nlm.nih.gov/34796005/,in_vivo/general/2021_34796005_near-field-resonance-microwave-sounding-to-study-d.md
32423875,10.1016/j.ijpharm.2020.119416,2020,in_vivo,general,,International journal of pharmaceutics,Transdermal insulin delivery with microwave and fatty acids as permeation enhancers.,https://pubmed.ncbi.nlm.nih.gov/32423875/,in_vivo/general/2020_32423875_transdermal-insulin-delivery-with-microwave-and-fa.md
33150143,10.2147/RRU.S257365,2020,in_vivo,general,,Research and reports in urology,Combined Effects of Radiofrequency Electromagnetic Fields and X-Ray in Renal Tissue and Function.,https://pubmed.ncbi.nlm.nih.gov/33150143/,in_vivo/general/2020_33150143_combined-effects-of-radiofrequency-electromagnetic.md
30674958,10.1038/s41598-018-36868-1,2019,in_vivo,general,,Scientific reports,Early exposure to radiofrequency electromagnetic fields at 1850 MHz affects auditory circuits in early postnatal mice.,https://pubmed.ncbi.nlm.nih.gov/30674958/,in_vivo/general/2019_30674958_early-exposure-to-radiofrequency-electromagnetic-f.md
31277437,10.3390/s19132950,2019,in_vivo,general,,"Sensors (Basel, Switzerland)",Assessment of Bandaged Burn Wounds Using Porcine Skin and Millimetric Radiometry.,https://pubmed.ncbi.nlm.nih.gov/31277437/,in_vivo/general/2019_31277437_assessment-of-bandaged-burn-wounds-using-porcine-s.md
29564413,10.1016/j.joco.2017.08.010,2018,in_vivo,general,,Journal of current ophthalmology,The effects of microwave radiation on rabbit's retina.,https://pubmed.ncbi.nlm.nih.gov/29564413/,in_vivo/general/2018_29564413_the-effects-of-microwave-radiation-on-rabbit-s-ret.md
30627371,10.22038/ijbms.2018.29567.7133,2018,in_vivo,general,,Iranian journal of basic medical sciences,Exposure to cell phone radiofrequency changes corticotrophin hormone levels and histology of the brain and adrenal glands in male Wistar rat.,https://pubmed.ncbi.nlm.nih.gov/30627371/,in_vivo/general/2018_30627371_exposure-to-cell-phone-radiofrequency-changes-cort.md
27901344,10.1139/cjpp-2016-0218,2017,in_vivo,general,,Canadian journal of physiology and pharmacology,Effect of electromagnetic waves from mobile phone on immune status of male rats: possible protective role of vitamin D.,https://pubmed.ncbi.nlm.nih.gov/27901344/,in_vivo/general/2017_27901344_effect-of-electromagnetic-waves-from-mobile-phone.md
28228326,10.1016/j.bjorl.2016.12.002,2017,in_vivo,general,,Brazilian journal of otorhinolaryngology,Effects of exposure to 2100MHz GSM-like radiofrequency electromagnetic field on auditory system of rats.,https://pubmed.ncbi.nlm.nih.gov/28228326/,in_vivo/general/2017_28228326_effects-of-exposure-to-2100mhz-gsm-like-radiofrequ.md
28254481,10.1016/j.jep.2017.02.033,2017,in_vivo,general,,Journal of ethnopharmacology,Effects of the combined Herba Epimedii and Fructus Ligustri Lucidi on bone turnover and TGF-β1/Smads pathway in GIOP rats.,https://pubmed.ncbi.nlm.nih.gov/28254481/,in_vivo/general/2017_28254481_effects-of-the-combined-herba-epimedii-and-fructus.md
28497084,10.15171/jrip.2017.20,2017,in_vivo,general,,Journal of renal injury prevention,Effects of radiofrequency radiation in the presence of gold nanoparticles for the treatment of renal cell carcinoma.,https://pubmed.ncbi.nlm.nih.gov/28497084/,in_vivo/general/2017_28497084_effects-of-radiofrequency-radiation-in-the-presenc.md
28978441,10.1016/j.bpj.2017.07.031,2017,in_vivo,general,,Biophysical journal,Disruption of Magnetic Compass Orientation in Migratory Birds by Radiofrequency Electromagnetic Fields.,https://pubmed.ncbi.nlm.nih.gov/28978441/,in_vivo/general/2017_28978441_disruption-of-magnetic-compass-orientation-in-migr.md
29045446,10.1371/journal.pone.0186416,2017,in_vivo,general,,PloS one,Changes in numbers and size of synaptic vesicles of cortical neurons induced by exposure to 835 MHz radiofrequency-electromagnetic field.,https://pubmed.ncbi.nlm.nih.gov/29045446/,in_vivo/general/2017_29045446_changes-in-numbers-and-size-of-synaptic-vesicles-o.md
29198122,10.4149/BLL_2017_110,2017,in_vivo,general,,Bratislavske lekarske listy,Iron deposition in rabbit cerebellum after exposure to generated and mobile GSM electromagnetic fields.,https://pubmed.ncbi.nlm.nih.gov/29198122/,in_vivo/general/2017_29198122_iron-deposition-in-rabbit-cerebellum-after-exposur.md
26404558,10.1093/jrr/rrv059,2016,in_vivo,general,,Journal of radiation research,Effects of 100-μT extremely low frequency electromagnetic fields exposure on hematograms and blood chemistry in rats.,https://pubmed.ncbi.nlm.nih.gov/26404558/,in_vivo/general/2016_26404558_effects-of-100-t-extremely-low-frequency-electroma.md
27521661,10.1016/j.jcjo.2016.01.012,2016,in_vivo,general,,Canadian journal of ophthalmology. Journal canadien d'ophtalmologie,Porcine cataract creation using formalin or microwave treatment for an ophthalmology wet lab.,https://pubmed.ncbi.nlm.nih.gov/27521661/,in_vivo/general/2016_27521661_porcine-cataract-creation-using-formalin-or-microw.md
27552133,10.1016/j.scitotenv.2016.08.045,2016,in_vivo,general,,The Science of the total environment,Radiofrequency radiation injures trees around mobile phone base stations.,https://pubmed.ncbi.nlm.nih.gov/27552133/,in_vivo/general/2016_27552133_radiofrequency-radiation-injures-trees-around-mobi.md
25456509,10.1016/j.amjoto.2014.10.001,2015,in_vivo,general,,American journal of otolaryngology,The effect of 2100 MHz radiofrequency radiation of a 3G mobile phone on the parotid gland of rats.,https://pubmed.ncbi.nlm.nih.gov/25456509/,in_vivo/general/2015_25456509_the-effect-of-2100-mhz-radiofrequency-radiation-of.md
25683579,10.1038/srep08471,2015,in_vivo,general,,Scientific reports,The Energy Metabolism in Caenorhabditis elegans under The Extremely Low-Frequency Electromagnetic Field Exposure.,https://pubmed.ncbi.nlm.nih.gov/25683579/,in_vivo/general/2015_25683579_the-energy-metabolism-in-caenorhabditis-elegans-un.md
25794803,10.1016/j.jep.2015.03.025,2015,in_vivo,general,,Journal of ethnopharmacology,Urinary metabonomics elucidate the therapeutic mechanism of Orthosiphon stamineus in mouse crystal-induced kidney injury.,https://pubmed.ncbi.nlm.nih.gov/25794803/,in_vivo/general/2015_25794803_urinary-metabonomics-elucidate-the-therapeutic-mec.md
25885019,10.1002/alr.21509,2015,in_vivo,general,,International forum of allergy & rhinology,The effects of 2100-MHz radiofrequency radiation on nasal mucosa and mucociliary clearance in rats.,https://pubmed.ncbi.nlm.nih.gov/25885019/,in_vivo/general/2015_25885019_the-effects-of-2100-mhz-radiofrequency-radiation-o.md
24910582,10.2203/dose-response.12-055.Mortazavi,2014,in_vivo,general,,Dose-response : a publication of International Hormesis Society,Non-linear adaptive phenomena which decrease the risk of infection after pre-exposure to radiofrequency radiation.,https://pubmed.ncbi.nlm.nih.gov/24910582/,in_vivo/general/2014_24910582_non-linear-adaptive-phenomena-which-decrease-the-r.md
25256206,10.1002/bem.21880,2014,in_vivo,general,,Bioelectromagnetics,Effects of GSM-modulated 900 MHz radiofrequency electromagnetic fields on the hematopoietic potential of mouse bone marrow cells.,https://pubmed.ncbi.nlm.nih.gov/25256206/,in_vivo/general/2014_25256206_effects-of-gsm-modulated-900-mhz-radiofrequency-el.md
25402465,10.1371/journal.pone.0112139,2014,in_vivo,general,,PloS one,Diverse radiofrequency sensitivity and radiofrequency effects of mobile or cordless phone near fields exposure in Drosophila melanogaster.,https://pubmed.ncbi.nlm.nih.gov/25402465/,in_vivo/general/2014_25402465_diverse-radiofrequency-sensitivity-and-radiofreque.md
22697803,10.1111/j.1600-0846.2012.00629.x,2013,in_vivo,general,,Skin research and technology : official journal of International Society for Bioengineering and the Skin (ISBS) [and] International Society for Digital Imaging of Skin (ISDIS) [and] International Society for Skin Imaging (ISSI),Analysis of human skin tissue by millimeter-wave reflectometry.,https://pubmed.ncbi.nlm.nih.gov/22697803/,in_vivo/general/2013_22697803_analysis-of-human-skin-tissue-by-millimeter-wave-r.md
23741349,10.1371/journal.pone.0064606,2013,in_vivo,general,,PloS one,Detection of subclinical synovial inflammation by microwave radiometry.,https://pubmed.ncbi.nlm.nih.gov/23741349/,in_vivo/general/2013_23741349_detection-of-subclinical-synovial-inflammation-by.md
19230827,10.1016/j.brainres.2009.02.011,2009,in_vivo,general,,Brain research,900 MHz electromagnetic field exposure affects qualitative and quantitative features of hippocampal pyramidal cells in the adult female rat.,https://pubmed.ncbi.nlm.nih.gov/19230827/,in_vivo/general/2009_19230827_900-mhz-electromagnetic-field-exposure-affects-qua.md
19138032,10.1667/RR1213.1,2008,in_vivo,general,,Radiation research,Effects of GSM-modulated radiofrequency electromagnetic fields on mouse bone marrow cells.,https://pubmed.ncbi.nlm.nih.gov/19138032/,in_vivo/general/2008_19138032_effects-of-gsm-modulated-radiofrequency-electromag.md
17878443,10.1093/ps/86.10.2139,2007,in_vivo,general,,Poultry science,Antagonistic effect of electromagnetic field exposure on coccidiosis infection in broiler chickens.,https://pubmed.ncbi.nlm.nih.gov/17878443/,in_vivo/general/2007_17878443_antagonistic-effect-of-electromagnetic-field-expos.md
16037958,10.1002/bem.20127,2005,in_vivo,general,,Bioelectromagnetics,Effects of 900 MHz electromagnetic fields exposure on cochlear cells' functionality in rats: evaluation of distortion product otoacoustic emissions.,https://pubmed.ncbi.nlm.nih.gov/16037958/,in_vivo/general/2005_16037958_effects-of-900-mhz-electromagnetic-fields-exposure.md
11793400,10.1002/bem.92,2002,in_vivo,general,,Bioelectromagnetics,Effect of short duration electromagnetic field exposures on rat mass.,https://pubmed.ncbi.nlm.nih.gov/11793400/,in_vivo/general/2002_11793400_effect-of-short-duration-electromagnetic-field-exp.md
11948603,10.1002/bem.10008,2002,in_vivo,general,,Bioelectromagnetics,Effects of exposure to low level radiofrequency fields on acetylcholine release in hippocampus of freely moving rats.,https://pubmed.ncbi.nlm.nih.gov/11948603/,in_vivo/general/2002_11948603_effects-of-exposure-to-low-level-radiofrequency-fi.md
11604062,10.1667/0033-7587(2001)156[0495:eoetmr]2.0.co;2,2001,in_vivo,general,,Radiation research,Effect of exposure to 900 MHz radiofrequency radiation on intrachromosomal recombination in pKZ1 mice.,https://pubmed.ncbi.nlm.nih.gov/11604062/,in_vivo/general/2001_11604062_effect-of-exposure-to-900-mhz-radiofrequency-radia.md
7677792,10.1002/bem.2250160304,1995,in_vivo,general,,Bioelectromagnetics,Absorbed energy distribution from radiofrequency electromagnetic radiation in a mammalian cell model: effect of membrane-bound water.,https://pubmed.ncbi.nlm.nih.gov/7677792/,in_vivo/general/1995_7677792_absorbed-energy-distribution-from-radiofrequency-e.md
7960475,10.3109/00207459408986001,1994,in_vivo,general,,The International journal of neuroscience,Noradrenergic innervation and receptor responses of cardiovascular tissues from young and aged rats after acute microwave exposure.,https://pubmed.ncbi.nlm.nih.gov/7960475/,in_vivo/general/1994_7960475_noradrenergic-innervation-and-receptor-responses-o.md
2488031,,1989,in_vivo,general,,Lens and eye toxicity research,Effects of microwave radiation on the eye: the occupational health perspective.,https://pubmed.ncbi.nlm.nih.gov/2488031/,in_vivo/general/1989_2488031_effects-of-microwave-radiation-on-the-eye-the-occu.md
2529231,10.1097/00004032-198910000-00004,1989,in_vivo,general,,Health physics,Microwave cataract and litigation: a case study.,https://pubmed.ncbi.nlm.nih.gov/2529231/,in_vivo/general/1989_2529231_microwave-cataract-and-litigation-a-case-study.md
2791254,10.1161/01.cir.80.4.962,1989,in_vivo,general,,Circulation,Control of radiofrequency lesion size by power regulation.,https://pubmed.ncbi.nlm.nih.gov/2791254/,in_vivo/general/1989_2791254_control-of-radiofrequency-lesion-size-by-power-reg.md
3396666,10.1016/0014-4800(88)90018-4,1988,in_vivo,general,,Experimental and molecular pathology,Effects of radiofrequency radiation on rabbit kidney: a morphological and immunological study.,https://pubmed.ncbi.nlm.nih.gov/3396666/,in_vivo/general/1988_3396666_effects-of-radiofrequency-radiation-on-rabbit-kidn.md
3847509,10.1080/16070658.1985.11720274,1985,in_vivo,general,,The Journal of microwave power and electromagnetic energy : a publication of the International Microwave Power Institute,Can microwave/radiofrequency radiation (RFR) burns be distinguished from conventional burns?,https://pubmed.ncbi.nlm.nih.gov/3847509/,in_vivo/general/1985_3847509_can-microwave-radiofrequency-radiation-rfr-burns-b.md
6693262,10.1097/00004032-198402000-00007,1984,in_vivo,general,,Health physics,Whole-body and local dosimetry in rats exposed to 2.45-GHz microwave radiation.,https://pubmed.ncbi.nlm.nih.gov/6693262/,in_vivo/general/1984_6693262_whole-body-and-local-dosimetry-in-rats-exposed-to.md
6857309,10.1097/00007611-198306000-00021,1983,in_vivo,general,,Southern medical journal,Medical aspects of exposure to radiofrequency radiation including microwaves.,https://pubmed.ncbi.nlm.nih.gov/6857309/,in_vivo/general/1983_6857309_medical-aspects-of-exposure-to-radiofrequency-radi.md
7082790,,1982,in_vivo,general,,Biulleten' eksperimental'noi biologii i meditsiny,[Ultracytochemical changes in the brain and liver in exposure to low-intensity nonionizing microwave radiation].,https://pubmed.ncbi.nlm.nih.gov/7082790/,in_vivo/general/1982_7082790_ultracytochemical-changes-in-the-brain-and-liver-i.md
7306224,10.1002/bem.2250020309,1981,in_vivo,general,,Bioelectromagnetics,Biological effects of long-term exposure of rats to 970-MHz radiofrequency radiation.,https://pubmed.ncbi.nlm.nih.gov/7306224/,in_vivo/general/1981_7306224_biological-effects-of-long-term-exposure-of-rats-t.md
311482,,1979,in_vivo,general,,Radiation research,Radiofrequency radiation alters the immune system: modulation of T- and B-lymphocyte levels and cell-mediated immunocompetence by hyperthermic radiation.,https://pubmed.ncbi.nlm.nih.gov/311482/,in_vivo/general/1979_311482_radiofrequency-radiation-alters-the-immune-system.md
41527296,10.1093/toxsci/kfag002,2026,in_vivo,genotoxicite_epigenetique,cancer;dosimetrie_exposition,,The International Collaborative Animal Study of mobile phone radiofrequency radiation carcinogenicity and genotoxicity: the Japanese study.,https://pubmed.ncbi.nlm.nih.gov/41527296/,in_vivo/genotoxicite_epigenetique/2026_41527296_the-international-collaborative-animal-study-of-mo.md
41546387,10.1093/toxsci/kfag001,2026,in_vivo,genotoxicite_epigenetique,cancer;thermique;dosimetrie_exposition,,The International Collaborative Animal Study of the carcinogenicity and genotoxicity of mobile phone radiofrequency radiation: the Korean study.,https://pubmed.ncbi.nlm.nih.gov/41546387/,in_vivo/genotoxicite_epigenetique/2026_41546387_the-international-collaborative-animal-study-of-th.md
40141434,10.3390/ijms26062792,2025,in_vivo,genotoxicite_epigenetique,neurodeveloppement;dosimetrie_exposition,,"5G Radiofrequency Exposure Reduces &lt;i&gt;PRDM16&lt;/i&gt; and &lt;i&gt;C/EBP β&lt;/i&gt; mRNA Expression, Two Key Biomarkers for Brown Adipogenesis.",https://pubmed.ncbi.nlm.nih.gov/40141434/,in_vivo/genotoxicite_epigenetique/2025_40141434_5g-radiofrequency-exposure-reduces-lt-i-gt-prdm16.md
40655943,10.3389/fcell.2025.1579121,2025,in_vivo,genotoxicite_epigenetique,,,Single-cell analysis reveals the spatiotemporal effects of long-term electromagnetic field exposure on the liver.,https://pubmed.ncbi.nlm.nih.gov/40655943/,in_vivo/genotoxicite_epigenetique/2025_40655943_single-cell-analysis-reveals-the-spatiotemporal-ef.md
39167261,10.1007/s00436-024-08326-7,2024,in_vivo,genotoxicite_epigenetique,,,Anthropogenic electromagnetic radiation alters the transcription levels of the genes encoding the SIFamide and myoinhibitory peptide and their receptors in Ixodes ricinus synganglion.,https://pubmed.ncbi.nlm.nih.gov/39167261/,in_vivo/genotoxicite_epigenetique/2024_39167261_anthropogenic-electromagnetic-radiation-alters-the.md
39305050,10.1080/15368378.2024.2401554,2024,in_vivo,genotoxicite_epigenetique,apoptose_mitochondrie;dosimetrie_exposition,,Radiofrequency field inhibits RANKL-induced osteoclast differentiation in RAW264.7 cells via modulating the NF-κB signaling pathway.,https://pubmed.ncbi.nlm.nih.gov/39305050/,in_vivo/genotoxicite_epigenetique/2024_39305050_radiofrequency-field-inhibits-rankl-induced-osteoc.md
36833719,10.3390/ijerph20043025,2023,in_vivo,genotoxicite_epigenetique,neuro_comportement_cognition,,Pilot Study of the Long-Term Effects of Radiofrequency Electromagnetic Radiation Exposure on the Mouse Brain.,https://pubmed.ncbi.nlm.nih.gov/36833719/,in_vivo/genotoxicite_epigenetique/2023_36833719_pilot-study-of-the-long-term-effects-of-radiofrequ.md
34747063,10.1111/vde.13030,2022,in_vivo,genotoxicite_epigenetique,,Veterinary dermatology,In vitro antibacterial and antibiofilm effects of cold atmospheric microwave plasma against Pseudomonas aeruginosa causing canine skin and ear infections.,https://pubmed.ncbi.nlm.nih.gov/34747063/,in_vivo/genotoxicite_epigenetique/2022_34747063_in-vitro-antibacterial-and-antibiofilm-effects-of.md
34896224,10.1016/j.envpol.2021.118646,2022,in_vivo,genotoxicite_epigenetique,stress_oxydatif,"Environmental pollution (Barking, Essex : 1987)",3.5-GHz radiofrequency electromagnetic radiation promotes the development of Drosophila melanogaster.,https://pubmed.ncbi.nlm.nih.gov/34896224/,in_vivo/genotoxicite_epigenetique/2022_34896224_3-5-ghz-radiofrequency-electromagnetic-radiation-p.md
35435088,10.1080/15368378.2022.2065682,2022,in_vivo,genotoxicite_epigenetique,,Electromagnetic biology and medicine,Role of 2.4 GHz radiofrequency radiation emitted from Wi-Fi on some miRNA and faty acids composition in brain.,https://pubmed.ncbi.nlm.nih.gov/35435088/,in_vivo/genotoxicite_epigenetique/2022_35435088_role-of-2-4-ghz-radiofrequency-radiation-emitted-f.md
36505009,10.3389/fpubh.2022.1000840,2022,in_vivo,genotoxicite_epigenetique,,,Low-level EMF effects on wildlife and plants: What research tells us about an ecosystem approach.,https://pubmed.ncbi.nlm.nih.gov/36505009/,in_vivo/genotoxicite_epigenetique/2022_36505009_low-level-emf-effects-on-wildlife-and-plants-what.md
33035560,10.1016/j.envres.2020.110297,2021,in_vivo,genotoxicite_epigenetique,dosimetrie_exposition,,Effect of mobile phone signal radiation on epigenetic modulation in the hippocampus of Wistar rat.,https://pubmed.ncbi.nlm.nih.gov/33035560/,in_vivo/genotoxicite_epigenetique/2021_33035560_effect-of-mobile-phone-signal-radiation-on-epigene.md
33368426,10.1002/bem.22315,2021,in_vivo,genotoxicite_epigenetique,stress_oxydatif;dosimetrie_exposition,Bioelectromagnetics,Effects of Low-Intensity Microwave Radiation on Oxidant-Antioxidant Parameters and DNA Damage in the Liver of Rats.,https://pubmed.ncbi.nlm.nih.gov/33368426/,in_vivo/genotoxicite_epigenetique/2021_33368426_effects-of-low-intensity-microwave-radiation-on-ox.md
34957312,10.1155/2021/3985697,2021,in_vivo,genotoxicite_epigenetique,dosimetrie_exposition,,Abnormal Expression of Connexin43 in Cardiac Injury Induced by S-Band and X-Band Microwave Exposure in Rats.,https://pubmed.ncbi.nlm.nih.gov/34957312/,in_vivo/genotoxicite_epigenetique/2021_34957312_abnormal-expression-of-connexin43-in-cardiac-injur.md
31633839,10.1002/em.22343,2020,in_vivo,genotoxicite_epigenetique,cancer,Environmental and molecular mutagenesis,Evaluation of the genotoxicity of cell phone radiofrequency radiation in male and female rats and mice following subchronic exposure.,https://pubmed.ncbi.nlm.nih.gov/31633839/,in_vivo/genotoxicite_epigenetique/2020_31633839_evaluation-of-the-genotoxicity-of-cell-phone-radio.md
32200527,10.1007/s12640-020-00191-3,2020,in_vivo,genotoxicite_epigenetique,neuroinflammation;dosimetrie_exposition,,Effects of a Single Head Exposure to GSM-1800 MHz Signals on the Transcriptome Profile in the Rat Cerebral Cortex: Enhanced Gene Responses Under Proinflammatory Conditions.,https://pubmed.ncbi.nlm.nih.gov/32200527/,in_vivo/genotoxicite_epigenetique/2020_32200527_effects-of-a-single-head-exposure-to-gsm-1800-mhz.md
32647192,10.1038/s41598-020-67165-5,2020,in_vivo,genotoxicite_epigenetique,,Scientific reports,Arabidopsis cryptochrome is responsive to Radiofrequency (RF) electromagnetic fields.,https://pubmed.ncbi.nlm.nih.gov/32647192/,in_vivo/genotoxicite_epigenetique/2020_32647192_arabidopsis-cryptochrome-is-responsive-to-radiofre.md
33109858,10.4103/0028-3886.294554,2020,in_vivo,genotoxicite_epigenetique,stress_oxydatif;dosimetrie_exposition,Neurology India,Exposure of Radiofrequency Electromagnetic Radiation on Biochemical and Pathological Alterations.,https://pubmed.ncbi.nlm.nih.gov/33109858/,in_vivo/genotoxicite_epigenetique/2020_33109858_exposure-of-radiofrequency-electromagnetic-radiati.md
30721430,10.1007/s11356-019-04377-x,2019,in_vivo,genotoxicite_epigenetique,,,Activation of endoplasmic reticulum stress in rat brain following low-intensity microwave exposure.,https://pubmed.ncbi.nlm.nih.gov/30721430/,in_vivo/genotoxicite_epigenetique/2019_30721430_activation-of-endoplasmic-reticulum-stress-in-rat.md
29528766,10.1080/09553002.2018.1450534,2018,in_vivo,genotoxicite_epigenetique,,International journal of radiation biology,Assessment of genotoxicity and genomic instability in rat primary astrocytes exposed to 872 MHz radiofrequency radiation and chemicals.,https://pubmed.ncbi.nlm.nih.gov/29528766/,in_vivo/genotoxicite_epigenetique/2018_29528766_assessment-of-genotoxicity-and-genomic-instability.md
28451581,10.1002/bem.20305,2017,in_vivo,genotoxicite_epigenetique,cancer,Journal of biomedical physics & engineering,Effect of Exposure to 900 MHz GSM Mobile Phone Radiofrequency Radiation on Estrogen Receptor Methylation Status in Colon Cells of Male Sprague Dawley Rats.,https://pubmed.ncbi.nlm.nih.gov/28451581/,in_vivo/genotoxicite_epigenetique/2017_28451581_effect-of-exposure-to-900-mhz-gsm-mobile-phone-rad.md
28665795,10.1515/aiht-2017-68-2928,2017,in_vivo,genotoxicite_epigenetique,stress_oxydatif,Arhiv za higijenu rada i toksikologiju,Electromagnetic fields at a mobile phone frequency (900 MHz) trigger the onset of general stress response along with DNA modifications in Eisenia fetida earthworms.,https://pubmed.ncbi.nlm.nih.gov/28665795/,in_vivo/genotoxicite_epigenetique/2017_28665795_electromagnetic-fields-at-a-mobile-phone-frequency.md
27857169,10.1038/srep37423,2016,in_vivo,genotoxicite_epigenetique,,Scientific reports,Mobile phone signal exposure triggers a hormesis-like effect in Atm+/+ and Atm-/- mouse embryonic fibroblasts.,https://pubmed.ncbi.nlm.nih.gov/27857169/,in_vivo/genotoxicite_epigenetique/2016_27857169_mobile-phone-signal-exposure-triggers-a-hormesis-l.md
25529971,10.3109/09553002.2015.997896,2015,in_vivo,genotoxicite_epigenetique,apoptose_mitochondrie;dosimetrie_exposition,International journal of radiation biology,Long term and excessive use of 900 MHz radiofrequency radiation alter microRNA expression in brain.,https://pubmed.ncbi.nlm.nih.gov/25529971/,in_vivo/genotoxicite_epigenetique/2015_25529971_long-term-and-excessive-use-of-900-mhz-radiofreque.md
25688995,10.1667/RR13851.1,2015,in_vivo,genotoxicite_epigenetique,apoptose_mitochondrie;cancer;dosimetrie_exposition,Radiation research,Comparison of the genotoxic effects induced by 50 Hz extremely low-frequency electromagnetic fields and 1800 MHz radiofrequency electromagnetic fields in GC-2 cells.,https://pubmed.ncbi.nlm.nih.gov/25688995/,in_vivo/genotoxicite_epigenetique/2015_25688995_comparison-of-the-genotoxic-effects-induced-by-50.md
25775055,10.3109/09553002.2015.1028599,2015,in_vivo,genotoxicite_epigenetique,apoptose_mitochondrie,International journal of radiation biology,Effects of 2.4 GHz radiofrequency radiation emitted from Wi-Fi equipment on microRNA expression in brain tissue.,https://pubmed.ncbi.nlm.nih.gov/25775055/,in_vivo/genotoxicite_epigenetique/2015_25775055_effects-of-2-4-ghz-radiofrequency-radiation-emitte.md
23526156,10.1007/s12013-013-9560-5,2013,in_vivo,genotoxicite_epigenetique,apoptose_mitochondrie;reproduction,Cell biochemistry and biophysics,ELF alternating magnetic field decreases reproduction by DNA damage induction.,https://pubmed.ncbi.nlm.nih.gov/23526156/,in_vivo/genotoxicite_epigenetique/2013_23526156_elf-alternating-magnetic-field-decreases-reproduct.md
23718180,10.3109/09553002.2013.809170,2013,in_vivo,genotoxicite_epigenetique,neurodeveloppement;cancer;dosimetrie_exposition,International journal of radiation biology,Evaluation of the cytogenotoxic damage in immature and mature rats exposed to 900 MHz radiofrequency electromagnetic fields.,https://pubmed.ncbi.nlm.nih.gov/23718180/,in_vivo/genotoxicite_epigenetique/2013_23718180_evaluation-of-the-cytogenotoxic-damage-in-immature.md
23786497,10.3109/09553002.2013.817699,2013,in_vivo,genotoxicite_epigenetique,apoptose_mitochondrie,International journal of radiation biology,p25/CDK5 is partially involved in neuronal injury induced by radiofrequency electromagnetic field exposure.,https://pubmed.ncbi.nlm.nih.gov/23786497/,in_vivo/genotoxicite_epigenetique/2013_23786497_p25-cdk5-is-partially-involved-in-neuronal-injury.md
23833433,10.4103/0971-6580.111549,2013,in_vivo,genotoxicite_epigenetique,dosimetrie_exposition,,Detection of Low Level Microwave Radiation Induced Deoxyribonucleic Acid Damage Vis-à-vis Genotoxicity in Brain of Fischer Rats.,https://pubmed.ncbi.nlm.nih.gov/23833433/,in_vivo/genotoxicite_epigenetique/2013_23833433_detection-of-low-level-microwave-radiation-induced.md
22012856,10.1002/bem.20704,2012,in_vivo,genotoxicite_epigenetique,,Bioelectromagnetics,Effect of pulsed electromagnetic field exposure on adenosine receptors in rat brain.,https://pubmed.ncbi.nlm.nih.gov/22012856/,in_vivo/genotoxicite_epigenetique/2012_22012856_effect-of-pulsed-electromagnetic-field-exposure-on.md
22145622,10.3109/09553002.2012.646349,2012,in_vivo,genotoxicite_epigenetique,stress_oxydatif;neurodeveloppement,International journal of radiation biology,The effect of radiofrequency radiation on DNA and lipid damage in female and male infant rabbits.,https://pubmed.ncbi.nlm.nih.gov/22145622/,in_vivo/genotoxicite_epigenetique/2012_22145622_the-effect-of-radiofrequency-radiation-on-dna-and.md
21050077,10.3109/09553002.2010.518212,2011,in_vivo,genotoxicite_epigenetique,dosimetrie_exposition,International journal of radiation biology,Evaluation of hematopoietic system effects after in vitro radiofrequency radiation exposure in rats.,https://pubmed.ncbi.nlm.nih.gov/21050077/,in_vivo/genotoxicite_epigenetique/2011_21050077_evaluation-of-hematopoietic-system-effects-after-i.md
22397269,,2011,in_vivo,genotoxicite_epigenetique,thermique;dosimetrie_exposition,Collegium antropologicum,"Effect of electromagnetic radiofrequency radiation on the rats' brain, liver and kidney cells measured by comet assay.",https://pubmed.ncbi.nlm.nih.gov/22397269/,in_vivo/genotoxicite_epigenetique/2011_22397269_effect-of-electromagnetic-radiofrequency-radiation.md
20955816,10.1016/j.mrrev.2010.10.001,2010,in_vivo,genotoxicite_epigenetique,neuro_comportement_cognition;cancer;thermique,Mutation research,In vitro and in vivo genotoxicity of radiofrequency fields.,https://pubmed.ncbi.nlm.nih.gov/20955816/,in_vivo/genotoxicite_epigenetique/2010_20955816_in-vitro-and-in-vivo-genotoxicity-of-radiofrequenc.md
19285841,10.1016/j.pathophys.2008.11.004,2009,in_vivo,genotoxicite_epigenetique,,Pathophysiology : the official journal of the International Society for Pathophysiology,Genotoxic effects of radiofrequency electromagnetic fields.,https://pubmed.ncbi.nlm.nih.gov/19285841/,in_vivo/genotoxicite_epigenetique/2009_19285841_genotoxic-effects-of-radiofrequency-electromagneti.md
17575948,10.1080/09553000601169800,2007,in_vivo,genotoxicite_epigenetique,dosimetrie_exposition,International journal of radiation biology,Micronucleus frequency in erythrocytes of mice after long-term exposure to radiofrequency radiation.,https://pubmed.ncbi.nlm.nih.gov/17575948/,in_vivo/genotoxicite_epigenetique/2007_17575948_micronucleus-frequency-in-erythrocytes-of-mice-aft.md
15618796,10.1097/00000542-200501000-00021,2005,in_vivo,genotoxicite_epigenetique,thermique,Anesthesiology,Pulsed and continuous radiofrequency current adjacent to the cervical dorsal root ganglion of the rat induces late cellular activity in the dorsal horn.,https://pubmed.ncbi.nlm.nih.gov/15618796/,in_vivo/genotoxicite_epigenetique/2005_15618796_pulsed-and-continuous-radiofrequency-current-adjac.md
16187745,10.1667/rr3440.1,2005,in_vivo,genotoxicite_epigenetique,thermique,Radiation research,Effects of 1-week and 6-week exposure to GSM/DCS radiofrequency radiation on micronucleus formation in B6C3F1 mice.,https://pubmed.ncbi.nlm.nih.gov/16187745/,in_vivo/genotoxicite_epigenetique/2005_16187745_effects-of-1-week-and-6-week-exposure-to-gsm-dcs-r.md
11683981,10.1080/09553000110069100,2001,in_vivo,genotoxicite_epigenetique,dosimetrie_exposition,International journal of radiation biology,Micronuclei in the peripheral blood and bone marrow cells of rats exposed to 2450 MHz radiofrequency radiation.,https://pubmed.ncbi.nlm.nih.gov/11683981/,in_vivo/genotoxicite_epigenetique/2001_11683981_micronuclei-in-the-peripheral-blood-and-bone-marro.md
9496895,,1998,in_vivo,genotoxicite_epigenetique,,Radiation research,"Correction of an error in calculation in the article ""Frequency of micronuclei in the peripheral blood and bone marrow of cancer-prone mice chronically exposed to 2450 MHz radiofrequency radiation"" (Radiat. Res. 147, 495-500, 1997).",https://pubmed.ncbi.nlm.nih.gov/9496895/,in_vivo/genotoxicite_epigenetique/1998_9496895_correction-of-an-error-in-calculation-in-the-artic.md
9092931,,1997,in_vivo,genotoxicite_epigenetique,dosimetrie_exposition,Radiation research,Frequency of micronuclei in the peripheral blood and bone marrow of cancer-prone mice chronically exposed to 2450 MHz radiofrequency radiation.,https://pubmed.ncbi.nlm.nih.gov/9092931/,in_vivo/genotoxicite_epigenetique/1997_9092931_frequency-of-micronuclei-in-the-peripheral-blood-a.md
8627134,10.1080/095530096145814,1996,in_vivo,genotoxicite_epigenetique,dosimetrie_exposition,International journal of radiation biology,Single- and double-strand DNA breaks in rat brain cells after acute exposure to radiofrequency electromagnetic radiation.,https://pubmed.ncbi.nlm.nih.gov/8627134/,in_vivo/genotoxicite_epigenetique/1996_8627134_single-and-double-strand-dna-breaks-in-rat-brain-c.md
41208067,10.2174/0118715230381640250905045919,2026,in_vivo,neuro_comportement_cognition,,Anti-inflammatory & anti-allergy agents in medicinal chemistry,Development and Evaluation of Antifungal Activity of Carbopol and Neem Seed Oil-Based Organogels.,https://pubmed.ncbi.nlm.nih.gov/41208067/,in_vivo/neuro_comportement_cognition/2026_41208067_development-and-evaluation-of-antifungal-activity.md
41391574,10.1016/j.reprotox.2025.109139,2026,in_vivo,neuro_comportement_cognition,reproduction;genotoxicite_epigenetique,"Reproductive toxicology (Elmsford, N.Y.)",Effects of paternal 5G RFR exposure on health of male offspring mice.,https://pubmed.ncbi.nlm.nih.gov/41391574/,in_vivo/neuro_comportement_cognition/2026_41391574_effects-of-paternal-5g-rfr-exposure-on-health-of-m.md
41435697,10.1016/j.psj.2025.106304,2026,in_vivo,neuro_comportement_cognition,,Poultry science,Automated tracking of broiler breeder activity and functional area use in a commercial housing system: differences between sexes and time of day.,https://pubmed.ncbi.nlm.nih.gov/41435697/,in_vivo/neuro_comportement_cognition/2026_41435697_automated-tracking-of-broiler-breeder-activity-and.md
41508565,10.1021/acsabm.5c01638,2026,in_vivo,neuro_comportement_cognition,stress_oxydatif,ACS applied bio materials,"Natural Polymer-Based Adhesive Film for Rapid Wound Healing: In Vitro and In Vivo Approach Ensuring Antibacterial, Anti-inflammatory, and Hemostatic Profiles.",https://pubmed.ncbi.nlm.nih.gov/41508565/,in_vivo/neuro_comportement_cognition/2026_41508565_natural-polymer-based-adhesive-film-for-rapid-woun.md
41643305,10.1016/j.ecoenv.2026.119818,2026,in_vivo,neuro_comportement_cognition,barriere_hemato_encephalique;dosimetrie_exposition,Ecotoxicology and environmental safety,Single and combined microwave induced anxiety-like behavior via NLRP3 dependent neuronal pyroptosis in hippocampus and amygdala in mice.,https://pubmed.ncbi.nlm.nih.gov/41643305/,in_vivo/neuro_comportement_cognition/2026_41643305_single-and-combined-microwave-induced-anxiety-like.md
41774678,10.1021/acssensors.5c04094,2026,in_vivo,neuro_comportement_cognition,,,Contactless and Wireless Wound Monitoring Using Nitrogen-Doped Graphene Antenna Sensor.,https://pubmed.ncbi.nlm.nih.gov/41774678/,in_vivo/neuro_comportement_cognition/2026_41774678_contactless-and-wireless-wound-monitoring-using-ni.md
42052766,10.31083/JIN48640,2026,in_vivo,neuro_comportement_cognition,,Journal of integrative neuroscience,Involvement of the Primary Auditory Cortex-Basolateral Amygdala Circuit in Altered Conditioned Fear Memory Retrieval Following Electromagnetic Field Exposure in Mice.,https://pubmed.ncbi.nlm.nih.gov/42052766/,in_vivo/neuro_comportement_cognition/2026_42052766_involvement-of-the-primary-auditory-cortex-basolat.md
42106547,10.1007/s10495-026-02356-5,2026,in_vivo,neuro_comportement_cognition,,Apoptosis : an international journal on programmed cell death,Gut microbiota-tryptophan-serotonin axis drives anxiety-like behavior via NLRP3-mediated neuronal pyroptosis in the medial prefrontal cortex.,https://pubmed.ncbi.nlm.nih.gov/42106547/,in_vivo/neuro_comportement_cognition/2026_42106547_gut-microbiota-tryptophan-serotonin-axis-drives-an.md
42197786,10.3390/s26102977,2026,in_vivo,neuro_comportement_cognition,,"Sensors (Basel, Switzerland)","Virtual Mice, Real Errors: A Sensor-Aware Generative Framework for In Silico Ethology.",https://pubmed.ncbi.nlm.nih.gov/42197786/,in_vivo/neuro_comportement_cognition/2026_42197786_virtual-mice-real-errors-a-sensor-aware-generative.md
42346148,10.3390/cells15121121,2026,in_vivo,neuro_comportement_cognition,neuroinflammation;stress_oxydatif,,Microwave Radiation Remodels Hippocampal Astrocytes Subpopulations and Intercellular Communication at Single-Cell Resolution.,https://pubmed.ncbi.nlm.nih.gov/42346148/,in_vivo/neuro_comportement_cognition/2026_42346148_microwave-radiation-remodels-hippocampal-astrocyte.md
42509784,10.3390/biom16070990,2026,in_vivo,neuro_comportement_cognition,,,Sensitive Molecules Involved in Spatial Learning and Memory Impairment of Mice Induced by 4.3 GHz Microwave Radiation.,https://pubmed.ncbi.nlm.nih.gov/42509784/,in_vivo/neuro_comportement_cognition/2026_42509784_sensitive-molecules-involved-in-spatial-learning-a.md
42566258,10.1080/09553002.2026.2708930,2026,in_vivo,neuro_comportement_cognition,plasticite_synaptique;genotoxicite_epigenetique;thermique,,"Chronic 3.5 GHz radiofrequency exposure is associated with behavioral, molecular, and histopathological changes in the rat hippocampus.",https://pubmed.ncbi.nlm.nih.gov/42566258/,in_vivo/neuro_comportement_cognition/2026_42566258_chronic-3-5-ghz-radiofrequency-exposure-is-associa.md
42613487,10.3758/s13428-026-03132-8,2026,in_vivo,neuro_comportement_cognition,,,Linking signal integrity to probabilistic models of behavioral dynamics.,https://pubmed.ncbi.nlm.nih.gov/42613487/,in_vivo/neuro_comportement_cognition/2026_42613487_linking-signal-integrity-to-probabilistic-models-o.md
42653107,10.3390/ijms27167102,2026,in_vivo,neuro_comportement_cognition,reproduction,,Differential Effects of 3.5 GHz and 24 GHz 5G Radiofrequency Exposure on Male Sexual Behaviour and Reproductive Endocrine Function in Rats.,https://pubmed.ncbi.nlm.nih.gov/42653107/,in_vivo/neuro_comportement_cognition/2026_42653107_differential-effects-of-3-5-ghz-and-24-ghz-5g-radi.md
42715823,10.1016/j.rvsc.2026.106391,2026,in_vivo,neuro_comportement_cognition,,,Evaluation of machine learning models for predicting mastitis in dairy cows using dielectric properties and other milk quality parameters.,https://pubmed.ncbi.nlm.nih.gov/42715823/,in_vivo/neuro_comportement_cognition/2026_42715823_evaluation-of-machine-learning-models-for-predicti.md
39866417,10.1016/j.heliyon.2025.e41626,2025,in_vivo,neuro_comportement_cognition,eeg_sommeil;plasticite_synaptique;apoptose_mitochondrie,,Compound exposure of 2.8 GHz and 9.3 GHz microwave causes learning and memory impairment in rats.,https://pubmed.ncbi.nlm.nih.gov/39866417/,in_vivo/neuro_comportement_cognition/2025_39866417_compound-exposure-of-2-8-ghz-and-9-3-ghz-microwave.md
39999628,10.1016/j.ecoenv.2025.117907,2025,in_vivo,neuro_comportement_cognition,plasticite_synaptique;genotoxicite_epigenetique,,Mechanistic insights into microwave radiation induced cognitive impairments: The role of m&lt;sup&gt;6&lt;/sup&gt;A epigenetic modifications and HNRNPA2B1 in TrkB regulation.,https://pubmed.ncbi.nlm.nih.gov/39999628/,in_vivo/neuro_comportement_cognition/2025_39999628_mechanistic-insights-into-microwave-radiation-indu.md
40141104,10.3390/ijms26062459,2025,in_vivo,neuro_comportement_cognition,genotoxicite_epigenetique;apoptose_mitochondrie;plasticite_synaptique,,Repeated Head Exposures to a 5G-3.5 GHz Signal Do Not Alter Behavior but Modify Intracortical Gene Expression in Adult Male Mice.,https://pubmed.ncbi.nlm.nih.gov/40141104/,in_vivo/neuro_comportement_cognition/2025_40141104_repeated-head-exposures-to-a-5g-3-5-ghz-signal-do.md
40669659,10.1016/j.envpol.2025.126836,2025,in_vivo,neuro_comportement_cognition,,"Environmental pollution (Barking, Essex : 1987)",Radiofrequency electromagnetic fields reduce bumble bee visitation to flowers.,https://pubmed.ncbi.nlm.nih.gov/40669659/,in_vivo/neuro_comportement_cognition/2025_40669659_radiofrequency-electromagnetic-fields-reduce-bumbl.md
40682671,10.1007/s11064-025-04480-1,2025,in_vivo,neuro_comportement_cognition,plasticite_synaptique;neurodeveloppement;dosimetrie_exposition,,Research on the Correlation between BDNF Val76Met Polymorphism and Susceptibility to Changes of Cognitive Function in Rats Induced by Microwave Radiation.,https://pubmed.ncbi.nlm.nih.gov/40682671/,in_vivo/neuro_comportement_cognition/2025_40682671_research-on-the-correlation-between-bdnf-val76met.md
40806176,10.3390/ijms26157038,2025,in_vivo,neuro_comportement_cognition,,,In-Depth Analysis of Chlorophyll Fluorescence Rise Kinetics Reveals Interference Effects of a Radiofrequency Electromagnetic Field (RF-EMF) on Plant Hormetic Responses to Drought Stress.,https://pubmed.ncbi.nlm.nih.gov/40806176/,in_vivo/neuro_comportement_cognition/2025_40806176_in-depth-analysis-of-chlorophyll-fluorescence-rise.md
40827634,10.1039/d4fo04752d,2025,in_vivo,neuro_comportement_cognition,stress_oxydatif;plasticite_synaptique,,"Theaflavin-3,3'-digallate prevents radiofrequency radiation-induced learning and memory impairment in mice &lt;i&gt;via&lt;/i&gt; regulating GSK-3α/GRα/RORα/BMAL1 expression.",https://pubmed.ncbi.nlm.nih.gov/40827634/,in_vivo/neuro_comportement_cognition/2025_40827634_theaflavin-3-3-digallate-prevents-radiofrequency-r.md
41216642,10.1002/bdr2.2546,2025,in_vivo,neuro_comportement_cognition,neurodeveloppement;stress_oxydatif,Birth defects research,Expression Pattern Alterations of the Brain KCC2 Chloride Transporter in Male Rats Following Postnatal Extremely Low-Frequency Electromagnetic Field Exposure Associated With Behavioral Outcomes.,https://pubmed.ncbi.nlm.nih.gov/41216642/,in_vivo/neuro_comportement_cognition/2025_41216642_expression-pattern-alterations-of-the-brain-kcc2-c.md
38199355,10.1016/j.scitotenv.2023.169475,2024,in_vivo,neuro_comportement_cognition,neurodeveloppement,The Science of the total environment,Effects of 700 and 3500 MHz 5G radiofrequency exposure on developing zebrafish embryos.,https://pubmed.ncbi.nlm.nih.gov/38199355/,in_vivo/neuro_comportement_cognition/2024_38199355_effects-of-700-and-3500-mhz-5g-radiofrequency-expo.md
38347014,10.1038/s41598-024-53842-2,2024,in_vivo,neuro_comportement_cognition,dosimetrie_exposition,,Effects of radiofrequency field from 5G communication on fecal microbiome and metabolome profiles in mice.,https://pubmed.ncbi.nlm.nih.gov/38347014/,in_vivo/neuro_comportement_cognition/2024_38347014_effects-of-radiofrequency-field-from-5g-communicat.md
38412167,10.1371/journal.pone.0298738,2024,in_vivo,neuro_comportement_cognition,thermique,,The impact of radiofrequency exposure on Aedes aegypti (Diptera: Culicidae) development.,https://pubmed.ncbi.nlm.nih.gov/38412167/,in_vivo/neuro_comportement_cognition/2024_38412167_the-impact-of-radiofrequency-exposure-on-aedes-aeg.md
38608899,10.1016/j.scitotenv.2024.172391,2024,in_vivo,neuro_comportement_cognition,,,Intestinal microbiota via NLRP3 inflammasome dependent neuronal pyroptosis mediates anxiety-like behaviour in mice exposed to 3.5 GHz radiofrequency radiation.,https://pubmed.ncbi.nlm.nih.gov/38608899/,in_vivo/neuro_comportement_cognition/2024_38608899_intestinal-microbiota-via-nlrp3-inflammasome-depen.md
38704416,10.1038/s41598-024-60862-5,2024,in_vivo,neuro_comportement_cognition,dosimetrie_exposition,,The effect of exposure to RF-EMF from the laboratory simulator of 5G NR base station on physiological parameters and cognitive abilities of male wistar rats of different ages.,https://pubmed.ncbi.nlm.nih.gov/38704416/,in_vivo/neuro_comportement_cognition/2024_38704416_the-effect-of-exposure-to-rf-emf-from-the-laborato.md
38734994,10.1080/15368378.2024.2352429,2024,in_vivo,neuro_comportement_cognition,neurodeveloppement;stress_oxydatif;dosimetrie_exposition,,Effects of non-ionizing radio frequency electromagnetic radiation on the development and behavior of early embryos of <i>Danio rerio</i>.,https://pubmed.ncbi.nlm.nih.gov/38734994/,in_vivo/neuro_comportement_cognition/2024_38734994_effects-of-non-ionizing-radio-frequency-electromag.md
38790420,10.3390/brainsci14050441,2024,in_vivo,neuro_comportement_cognition,neurodeveloppement,,Mechanism of Microwave Radiation-Induced Learning and Memory Impairment Based on Hippocampal Metabolomics.,https://pubmed.ncbi.nlm.nih.gov/38790420/,in_vivo/neuro_comportement_cognition/2024_38790420_mechanism-of-microwave-radiation-induced-learning.md
39060318,10.1038/s41598-024-68103-5,2024,in_vivo,neuro_comportement_cognition,neurodeveloppement;plasticite_synaptique,,Maternal linalool treatment protects against radiofrequency wave-induced deteriorations in adolescent rats: A behavioral and electrophysiological study.,https://pubmed.ncbi.nlm.nih.gov/39060318/,in_vivo/neuro_comportement_cognition/2024_39060318_maternal-linalool-treatment-protects-against-radio.md
39201275,10.3390/ijms25168589,2024,in_vivo,neuro_comportement_cognition,plasticite_synaptique;neurodeveloppement;dosimetrie_exposition,International journal of molecular sciences,Exposure to Radiofrequency Induces Synaptic Dysfunction in Cortical Neurons Causing Learning and Memory Alteration in Early Postnatal Mice.,https://pubmed.ncbi.nlm.nih.gov/39201275/,in_vivo/neuro_comportement_cognition/2024_39201275_exposure-to-radiofrequency-induces-synaptic-dysfun.md
39335468,10.3390/biomedicines12091954,2024,in_vivo,neuro_comportement_cognition,,,Effects of Head-Only Exposure to 900 MHz GSM Electromagnetic Fields in Rats: Changes in Neuronal Activity as Revealed by c-Fos Imaging without Concomitant Cognitive Impairments.,https://pubmed.ncbi.nlm.nih.gov/39335468/,in_vivo/neuro_comportement_cognition/2024_39335468_effects-of-head-only-exposure-to-900-mhz-gsm-elect.md
39452115,10.3390/biology13100806,2024,in_vivo,neuro_comportement_cognition,dosimetrie_exposition,,Effects of 4.9 GHz Radiofrequency Field Exposure on Brain Metabolomic and Proteomic Characterization in Mice.,https://pubmed.ncbi.nlm.nih.gov/39452115/,in_vivo/neuro_comportement_cognition/2024_39452115_effects-of-4-9-ghz-radiofrequency-field-exposure-o.md
PPR887007,10.21203/rs.3.rs-4637718/v1,2024,in_vivo,neuro_comportement_cognition,,,Effects of 2.4 GHz radiofrequency electromagnetic field exposure on hippocampal proteins in APP/PS1 mice,https://doi.org/10.21203/rs.3.rs-4637718/v1,in_vivo/neuro_comportement_cognition/2024_PPR887007_effects-of-2-4-ghz-radiofrequency-electromagnetic.md
PPR957511,10.1101/2024.12.13.628345,2024,in_vivo,neuro_comportement_cognition,genotoxicite_epigenetique;apoptose_mitochondrie;dosimetrie_exposition,,Repeated head-exposures to a 5G-3.5 GHz signal do not alter behavior but modify intracerebral gene expression in adult male mice,https://doi.org/10.1101/2024.12.13.628345,in_vivo/neuro_comportement_cognition/2024_PPR957511_repeated-head-exposures-to-a-5g-3-5-ghz-signal-do.md
36574118,10.1007/s11356-022-24850-4,2023,in_vivo,neuro_comportement_cognition,eeg_sommeil;dosimetrie_exposition,,The dose-dependent effect of 1.5-GHz microwave exposure on spatial memory and the NMDAR pathway in Wistar rats.,https://pubmed.ncbi.nlm.nih.gov/36574118/,in_vivo/neuro_comportement_cognition/2023_36574118_the-dose-dependent-effect-of-1-5-ghz-microwave-exp.md
36755196,10.1002/advs.202205988,2023,in_vivo,neuro_comportement_cognition,plasticite_synaptique,,Effects of Nonthermal Radiofrequency Stimulation on Neuronal Activity and Neural Circuit in Mice.,https://pubmed.ncbi.nlm.nih.gov/36755196/,in_vivo/neuro_comportement_cognition/2023_36755196_effects-of-nonthermal-radiofrequency-stimulation-o.md
36782203,10.1186/s12964-022-01011-1,2023,in_vivo,neuro_comportement_cognition,eeg_sommeil,,"Changes in cognitive function, synaptic structure and protein expression after long-term exposure to 2.856 and 9.375 GHz microwaves.",https://pubmed.ncbi.nlm.nih.gov/36782203/,in_vivo/neuro_comportement_cognition/2023_36782203_changes-in-cognitive-function-synaptic-structure-a.md
36818009,10.31661/jbpe.v0i0.2001-1049,2023,in_vivo,neuro_comportement_cognition,,,Evaluating the Effect of Jammer Radiation on Learning and Memory in Male Rats.,https://pubmed.ncbi.nlm.nih.gov/36818009/,in_vivo/neuro_comportement_cognition/2023_36818009_evaluating-the-effect-of-jammer-radiation-on-learn.md
37030070,10.1016/j.bbrc.2023.03.083,2023,in_vivo,neuro_comportement_cognition,plasticite_synaptique,,900 MHZ electromagnetic field exposure relieved AD-like symptoms on APP/PS1 mice: A potential non-invasive strategy for AD treatment.,https://pubmed.ncbi.nlm.nih.gov/37030070/,in_vivo/neuro_comportement_cognition/2023_37030070_900-mhz-electromagnetic-field-exposure-relieved-ad.md
37118929,10.1002/brb3.3004,2023,in_vivo,neuro_comportement_cognition,plasticite_synaptique;dosimetrie_exposition,,"Biological effects of exposure to 2650 MHz electromagnetic radiation on the behavior, learning, and memory of mice.",https://pubmed.ncbi.nlm.nih.gov/37118929/,in_vivo/neuro_comportement_cognition/2023_37118929_biological-effects-of-exposure-to-2650-mhz-electro.md
37172069,10.1371/journal.pone.0285522,2023,in_vivo,neuro_comportement_cognition,genotoxicite_epigenetique,,Exposure to a 900 MHz electromagnetic field induces a response of the honey bee organism on the level of enzyme activity and the expression of stress-related genes.,https://pubmed.ncbi.nlm.nih.gov/37172069/,in_vivo/neuro_comportement_cognition/2023_37172069_exposure-to-a-900-mhz-electromagnetic-field-induce.md
37391156,10.1016/j.scitotenv.2023.165211,2023,in_vivo,neuro_comportement_cognition,,The Science of the total environment,"Defined exposure of honey bee colonies to simulated radiofrequency electromagnetic fields (RF-EMF): Negative effects on the homing ability, but not on brood development or longevity.",https://pubmed.ncbi.nlm.nih.gov/37391156/,in_vivo/neuro_comportement_cognition/2023_37391156_defined-exposure-of-honey-bee-colonies-to-simulate.md
37508937,10.3390/brainsci13071006,2023,in_vivo,neuro_comportement_cognition,,Brain sciences,Disrupted Topological Organization of Brain Network in Rats with Spatial Memory Impairments Induced by Acute Microwave Radiation.,https://pubmed.ncbi.nlm.nih.gov/37508937/,in_vivo/neuro_comportement_cognition/2023_37508937_disrupted-topological-organization-of-brain-networ.md
35002399,10.1016/j.sjbs.2021.08.063,2022,in_vivo,neuro_comportement_cognition,,Saudi journal of biological sciences,Effect of 2400 MHz mobile phone radiation exposure on the behavior and hippocampus morphology in Swiss mouse model.,https://pubmed.ncbi.nlm.nih.gov/35002399/,in_vivo/neuro_comportement_cognition/2022_35002399_effect-of-2400-mhz-mobile-phone-radiation-exposure.md
35200489,10.3390/gels8020108,2022,in_vivo,neuro_comportement_cognition,barriere_hemato_encephalique,"Gels (Basel, Switzerland)",Nasal Delivery of Cinnarizine Thermo- and Ion-Sensitive In Situ Hydrogels for Treatment of Microwave-Induced Brain Injury.,https://pubmed.ncbi.nlm.nih.gov/35200489/,in_vivo/neuro_comportement_cognition/2022_35200489_nasal-delivery-of-cinnarizine-thermo-and-ion-sensi.md
35228177,,2022,in_vivo,neuro_comportement_cognition,,Pakistan journal of pharmaceutical sciences,"Controlled release floating drug delivery system for proton pump inhibitors lansoprazole: In-vitro, In-vivo floating and pharmacokinetic evaluation.",https://pubmed.ncbi.nlm.nih.gov/35228177/,in_vivo/neuro_comportement_cognition/2022_35228177_controlled-release-floating-drug-delivery-system-f.md
35434172,10.1021/acs.estlett.2c00037,2022,in_vivo,neuro_comportement_cognition,,Environmental science & technology letters,Transcriptomic and Long-Term Behavioral Deficits Associated with Developmental 3.5 GHz Radiofrequency Radiation Exposures in Zebrafish.,https://pubmed.ncbi.nlm.nih.gov/35434172/,in_vivo/neuro_comportement_cognition/2022_35434172_transcriptomic-and-long-term-behavioral-deficits-a.md
35882410,10.3967/bes2022.068,2022,in_vivo,neuro_comportement_cognition,neurodeveloppement,Biomedical and environmental sciences : BES,20-Hydroxyecdysone Improves Neuronal Differentiation of Adult Hippocampal Neural Stem Cells in High Power Microwave Radiation-Exposed Rats.,https://pubmed.ncbi.nlm.nih.gov/35882410/,in_vivo/neuro_comportement_cognition/2022_35882410_20-hydroxyecdysone-improves-neuronal-differentiati.md
36271560,10.1016/j.biopha.2022.113779,2022,in_vivo,neuro_comportement_cognition,,Biomedicine & pharmacotherapy = Biomedecine & pharmacotherapie,Cinnarizine dissolving microneedles against microwave-induced brain injury.,https://pubmed.ncbi.nlm.nih.gov/36271560/,in_vivo/neuro_comportement_cognition/2022_36271560_cinnarizine-dissolving-microneedles-against-microw.md
37041776,10.34172/jlms.2022.52,2022,in_vivo,neuro_comportement_cognition,dosimetrie_exposition,,The Effect of 2.45 GHz Electromagnetic Fields on Fear Memory Extinction in Male Rats.,https://pubmed.ncbi.nlm.nih.gov/37041776/,in_vivo/neuro_comportement_cognition/2022_37041776_the-effect-of-2-45-ghz-electromagnetic-fields-on-f.md
37041777,10.34172/jlms.2022.56,2022,in_vivo,neuro_comportement_cognition,genotoxicite_epigenetique;apoptose_mitochondrie,,"Effects of 2.45 GHz Non-Ionizing Radiation on Anxiety-Like Behavior, Gene Expression, and Corticosterone Level in Male Rats.",https://pubmed.ncbi.nlm.nih.gov/37041777/,in_vivo/neuro_comportement_cognition/2022_37041777_effects-of-2-45-ghz-non-ionizing-radiation-on-anxi.md
33264581,10.1080/09553002.2021.1859152,2021,in_vivo,neuro_comportement_cognition,,International journal of radiation biology,Experimental study of potential adverse effects on the auditory system of rabbits exposed to short-term GSM-1800 radiation.,https://pubmed.ncbi.nlm.nih.gov/33264581/,in_vivo/neuro_comportement_cognition/2021_33264581_experimental-study-of-potential-adverse-effects-on.md
34085811,10.1021/acschemneuro.1c00042,2021,in_vivo,neuro_comportement_cognition,,ACS chemical neuroscience,Lipidomics of Serum and Hippocampus Reveal the Protective Effects of Fermented Soybean Lipid on Rats of Microwave-Induced Cognitive Damage.,https://pubmed.ncbi.nlm.nih.gov/34085811/,in_vivo/neuro_comportement_cognition/2021_34085811_lipidomics-of-serum-and-hippocampus-reveal-the-pro.md
31796670,10.3233/JAD-190593,2020,in_vivo,neuro_comportement_cognition,stress_oxydatif,Journal of Alzheimer's disease : JAD,Impact of Cerebral Radiofrequency Exposures on Oxidative Stress and Corticosterone in a Rat Model of Alzheimer's Disease.,https://pubmed.ncbi.nlm.nih.gov/31796670/,in_vivo/neuro_comportement_cognition/2020_31796670_impact-of-cerebral-radiofrequency-exposures-on-oxi.md
32371003,10.1016/j.ijpharm.2020.119384,2020,in_vivo,neuro_comportement_cognition,barriere_hemato_encephalique,International journal of pharmaceutics,Intranasal tetrandrine temperature-sensitive in situ hydrogels for the treatment of microwave-induced brain injury.,https://pubmed.ncbi.nlm.nih.gov/32371003/,in_vivo/neuro_comportement_cognition/2020_32371003_intranasal-tetrandrine-temperature-sensitive-in-si.md
32581772,10.3389/fnagi.2020.00162,2020,in_vivo,neuro_comportement_cognition,neurodeveloppement;plasticite_synaptique,Frontiers in aging neuroscience,Enriched Environment Decreases Cognitive Impairment in Elderly Rats With Prenatal Mobile Phone Exposure.,https://pubmed.ncbi.nlm.nih.gov/32581772/,in_vivo/neuro_comportement_cognition/2020_32581772_enriched-environment-decreases-cognitive-impairmen.md
32856797,10.1002/brb3.1815,2020,in_vivo,neuro_comportement_cognition,neurodeveloppement;dosimetrie_exposition,Brain and behavior,"Behavioral changes and gene profile alterations after chronic 1,950-MHz radiofrequency exposure: An observation in C57BL/6 mice.",https://pubmed.ncbi.nlm.nih.gov/32856797/,in_vivo/neuro_comportement_cognition/2020_32856797_behavioral-changes-and-gene-profile-alterations-af.md
33080941,10.3390/ijerph17207563,2020,in_vivo,neuro_comportement_cognition,plasticite_synaptique;dosimetrie_exposition,International journal of environmental research and public health,Effect of Radiofrequency Electromagnetic Fields on Thermal Sensitivity in the Rat.,https://pubmed.ncbi.nlm.nih.gov/33080941/,in_vivo/neuro_comportement_cognition/2020_33080941_effect-of-radiofrequency-electromagnetic-fields-on.md
30682608,10.1016/j.scitotenv.2019.01.154,2019,in_vivo,neuro_comportement_cognition,,The Science of the total environment,Effects of radiofrequency electromagnetic radiation (RF-EMF) on honey bee queen development and mating success.,https://pubmed.ncbi.nlm.nih.gov/30682608/,in_vivo/neuro_comportement_cognition/2019_30682608_effects-of-radiofrequency-electromagnetic-radiatio.md
31012066,10.1007/s11356-019-04873-0,2019,in_vivo,neuro_comportement_cognition,plasticite_synaptique;neurodeveloppement;apoptose_mitochondrie,Environmental science and pollution research international,iTRAQ quantitatively proteomic analysis of the hippocampus in a rat model of accumulative microwave-induced cognitive impairment.,https://pubmed.ncbi.nlm.nih.gov/31012066/,in_vivo/neuro_comportement_cognition/2019_31012066_itraq-quantitatively-proteomic-analysis-of-the-hip.md
31553920,10.1016/j.jchemneu.2019.101684,2019,in_vivo,neuro_comportement_cognition,stress_oxydatif,Journal of chemical neuroanatomy,Mobile phone induced cognitive and neurochemical consequences.,https://pubmed.ncbi.nlm.nih.gov/31553920/,in_vivo/neuro_comportement_cognition/2019_31553920_mobile-phone-induced-cognitive-and-neurochemical-c.md
29153770,10.1016/j.pathophys.2017.11.001,2018,in_vivo,neuro_comportement_cognition,stress_oxydatif;apoptose_mitochondrie,Pathophysiology : the official journal of the International Society for Pathophysiology,Rats exposed to 2.45GHz of non-ionizing radiation exhibit behavioral changes with increased brain expression of apoptotic caspase 3.,https://pubmed.ncbi.nlm.nih.gov/29153770/,in_vivo/neuro_comportement_cognition/2018_29153770_rats-exposed-to-2-45ghz-of-non-ionizing-radiation.md
29180226,10.1016/j.brainres.2017.11.020,2018,in_vivo,neuro_comportement_cognition,,Brain research,Microwave radiation leading to shrinkage of dendritic spines in hippocampal neurons mediated by SNK-SPAR pathway.,https://pubmed.ncbi.nlm.nih.gov/29180226/,in_vivo/neuro_comportement_cognition/2018_29180226_microwave-radiation-leading-to-shrinkage-of-dendri.md
29185809,10.1080/00207454.2017.1411353,2018,in_vivo,neuro_comportement_cognition,,The International journal of neuroscience,Spatial memory recovery in Alzheimer's rat model by electromagnetic field exposure.,https://pubmed.ncbi.nlm.nih.gov/29185809/,in_vivo/neuro_comportement_cognition/2018_29185809_spatial-memory-recovery-in-alzheimer-s-rat-model-b.md
29276976,10.1016/j.envres.2017.12.013,2018,in_vivo,neuro_comportement_cognition,neurodeveloppement;thermique,Environmental research,Behavioural phenotypes in mice after prenatal and early postnatal exposure to intermediate frequency magnetic fields.,https://pubmed.ncbi.nlm.nih.gov/29276976/,in_vivo/neuro_comportement_cognition/2018_29276976_behavioural-phenotypes-in-mice-after-prenatal-and.md
29397508,10.1007/s11356-017-1178-5,2018,in_vivo,neuro_comportement_cognition,neurodeveloppement;neuroinflammation,Environmental science and pollution research international,Alteration of adaptive behaviors of progeny after maternal mobile phone exposure.,https://pubmed.ncbi.nlm.nih.gov/29397508/,in_vivo/neuro_comportement_cognition/2018_29397508_alteration-of-adaptive-behaviors-of-progeny-after.md
27694283,10.1093/jrr/rrw085,2017,in_vivo,neuro_comportement_cognition,neurodeveloppement;reproduction,Journal of radiation research,No adverse effects detected for simultaneous whole-body exposure to multiple-frequency radiofrequency electromagnetic fields for rats in the intrauterine and pre- and post-weaning periods.,https://pubmed.ncbi.nlm.nih.gov/27694283/,in_vivo/neuro_comportement_cognition/2017_27694283_no-adverse-effects-detected-for-simultaneous-whole.md
28303965,10.1038/srep44521,2017,in_vivo,neuro_comportement_cognition,plasticite_synaptique;dosimetrie_exposition;apoptose_mitochondrie,Scientific reports,Effect of 1.8 GHz radiofrequency electromagnetic radiation on novel object associative recognition memory in mice.,https://pubmed.ncbi.nlm.nih.gov/28303965/,in_vivo/neuro_comportement_cognition/2017_28303965_effect-of-1-8-ghz-radiofrequency-electromagnetic-r.md
28332042,10.1007/s10072-017-2920-y,2017,in_vivo,neuro_comportement_cognition,plasticite_synaptique,Neurological sciences : official journal of the Italian Neurological Society and of the Italian Society of Clinical Neurophysiology,The effect of Wi-Fi electromagnetic waves in unimodal and multimodal object recognition tasks in male rats.,https://pubmed.ncbi.nlm.nih.gov/28332042/,in_vivo/neuro_comportement_cognition/2017_28332042_the-effect-of-wi-fi-electromagnetic-waves-in-unimo.md
24604340,10.1177/0748233714525497,2016,in_vivo,neuro_comportement_cognition,neurodeveloppement;plasticite_synaptique,Toxicology and industrial health,Maternal mobile phone exposure alters intrinsic electrophysiological properties of CA1 pyramidal neurons in rat offspring.,https://pubmed.ncbi.nlm.nih.gov/24604340/,in_vivo/neuro_comportement_cognition/2016_24604340_maternal-mobile-phone-exposure-alters-intrinsic-el.md
27241674,10.1007/s10522-016-9654-8,2016,in_vivo,neuro_comportement_cognition,neuroinflammation;dosimetrie_exposition,Biogerontology,Neurobiological effects of repeated radiofrequency exposures in male senescent rats.,https://pubmed.ncbi.nlm.nih.gov/27241674/,in_vivo/neuro_comportement_cognition/2016_27241674_neurobiological-effects-of-repeated-radiofrequency.md
27434853,10.1002/bem.21992,2016,in_vivo,neuro_comportement_cognition,,Bioelectromagnetics,1950 MHz radiofrequency electromagnetic fields do not aggravate memory deficits in 5xFAD mice.,https://pubmed.ncbi.nlm.nih.gov/27434853/,in_vivo/neuro_comportement_cognition/2016_27434853_1950-mhz-radiofrequency-electromagnetic-fields-do.md
27665775,10.2131/jts.41.655,2016,in_vivo,neuro_comportement_cognition,genotoxicite_epigenetique;thermique;dosimetrie_exposition,The Journal of toxicological sciences,Exposure time-dependent thermal effects of radiofrequency electromagnetic field exposure on the whole body of rats.,https://pubmed.ncbi.nlm.nih.gov/27665775/,in_vivo/neuro_comportement_cognition/2016_27665775_exposure-time-dependent-thermal-effects-of-radiofr.md
27696165,10.1007/s11356-016-7758-y,2016,in_vivo,neuro_comportement_cognition,neuroinflammation;genotoxicite_epigenetique;dosimetrie_exposition,Environmental science and pollution research international,Glial markers and emotional memory in rats following acute cerebral radiofrequency exposures.,https://pubmed.ncbi.nlm.nih.gov/27696165/,in_vivo/neuro_comportement_cognition/2016_27696165_glial-markers-and-emotional-memory-in-rats-followi.md
28035182,10.5607/en.2016.25.6.318,2016,in_vivo,neuro_comportement_cognition,dosimetrie_exposition;stress_oxydatif;calcium_canaux_ioniques,,Chronic Nonmodulated Microwave Radiations in Mice Produce Anxiety-like and Depression-like Behaviours and Calcium- and NO-related Biochemical Changes in the Brain.,https://pubmed.ncbi.nlm.nih.gov/28035182/,in_vivo/neuro_comportement_cognition/2016_28035182_chronic-nonmodulated-microwave-radiations-in-mice.md
28081746,10.3967/bes2016.115,2016,in_vivo,neuro_comportement_cognition,genotoxicite_epigenetique;dosimetrie_exposition,,Effect of Low Level Subchronic Microwave Radiation on Rat Brain.,https://pubmed.ncbi.nlm.nih.gov/28081746/,in_vivo/neuro_comportement_cognition/2016_28081746_effect-of-low-level-subchronic-microwave-radiation.md
25118893,10.3109/09553002.2014.954058,2015,in_vivo,neuro_comportement_cognition,genotoxicite_epigenetique,International journal of radiation biology,Short-term effects of extremely low frequency electromagnetic fields exposure on Alzheimer's disease in rats.,https://pubmed.ncbi.nlm.nih.gov/25118893/,in_vivo/neuro_comportement_cognition/2015_25118893_short-term-effects-of-extremely-low-frequency-elec.md
25359903,10.1093/jrr/rru097,2015,in_vivo,neuro_comportement_cognition,neurodeveloppement,Journal of radiation research,Effects of fetal microwave radiation exposure on offspring behavior in mice.,https://pubmed.ncbi.nlm.nih.gov/25359903/,in_vivo/neuro_comportement_cognition/2015_25359903_effects-of-fetal-microwave-radiation-exposure-on-o.md
25672490,10.1007/s12013-015-0576-x,2015,in_vivo,neuro_comportement_cognition,plasticite_synaptique;genotoxicite_epigenetique,Cell biochemistry and biophysics,Effect of Low-Intensity Microwave Radiation on Monoamine Neurotransmitters and Their Key Regulating Enzymes in Rat Brain.,https://pubmed.ncbi.nlm.nih.gov/25672490/,in_vivo/neuro_comportement_cognition/2015_25672490_effect-of-low-intensity-microwave-radiation-on-mon.md
25749756,10.1177/1091581815574348,2015,in_vivo,neuro_comportement_cognition,genotoxicite_epigenetique;neurodeveloppement;dosimetrie_exposition,International journal of toxicology,Cognitive impairment and neurogenotoxic effects in rats exposed to low-intensity microwave radiation.,https://pubmed.ncbi.nlm.nih.gov/25749756/,in_vivo/neuro_comportement_cognition/2015_25749756_cognitive-impairment-and-neurogenotoxic-effects-in.md
24620965,10.1179/1743132813Y.0000000276,2014,in_vivo,neuro_comportement_cognition,,Neurological research,Behavior and memory evaluation of Wistar rats exposed to 1·8 GHz radiofrequency electromagnetic radiation.,https://pubmed.ncbi.nlm.nih.gov/24620965/,in_vivo/neuro_comportement_cognition/2014_24620965_behavior-and-memory-evaluation-of-wistar-rats-expo.md
24861496,10.1179/1743132814Y.0000000392,2014,in_vivo,neuro_comportement_cognition,stress_oxydatif,Neurological research,Effects of mobile phone radiation (900 MHz radiofrequency) on structure and functions of rat brain.,https://pubmed.ncbi.nlm.nih.gov/24861496/,in_vivo/neuro_comportement_cognition/2014_24861496_effects-of-mobile-phone-radiation-900-mhz-radiofre.md
25251701,10.1667/RR13695.1,2014,in_vivo,neuro_comportement_cognition,neurodeveloppement;thermique,Radiation research,Effects of early-onset radiofrequency electromagnetic field exposure (GSM 900 MHz) on behavior and memory in rats.,https://pubmed.ncbi.nlm.nih.gov/25251701/,in_vivo/neuro_comportement_cognition/2014_25251701_effects-of-early-onset-radiofrequency-electromagne.md
22362331,10.1007/s10072-012-0970-8,2013,in_vivo,neuro_comportement_cognition,,Neurological sciences : official journal of the Italian Neurological Society and of the Italian Society of Clinical Neurophysiology,Effects of long-term electromagnetic field exposure on spatial learning and memory in rats.,https://pubmed.ncbi.nlm.nih.gov/22362331/,in_vivo/neuro_comportement_cognition/2013_22362331_effects-of-long-term-electromagnetic-field-exposur.md
23143821,10.1007/s11356-012-1266-5,2013,in_vivo,neuro_comportement_cognition,eeg_sommeil;thermique,Environmental science and pollution research international,Effects of chronic exposure to radiofrequency electromagnetic fields on energy balance in developing rats.,https://pubmed.ncbi.nlm.nih.gov/23143821/,in_vivo/neuro_comportement_cognition/2013_23143821_effects-of-chronic-exposure-to-radiofrequency-elec.md
25709623,10.3969/j.issn.1673-5374.2012.16.007,2012,in_vivo,neuro_comportement_cognition,plasticite_synaptique;apoptose_mitochondrie,Neural regeneration research,Effects of electromagnetic radiation on spatial memory and synapses in rat hippocampal CA1.,https://pubmed.ncbi.nlm.nih.gov/25709623/,in_vivo/neuro_comportement_cognition/2012_25709623_effects-of-electromagnetic-radiation-on-spatial-me.md
19883742,10.1016/j.brainresbull.2009.10.015,2010,in_vivo,neuro_comportement_cognition,,Brain research bulletin,Stress-related endocrinological and psychopathological effects of short- and long-term 50Hz electromagnetic field exposure in rats.,https://pubmed.ncbi.nlm.nih.gov/19883742/,in_vivo/neuro_comportement_cognition/2010_19883742_stress-related-endocrinological-and-psychopatholog.md
19741364,10.1097/HP.0b013e3181adcb94,2009,in_vivo,neuro_comportement_cognition,,Health physics,COMAR technical information statement: expert reviews on potential health effects of radiofrequency electromagnetic fields and comments on the bioinitiative report.,https://pubmed.ncbi.nlm.nih.gov/19741364/,in_vivo/neuro_comportement_cognition/2009_19741364_comar-technical-information-statement-expert-revie.md
19942550,10.1556/APhysiol.96.2009.4.4,2009,in_vivo,neuro_comportement_cognition,,Acta physiologica Hungarica,Effect of short-term 50 Hz electromagnetic field exposure on the behavior of rats.,https://pubmed.ncbi.nlm.nih.gov/19942550/,in_vivo/neuro_comportement_cognition/2009_19942550_effect-of-short-term-50-hz-electromagnetic-field-e.md
18044737,10.1002/bem.20386,2008,in_vivo,neuro_comportement_cognition,,Bioelectromagnetics,Cognitive impairment in rats after long-term exposure to GSM-900 mobile phone radiation.,https://pubmed.ncbi.nlm.nih.gov/18044737/,in_vivo/neuro_comportement_cognition/2008_18044737_cognitive-impairment-in-rats-after-long-term-expos.md
12639749,10.1016/s0378-8741(03)00014-x,2003,in_vivo,neuro_comportement_cognition,,Journal of ethnopharmacology,Tribulus terrestris: preliminary study of its diuretic and contractile effects and comparison with Zea mays.,https://pubmed.ncbi.nlm.nih.gov/12639749/,in_vivo/neuro_comportement_cognition/2003_12639749_tribulus-terrestris-preliminary-study-of-its-diure.md
14623484,10.1016/j.yrtph.2003.07.002,2003,in_vivo,neuro_comportement_cognition,cancer,Regulatory toxicology and pharmacology : RTP,Health benefits and potential risks related to consumption of fish or fish oil.,https://pubmed.ncbi.nlm.nih.gov/14623484/,in_vivo/neuro_comportement_cognition/2003_14623484_health-benefits-and-potential-risks-related-to-con.md
11741502,10.1667/0033-7587(2001)156[0775:eompro]2.0.co;2,2001,in_vivo,neuro_comportement_cognition,cancer;dosimetrie_exposition,Radiation research,Effects of mobile phone radiation on X-ray-induced tumorigenesis in mice.,https://pubmed.ncbi.nlm.nih.gov/11741502/,in_vivo/neuro_comportement_cognition/2001_11741502_effects-of-mobile-phone-radiation-on-x-ray-induced.md
8024607,10.1002/bem.2250150207,1994,in_vivo,neuro_comportement_cognition,,Bioelectromagnetics,Rhesus monkey behavior during exposure to high-peak-power 5.62-GHz microwave pulses.,https://pubmed.ncbi.nlm.nih.gov/8024607/,in_vivo/neuro_comportement_cognition/1994_8024607_rhesus-monkey-behavior-during-exposure-to-high-pea.md
1482413,10.1002/bem.2250130605,1992,in_vivo,neuro_comportement_cognition,dosimetrie_exposition,Bioelectromagnetics,"Long-term, low-level microwave irradiation of rats.",https://pubmed.ncbi.nlm.nih.gov/1482413/,in_vivo/neuro_comportement_cognition/1992_1482413_long-term-low-level-microwave-irradiation-of-rats.md
2712841,10.1002/bem.2250100107,1989,in_vivo,neuro_comportement_cognition,thermique,Bioelectromagnetics,Lack of behavioral effects in the rhesus monkey: high peak microwave pulses at 1.3 GHz.,https://pubmed.ncbi.nlm.nih.gov/2712841/,in_vivo/neuro_comportement_cognition/1989_2712841_lack-of-behavioral-effects-in-the-rhesus-monkey-hi.md
3730002,10.1002/bem.2250070107,1986,in_vivo,neuro_comportement_cognition,neurodeveloppement,Bioelectromagnetics,Influence of pre- and postnatal exposure of rats to 2.45-GHz microwave radiation on neurobehavioral function.,https://pubmed.ncbi.nlm.nih.gov/3730002/,in_vivo/neuro_comportement_cognition/1986_3730002_influence-of-pre-and-postnatal-exposure-of-rats-to.md
41125539,10.1080/15368378.2025.2577318,2026,in_vivo,neurodeveloppement,apoptose_mitochondrie;dosimetrie_exposition,,One-year follow-up of thyroid status in rats exposed to 2.45 Ghz radiofrequency radiation during the prenatal period.,https://pubmed.ncbi.nlm.nih.gov/41125539/,in_vivo/neurodeveloppement/2026_41125539_one-year-follow-up-of-thyroid-status-in-rats-expos.md
41657441,10.21037/tp-2025-607,2026,in_vivo,neurodeveloppement,,Translational pediatrics,Can virtual non-contrast images replace true non-contrast images to calculate dose in children's craniospinal irradiation proton therapy plan?,https://pubmed.ncbi.nlm.nih.gov/41657441/,in_vivo/neurodeveloppement/2026_41657441_can-virtual-non-contrast-images-replace-true-non-c.md
42423814,10.1007/s00418-026-02504-7,2026,in_vivo,neurodeveloppement,genotoxicite_epigenetique;apoptose_mitochondrie;dosimetrie_exposition,,Prenatal 3.5 GHz radiofrequency exposure induces renal histological changes and DNA damage in 6-month-old rats.,https://pubmed.ncbi.nlm.nih.gov/42423814/,in_vivo/neurodeveloppement/2026_42423814_prenatal-3-5-ghz-radiofrequency-exposure-induces-r.md
39692219,10.1080/15368378.2024.2438608,2025,in_vivo,neurodeveloppement,,Electromagnetic biology and medicine,Effect of 6 GHz radiofrequency electromagnetic field on the development of fetal bones.,https://pubmed.ncbi.nlm.nih.gov/39692219/,in_vivo/neurodeveloppement/2025_39692219_effect-of-6-ghz-radiofrequency-electromagnetic-fie.md
40099659,10.1080/15368378.2025.2479517,2025,in_vivo,neurodeveloppement,neuro_comportement_cognition,,The effect on rat peripheral nerve morphology and function of a 900-MHz electromagnetic field applied in the prenatal period.,https://pubmed.ncbi.nlm.nih.gov/40099659/,in_vivo/neurodeveloppement/2025_40099659_the-effect-on-rat-peripheral-nerve-morphology-and.md
40413484,10.1186/s13104-025-07297-x,2025,in_vivo,neurodeveloppement,,,Effects of non-ionizing radiation on the thyroid gland in rats.,https://pubmed.ncbi.nlm.nih.gov/40413484/,in_vivo/neurodeveloppement/2025_40413484_effects-of-non-ionizing-radiation-on-the-thyroid-g.md
40493106,10.1007/s11259-025-10777-x,2025,in_vivo,neurodeveloppement,genotoxicite_epigenetique;dosimetrie_exposition,,The influence of Wi-Fi on the mesonephros in the 9-day-old chicken embryo.,https://pubmed.ncbi.nlm.nih.gov/40493106/,in_vivo/neurodeveloppement/2025_40493106_the-influence-of-wi-fi-on-the-mesonephros-in-the-9.md
40493470,10.1109/tmi.2025.3578283,2025,in_vivo,neurodeveloppement,,,Pediatric Corpulence Assessment Using Ultra-Wideband Radar Imaging System: A Novel Approach in Tissue Characterization.,https://pubmed.ncbi.nlm.nih.gov/40493470/,in_vivo/neurodeveloppement/2025_40493470_pediatric-corpulence-assessment-using-ultra-wideba.md
40694058,10.17305/bb.2025.12633,2025,in_vivo,neurodeveloppement,eeg_sommeil,,Melatonin and omega-3 neuroprotection in prenatal rat spinal cord exposed to 900 MHz electromagnetic field.,https://pubmed.ncbi.nlm.nih.gov/40694058/,in_vivo/neurodeveloppement/2025_40694058_melatonin-and-omega-3-neuroprotection-in-prenatal.md
40907581,10.1016/j.neuro.2025.103312,2025,in_vivo,neurodeveloppement,plasticite_synaptique;stress_oxydatif;apoptose_mitochondrie,,Altered development in rodent brain cells after 900 MHz radiofrequency exposure.,https://pubmed.ncbi.nlm.nih.gov/40907581/,in_vivo/neurodeveloppement/2025_40907581_altered-development-in-rodent-brain-cells-after-90.md
41479147,10.4274/mmj.galenos.2025.48323,2025,in_vivo,neurodeveloppement,dosimetrie_exposition,,Prenatal Exposure to 3.5 GHz Radiofrequency Radiation and Long-Term Skin Histomorphometry: An 18-Month Experimental Rat Study.,https://pubmed.ncbi.nlm.nih.gov/41479147/,in_vivo/neurodeveloppement/2025_41479147_prenatal-exposure-to-3-5-ghz-radiofrequency-radiat.md
42376549,10.5455/ovj.2025.v15.i12.23,2025,in_vivo,neurodeveloppement,dosimetrie_exposition,,Placental histomorphology and fetal growth impairment in mice prenatally exposed to cell phone radiation.,https://pubmed.ncbi.nlm.nih.gov/42376549/,in_vivo/neurodeveloppement/2025_42376549_placental-histomorphology-and-fetal-growth-impairm.md
38384250,10.1017/s0967199424000042,2024,in_vivo,neurodeveloppement,apoptose_mitochondrie;reproduction,,Detrimental effects of electromagnetic radiation emitted from cell phone on embryo morphokinetics and blastocyst viability in mice.,https://pubmed.ncbi.nlm.nih.gov/38384250/,in_vivo/neurodeveloppement/2024_38384250_detrimental-effects-of-electromagnetic-radiation-e.md
38466013,10.33549/physiolres.935148,2024,in_vivo,neurodeveloppement,,,Does Microwave Exposure at Different Doses in the Pre/Postnatal Period Affect Growing Rat Bone Development?,https://pubmed.ncbi.nlm.nih.gov/38466013/,in_vivo/neurodeveloppement/2024_38466013_does-microwave-exposure-at-different-doses-in-the.md
39286040,10.1016/j.ibneur.2024.08.007,2024,in_vivo,neurodeveloppement,neuro_comportement_cognition,,Effect of microwave radiation on adult neurogenesis and behavior of prenatally exposed rats.,https://pubmed.ncbi.nlm.nih.gov/39286040/,in_vivo/neurodeveloppement/2024_39286040_effect-of-microwave-radiation-on-adult-neurogenesi.md
39456657,10.3390/ijms252010875,2024,in_vivo,neurodeveloppement,neuro_comportement_cognition;genotoxicite_epigenetique;dosimetrie_exposition,,Effects of 4G Long-Term Evolution Electromagnetic Fields on Thyroid Hormone Dysfunction and Behavioral Changes in Adolescent Male Mice.,https://pubmed.ncbi.nlm.nih.gov/39456657/,in_vivo/neurodeveloppement/2024_39456657_effects-of-4g-long-term-evolution-electromagnetic.md
36336097,10.1016/j.neuro.2022.11.001,2023,in_vivo,neurodeveloppement,stress_oxydatif;genotoxicite_epigenetique;apoptose_mitochondrie,Neurotoxicology,Acute radiofrequency electromagnetic radiation exposure impairs neurogenesis and causes neuronal DNA damage in the young rat brain.,https://pubmed.ncbi.nlm.nih.gov/36336097/,in_vivo/neurodeveloppement/2023_36336097_acute-radiofrequency-electromagnetic-radiation-exp.md
36383165,10.1177/07482337221139586,2023,in_vivo,neurodeveloppement,stress_oxydatif,Toxicology and industrial health,"The effects of long-term prenatal exposure to 900, 1800, and 2100 MHz electromagnetic field radiation on myocardial tissue of rats.",https://pubmed.ncbi.nlm.nih.gov/36383165/,in_vivo/neurodeveloppement/2023_36383165_the-effects-of-long-term-prenatal-exposure-to-900.md
37725264,10.1002/vms3.1273,2023,in_vivo,neurodeveloppement,genotoxicite_epigenetique;dosimetrie_exposition,,"4G mobile phone radiation alters some immunogenic and vascular gene expressions, and gross and microscopic and biochemical parameters in the chick embryo model.",https://pubmed.ncbi.nlm.nih.gov/37725264/,in_vivo/neurodeveloppement/2023_37725264_4g-mobile-phone-radiation-alters-some-immunogenic.md
37851267,10.1007/s11356-023-30256-7,2023,in_vivo,neurodeveloppement,neuro_comportement_cognition;dosimetrie_exposition,,Sex-dependent impact of perinatal 5G electromagnetic field exposure in the adolescent rat behavior.,https://pubmed.ncbi.nlm.nih.gov/37851267/,in_vivo/neurodeveloppement/2023_37851267_sex-dependent-impact-of-perinatal-5g-electromagnet.md
37927954,10.1016/j.toxrep.2023.10.007,2023,in_vivo,neurodeveloppement,stress_oxydatif;neuro_comportement_cognition,,"Effects of prenatal mobile phone radiation exposure on MMP9 expression: Implications for inflammation, oxidative stress, and sensory-motor impairment after neonatal hypoxia- ischemia in rats.",https://pubmed.ncbi.nlm.nih.gov/37927954/,in_vivo/neurodeveloppement/2023_37927954_effects-of-prenatal-mobile-phone-radiation-exposur.md
34854072,10.14670/hh-18-402,2022,in_vivo,neurodeveloppement,reproduction;dosimetrie_exposition,,The potential adverse effect of 2.45 GHz microwave radiation on the testes of prenatally exposed peripubertal male rats.,https://pubmed.ncbi.nlm.nih.gov/34854072/,in_vivo/neurodeveloppement/2022_34854072_the-potential-adverse-effect-of-2-45-ghz-microwave.md
35233784,10.1002/bem.22397,2022,in_vivo,neurodeveloppement,,Bioelectromagnetics,Assessment of Twin Fetal Exposure to Environmental Magnetic and Electromagnetic Fields.,https://pubmed.ncbi.nlm.nih.gov/35233784/,in_vivo/neurodeveloppement/2022_35233784_assessment-of-twin-fetal-exposure-to-environmental.md
35904122,10.1080/15368378.2022.2104309,2022,in_vivo,neurodeveloppement,stress_oxydatif;apoptose_mitochondrie;dosimetrie_exposition,,Short-term exposure to radiofrequency radiation and metabolic enzymes' activities during pregnancy and prenatal development.,https://pubmed.ncbi.nlm.nih.gov/35904122/,in_vivo/neurodeveloppement/2022_35904122_short-term-exposure-to-radiofrequency-radiation-an.md
36374647,10.1016/j.jchemneu.2022.102187,2022,in_vivo,neurodeveloppement,neuro_comportement_cognition;plasticite_synaptique,Journal of chemical neuroanatomy,Changes in the histopathology and in the proteins related to the MAPK pathway in the brains of rats exposed to pre and postnatal radiofrequency radiation over four generations.,https://pubmed.ncbi.nlm.nih.gov/36374647/,in_vivo/neurodeveloppement/2022_36374647_changes-in-the-histopathology-and-in-the-proteins.md
33527465,10.1002/bem.22322,2021,in_vivo,neurodeveloppement,dosimetrie_exposition,Bioelectromagnetics,Biological Effects of Exposure to a Radiofrequency Electromagnetic Field on the Placental Barrier in Pregnant Rats.,https://pubmed.ncbi.nlm.nih.gov/33527465/,in_vivo/neurodeveloppement/2021_33527465_biological-effects-of-exposure-to-a-radiofrequency.md
33759170,10.5137/1019-5149.JTN.31665-20.2,2021,in_vivo,neurodeveloppement,stress_oxydatif;neuroinflammation,Turkish neurosurgery,Electromagnetic Waves from Mobile Phones may Affect Rat Brain During Development.,https://pubmed.ncbi.nlm.nih.gov/33759170/,in_vivo/neurodeveloppement/2021_33759170_electromagnetic-waves-from-mobile-phones-may-affec.md
33779980,10.14670/hh-18-331,2021,in_vivo,neurodeveloppement,reproduction;dosimetrie_exposition;stress_oxydatif,,Potential influence of prenatal 2.45 GHz radiofrequency electromagnetic field exposure on Wistar albino rat testis.,https://pubmed.ncbi.nlm.nih.gov/33779980/,in_vivo/neurodeveloppement/2021_33779980_potential-influence-of-prenatal-2-45-ghz-radiofreq.md
34872146,10.1055/s-0041-1736173,2021,in_vivo,neurodeveloppement,,Revista brasileira de ginecologia e obstetricia : revista da Federacao Brasileira das Sociedades de Ginecologia e Obstetricia,"Can Prenatal and Postnatal Cell Phone Exposure Increase Adverse Maternal, Infant and Child Outcomes?",https://pubmed.ncbi.nlm.nih.gov/34872146/,in_vivo/neurodeveloppement/2021_34872146_can-prenatal-and-postnatal-cell-phone-exposure-inc.md
32476377,10.12047/j.cjap.5880.2020.017,2020,in_vivo,neurodeveloppement,neuroinflammation,Zhongguo ying yong sheng li xue za zhi = Zhongguo yingyong shenglixue zazhi = Chinese journal of applied physiology,[The effects of prenatal radiation of mobile phones on white matter in cerebellum of rat offspring].,https://pubmed.ncbi.nlm.nih.gov/32476377/,in_vivo/neurodeveloppement/2020_32476377_the-effects-of-prenatal-radiation-of-mobile-phones.md
32802791,10.31661/jbpe.v0i0.560,2020,in_vivo,neurodeveloppement,calcium_canaux_ioniques,Journal of biomedical physics & engineering,Exposure to Electromagnetic Field during Gestation Adversely Affects the Electrophysiological Properties of Purkinje Cells in Rat Offspring.,https://pubmed.ncbi.nlm.nih.gov/32802791/,in_vivo/neurodeveloppement/2020_32802791_exposure-to-electromagnetic-field-during-gestation.md
33200679,10.1177/0748233720973143,2020,in_vivo,neurodeveloppement,neuro_comportement_cognition,Toxicology and industrial health,Prenatal and early postnatal exposure to radiofrequency waves (900 MHz) adversely affects passive avoidance learning and memory.,https://pubmed.ncbi.nlm.nih.gov/33200679/,in_vivo/neurodeveloppement/2020_33200679_prenatal-and-early-postnatal-exposure-to-radiofreq.md
30881935,10.1016/j.scitotenv.2017.07.131,2019,in_vivo,neurodeveloppement,,Journal of biomedical physics & engineering,Mother's Exposure to Electromagnetic Fields before and during Pregnancy is Associated with Risk of Speech Problems in Offspring.,https://pubmed.ncbi.nlm.nih.gov/30881935/,in_vivo/neurodeveloppement/2019_30881935_mother-s-exposure-to-electromagnetic-fields-before.md
31875120,10.15171/jlms.2019.46,2019,in_vivo,neurodeveloppement,genotoxicite_epigenetique,Journal of lasers in medical sciences,The Effect of Prenatal Exposure to 2.4 GHz Radio Frequency on the Histology and Expression of the osteocalcin and RUNX2 Gene of the Forelimb in an NMRI Mouse.,https://pubmed.ncbi.nlm.nih.gov/31875120/,in_vivo/neurodeveloppement/2019_31875120_the-effect-of-prenatal-exposure-to-2-4-ghz-radio-f.md
29527915,10.33549/physiolres.933752,2018,in_vivo,neurodeveloppement,neuro_comportement_cognition;apoptose_mitochondrie,Physiological research,Age-dependent effect of long-term microwave radiation on postnatal neurogenesis in rats: morphological and behavioral study.,https://pubmed.ncbi.nlm.nih.gov/29527915/,in_vivo/neurodeveloppement/2018_29527915_age-dependent-effect-of-long-term-microwave-radiat.md
29534288,10.1002/jpen.1145,2018,in_vivo,neurodeveloppement,,JPEN. Journal of parenteral and enteral nutrition,"Parenteral Lipid Dose Restriction With Soy Oil, Not Fish Oil, Preserves Retinal Function in Neonatal Piglets.",https://pubmed.ncbi.nlm.nih.gov/29534288/,in_vivo/neurodeveloppement/2018_29534288_parenteral-lipid-dose-restriction-with-soy-oil-not.md
29725476,10.3892/ol.2018.8285,2018,in_vivo,neurodeveloppement,cancer;thermique,Oncology letters,"Radiofrequency radiation from nearby base stations gives high levels in an apartment in Stockholm, Sweden: A case report.",https://pubmed.ncbi.nlm.nih.gov/29725476/,in_vivo/neurodeveloppement/2018_29725476_radiofrequency-radiation-from-nearby-base-stations.md
30229095,10.1016/j.dib.2018.06.107,2018,in_vivo,neurodeveloppement,dosimetrie_exposition,Data in brief,"The effects of radiofrequency radiation on mice fetus weight, length and tissues.",https://pubmed.ncbi.nlm.nih.gov/30229095/,in_vivo/neurodeveloppement/2018_30229095_the-effects-of-radiofrequency-radiation-on-mice-fe.md
27427155,10.1080/14767058.2016.1214124,2017,in_vivo,neurodeveloppement,stress_oxydatif,"The journal of maternal-fetal & neonatal medicine : the official journal of the European Association of Perinatal Medicine, the Federation of Asia and Oceania Perinatal Societies, the International Society of Perinatal Obstetricians",Lasting hepatotoxic effects of prenatal mobile phone exposure.,https://pubmed.ncbi.nlm.nih.gov/27427155/,in_vivo/neurodeveloppement/2017_27427155_lasting-hepatotoxic-effects-of-prenatal-mobile-pho.md
27787231,10.4149/gpb_2016026,2017,in_vivo,neurodeveloppement,stress_oxydatif,General physiology and biophysics,The influence of prenatal 10 GHz microwave radiation exposure on a developing mice brain.,https://pubmed.ncbi.nlm.nih.gov/27787231/,in_vivo/neurodeveloppement/2017_27787231_the-influence-of-prenatal-10-ghz-microwave-radiati.md
28458069,10.1016/j.etap.2017.04.016,2017,in_vivo,neurodeveloppement,stress_oxydatif;neuro_comportement_cognition,Environmental toxicology and pharmacology,Postnatal development and behavior effects of in-utero exposure of rats to radiofrequency waves emitted from conventional WiFi devices.,https://pubmed.ncbi.nlm.nih.gov/28458069/,in_vivo/neurodeveloppement/2017_28458069_postnatal-development-and-behavior-effects-of-in-u.md
28511138,10.1016/j.envres.2017.04.029,2017,in_vivo,neurodeveloppement,,Environmental research,"Neurodevelopment for the first three years following prenatal mobile phone use, radio frequency radiation and lead exposure.",https://pubmed.ncbi.nlm.nih.gov/28511138/,in_vivo/neurodeveloppement/2017_28511138_neurodevelopment-for-the-first-three-years-followi.md
30028096,,2017,in_vivo,neurodeveloppement,reproduction;genotoxicite_epigenetique;thermique,The Journal of reproductive medicine,Analysis of Gene Expression in Mice Testes Exposed to 1.765 GHz Microwave in Utero.,https://pubmed.ncbi.nlm.nih.gov/30028096/,in_vivo/neurodeveloppement/2017_30028096_analysis-of-gene-expression-in-mice-testes-exposed.md
26520616,10.1016/j.jchemneu.2015.10.006,2016,in_vivo,neurodeveloppement,stress_oxydatif;genotoxicite_epigenetique;apoptose_mitochondrie,Journal of chemical neuroanatomy,Neurodegenerative changes and apoptosis induced by intrauterine and extrauterine exposure of radiofrequency radiation.,https://pubmed.ncbi.nlm.nih.gov/26520616/,in_vivo/neurodeveloppement/2016_26520616_neurodegenerative-changes-and-apoptosis-induced-by.md
26959616,10.1590/S0102-865020160020000001,2016,in_vivo,neurodeveloppement,apoptose_mitochondrie,Acta cirurgica brasileira,The effect of prenatal exposure to 1800 MHz electromagnetic field on calcineurin and bone development in rats.,https://pubmed.ncbi.nlm.nih.gov/26959616/,in_vivo/neurodeveloppement/2016_26959616_the-effect-of-prenatal-exposure-to-1800-mhz-electr.md
27272062,10.1002/bem.21986,2016,in_vivo,neurodeveloppement,neuro_comportement_cognition;neuroinflammation,Bioelectromagnetics,Cerebral radiofrequency exposures during adolescence: Impact on astrocytes and brain functions in healthy and pathologic rat models.,https://pubmed.ncbi.nlm.nih.gov/27272062/,in_vivo/neurodeveloppement/2016_27272062_cerebral-radiofrequency-exposures-during-adolescen.md
27656427,10.7860/jcdr/2016/21630.8368,2016,in_vivo,neurodeveloppement,,,Effects of Long Term Exposure of 900-1800 MHz Radiation Emitted from 2G Mobile Phone on Mice Hippocampus- A Histomorphometric Study.,https://pubmed.ncbi.nlm.nih.gov/27656427/,in_vivo/neurodeveloppement/2016_27656427_effects-of-long-term-exposure-of-900-1800-mhz-radi.md
25084839,10.3109/09553002.2014.950436,2015,in_vivo,neurodeveloppement,eeg_sommeil,International journal of radiation biology,Effects of prenatal 900 MHz electromagnetic field exposures on the histology of rat kidney.,https://pubmed.ncbi.nlm.nih.gov/25084839/,in_vivo/neurodeveloppement/2015_25084839_effects-of-prenatal-900-mhz-electromagnetic-field.md
26239913,10.1016/j.brainres.2015.07.042,2015,in_vivo,neurodeveloppement,apoptose_mitochondrie,Brain research,Deleterious impacts of a 900-MHz electromagnetic field on hippocampal pyramidal neurons of 8-week-old Sprague Dawley male rats.,https://pubmed.ncbi.nlm.nih.gov/26239913/,in_vivo/neurodeveloppement/2015_26239913_deleterious-impacts-of-a-900-mhz-electromagnetic-f.md
24627884,10.4103/2277-9175.125874,2014,in_vivo,neurodeveloppement,reproduction,Advanced biomedical research,Effect of low-frequency electromagnetic field exposure on oocyte differentiation and follicular development.,https://pubmed.ncbi.nlm.nih.gov/24627884/,in_vivo/neurodeveloppement/2014_24627884_effect-of-low-frequency-electromagnetic-field-expo.md
24784924,10.1017/S0022215114000723,2014,in_vivo,neurodeveloppement,,The Journal of laryngology and otology,The effect of radiofrequency radiation generated by a Global System for Mobile Communications source on cochlear development in a rat model.,https://pubmed.ncbi.nlm.nih.gov/24784924/,in_vivo/neurodeveloppement/2014_24784924_the-effect-of-radiofrequency-radiation-generated-b.md
24869783,10.1038/srep05103,2014,in_vivo,neurodeveloppement,apoptose_mitochondrie;neuro_comportement_cognition;dosimetrie_exposition,Scientific reports,Exposure to 1800 MHz radiofrequency radiation impairs neurite outgrowth of embryonic neural stem cells.,https://pubmed.ncbi.nlm.nih.gov/24869783/,in_vivo/neurodeveloppement/2014_24869783_exposure-to-1800-mhz-radiofrequency-radiation-impa.md
23906636,10.1016/j.neuroscience.2013.07.049,2013,in_vivo,neurodeveloppement,neuro_comportement_cognition;plasticite_synaptique;calcium_canaux_ioniques,Neuroscience,Maternal mobile phone exposure adversely affects the electrophysiological properties of Purkinje neurons in rat offspring.,https://pubmed.ncbi.nlm.nih.gov/23906636/,in_vivo/neurodeveloppement/2013_23906636_maternal-mobile-phone-exposure-adversely-affects-t.md
PMC3575011,,2013,in_vivo,neurodeveloppement,neuro_comportement_cognition,,CORRIGENDUM: Fetal Radiofrequency Radiation Exposure From 800-1900 Mhz-Rated Cellular Telephones Affects Neurodevelopment and Behavior in Mice,,in_vivo/neurodeveloppement/2013_PMC3575011_corrigendum-fetal-radiofrequency-radiation-exposur.md
22311618,10.1002/bdrb.20346,2012,in_vivo,neurodeveloppement,neuro_comportement_cognition;dosimetrie_exposition,"Birth defects research. Part B, Developmental and reproductive toxicology",Effect of in utero wi-fi exposure on the pre- and postnatal development of rats.,https://pubmed.ncbi.nlm.nih.gov/22311618/,in_vivo/neurodeveloppement/2012_22311618_effect-of-in-utero-wi-fi-exposure-on-the-pre-and-p.md
22428084,10.1038/srep00312,2012,in_vivo,neurodeveloppement,neuro_comportement_cognition;calcium_canaux_ioniques,Scientific reports,Fetal radiofrequency radiation exposure from 800-1900 mhz-rated cellular telephones affects neurodevelopment and behavior in mice.,https://pubmed.ncbi.nlm.nih.gov/22428084/,in_vivo/neurodeveloppement/2012_22428084_fetal-radiofrequency-radiation-exposure-from-800-1.md
22556007,10.1002/bem.21733,2012,in_vivo,neurodeveloppement,neuroinflammation;dosimetrie_exposition,Bioelectromagnetics,Prenatal exposure to radiofrequencies: effects of WiFi signals on thymocyte development and peripheral T cell compartment in an animal model.,https://pubmed.ncbi.nlm.nih.gov/22556007/,in_vivo/neurodeveloppement/2012_22556007_prenatal-exposure-to-radiofrequencies-effects-of-w.md
21591896,10.3109/02656736.2010.545965,2011,in_vivo,neurodeveloppement,reproduction;thermique,"International journal of hyperthermia : the official journal of European Society for Hyperthermic Oncology, North American Hyperthermia Group",Thermal aspects of exposure to radiofrequency energy: report of a workshop.,https://pubmed.ncbi.nlm.nih.gov/21591896/,in_vivo/neurodeveloppement/2011_21591896_thermal-aspects-of-exposure-to-radiofrequency-ener.md
19656823,10.1098/rsif.2009.0205,2010,in_vivo,neurodeveloppement,,"Journal of the Royal Society, Interface",Low-frequency pulsed electromagnetic field exposure can alter neuroprocessing in humans.,https://pubmed.ncbi.nlm.nih.gov/19656823/,in_vivo/neurodeveloppement/2010_19656823_low-frequency-pulsed-electromagnetic-field-exposur.md
19854628,10.1016/j.pathophys.2009.10.002,2010,in_vivo,neurodeveloppement,,Pathophysiology : the official journal of the International Society for Pathophysiology,Cranial and postcranial skeletal variations induced in mouse embryos by mobile phone radiation.,https://pubmed.ncbi.nlm.nih.gov/19854628/,in_vivo/neurodeveloppement/2010_19854628_cranial-and-postcranial-skeletal-variations-induce.md
20107247,10.1088/0031-9155/55/4/N02,2010,in_vivo,neurodeveloppement,,Physics in medicine and biology,Comparison of radiofrequency exposure of a mouse dam and foetuses at 900 MHz.,https://pubmed.ncbi.nlm.nih.gov/20107247/,in_vivo/neurodeveloppement/2010_20107247_comparison-of-radiofrequency-exposure-of-a-mouse-d.md
20371881,10.4149/gpb_2010_01_59,2010,in_vivo,neurodeveloppement,genotoxicite_epigenetique;stress_oxydatif,General physiology and biophysics,The effect of radiofrequency radiation on DNA and lipid damage in non-pregnant and pregnant rabbits and their newborns.,https://pubmed.ncbi.nlm.nih.gov/20371881/,in_vivo/neurodeveloppement/2010_20371881_the-effect-of-radiofrequency-radiation-on-dna-and.md
20545575,10.3109/09553001003734501,2010,in_vivo,neurodeveloppement,cancer,International journal of radiation biology,Indication of cocarcinogenic potential of chronic UMTS-modulated radiofrequency exposure in an ethylnitrosourea mouse model.,https://pubmed.ncbi.nlm.nih.gov/20545575/,in_vivo/neurodeveloppement/2010_20545575_indication-of-cocarcinogenic-potential-of-chronic.md
19243412,10.1111/j.1741-4520.2008.00214.x,2009,in_vivo,neurodeveloppement,,Congenital anomalies,Derangement of chick embryo retinal differentiation caused by radiofrequency electromagnetic fields.,https://pubmed.ncbi.nlm.nih.gov/19243412/,in_vivo/neurodeveloppement/2009_19243412_derangement-of-chick-embryo-retinal-differentiatio.md
19883234,10.1667/RR1771.1,2009,in_vivo,neurodeveloppement,dosimetrie_exposition,Radiation research,Lack of teratogenicity after combined exposure of pregnant mice to CDMA and WCDMA radiofrequency electromagnetic fields.,https://pubmed.ncbi.nlm.nih.gov/19883234/,in_vivo/neurodeveloppement/2009_19883234_lack-of-teratogenicity-after-combined-exposure-of.md
18761003,10.1016/j.brainres.2008.08.013,2008,in_vivo,neurodeveloppement,,Brain research,Effects of prenatal exposure to a 900 MHz electromagnetic field on the dentate gyrus of rats: a stereological and histopathological study.,https://pubmed.ncbi.nlm.nih.gov/18761003/,in_vivo/neurodeveloppement/2008_18761003_effects-of-prenatal-exposure-to-a-900-mhz-electrom.md
14998303,10.1620/tjem.202.93,2004,in_vivo,neurodeveloppement,reproduction;thermique;dosimetrie_exposition,The Tohoku journal of experimental medicine,"Absence of mutagenic effects of 2.45 GHz radiofrequency exposure in spleen, liver, brain, and testis of lacZ-transgenic mouse exposed in utero.",https://pubmed.ncbi.nlm.nih.gov/14998303/,in_vivo/neurodeveloppement/2004_14998303_absence-of-mutagenic-effects-of-2-45-ghz-radiofreq.md
15042631,10.1002/bem.10185,2004,in_vivo,neurodeveloppement,plasticite_synaptique;genotoxicite_epigenetique;dosimetrie_exposition,Bioelectromagnetics,Bone morphogenetic protein expression in newborn rat kidneys after prenatal exposure to radiofrequency radiation.,https://pubmed.ncbi.nlm.nih.gov/15042631/,in_vivo/neurodeveloppement/2004_15042631_bone-morphogenetic-protein-expression-in-newborn-r.md
11260659,10.1667/0033-7587(2001)155[0572:teomrr]2.0.co;2,2001,in_vivo,neurodeveloppement,cancer;dosimetrie_exposition,Radiation research,The effects of 860 MHz radiofrequency radiation on the induction or promotion of brain tumors and other neoplasms in rats.,https://pubmed.ncbi.nlm.nih.gov/11260659/,in_vivo/neurodeveloppement/2001_11260659_the-effects-of-860-mhz-radiofrequency-radiation-on.md
11354470,10.1080/10915810151115218,2001,in_vivo,neurodeveloppement,thermique,International journal of toxicology,Developmental toxicity interactions of methanol and radiofrequency radiation or 2-methoxyethanol in rats.,https://pubmed.ncbi.nlm.nih.gov/11354470/,in_vivo/neurodeveloppement/2001_11354470_developmental-toxicity-interactions-of-methanol-an.md
11397557,10.1016/s0378-4274(01)00346-0,2001,in_vivo,neurodeveloppement,thermique,Toxicology letters,"2-Methoxyethanol metabolism, embryonic distribution, and macromolecular adduct formation in the rat: the effect of radiofrequency radiation-induced hyperthermia.",https://pubmed.ncbi.nlm.nih.gov/11397557/,in_vivo/neurodeveloppement/2001_11397557_2-methoxyethanol-metabolism-embryonic-distribution.md
10213521,10.1016/s0890-6238(98)00071-9,1999,in_vivo,neurodeveloppement,,"Reproductive toxicology (Elmsford, N.Y.)",Developmental toxicity interactions of salicylic acid and radiofrequency radiation or 2-methoxyethanol in rats.,https://pubmed.ncbi.nlm.nih.gov/10213521/,in_vivo/neurodeveloppement/1999_10213521_developmental-toxicity-interactions-of-salicylic-a.md
9048225,10.1002/(sici)1099-1263(199701)17:1<31::aid-jat384>3.0.co;2-1,1997,in_vivo,neurodeveloppement,thermique,Journal of applied toxicology : JAT,Interactions of radiofrequency radiation on 2-methoxyethanol teratogenicity in rats.,https://pubmed.ncbi.nlm.nih.gov/9048225/,in_vivo/neurodeveloppement/1997_9048225_interactions-of-radiofrequency-radiation-on-2-meth.md
7603238,10.1016/s0140-6736(95)91233-9,1995,in_vivo,neurodeveloppement,,"Lancet (London, England)",Electromagnetic field exposure during pregnancy and childhood leukaemia.,https://pubmed.ncbi.nlm.nih.gov/7603238/,in_vivo/neurodeveloppement/1995_7603238_electromagnetic-field-exposure-during-pregnancy-an.md
1495004,10.1269/jrr.33.1,1992,in_vivo,neurodeveloppement,thermique,Journal of radiation research,Effects of hyperthermia induced by microwave irradiation on brain development in mice.,https://pubmed.ncbi.nlm.nih.gov/1495004/,in_vivo/neurodeveloppement/1992_1495004_effects-of-hyperthermia-induced-by-microwave-irrad.md
1882353,10.1002/tera.1420430618,1991,in_vivo,neurodeveloppement,thermique,Teratology,Marked increase in the teratogenicity of the combined administration of the industrial solvent 2-methoxyethanol and radiofrequency radiation in rats.,https://pubmed.ncbi.nlm.nih.gov/1882353/,in_vivo/neurodeveloppement/1991_1882353_marked-increase-in-the-teratogenicity-of-the-combi.md
3283078,10.2486/indhealth.26.1,1988,in_vivo,neurodeveloppement,thermique,Industrial health,Teratogenic effects of exposure to radiofrequency radiation (27.12 MHz) from a shortwave diathermy unit.,https://pubmed.ncbi.nlm.nih.gov/3283078/,in_vivo/neurodeveloppement/1988_3283078_teratogenic-effects-of-exposure-to-radiofrequency.md
3759462,10.1097/00004032-198610000-00008,1986,in_vivo,neurodeveloppement,dosimetrie_exposition,Health physics,Effects of continuous low-level exposure to radiofrequency radiation on intrauterine development in rats.,https://pubmed.ncbi.nlm.nih.gov/3759462/,in_vivo/neurodeveloppement/1986_3759462_effects-of-continuous-low-level-exposure-to-radiof.md
6487382,10.1002/bem.2250050304,1984,in_vivo,neurodeveloppement,dosimetrie_exposition,Bioelectromagnetics,In utero exposure to microwave radiation and rat brain development.,https://pubmed.ncbi.nlm.nih.gov/6487382/,in_vivo/neurodeveloppement/1984_6487382_in-utero-exposure-to-microwave-radiation-and-rat-b.md
6648409,10.5271/sjweh.2434,1983,in_vivo,neurodeveloppement,dosimetrie_exposition,"Scandinavian journal of work, environment & health",Absence of embryotoxic effects from low-level (nonthermal) exposure of rats to 100 MHz radiofrequency radiation.,https://pubmed.ncbi.nlm.nih.gov/6648409/,in_vivo/neurodeveloppement/1983_6648409_absence-of-embryotoxic-effects-from-low-level-nont.md
6925593,10.1080/16070658.1982.11689282,1982,in_vivo,neurodeveloppement,,The Journal of microwave power,Exposure of rats to 425-MHz (cW) radiofrequency radiation: effects on lymphocytes.,https://pubmed.ncbi.nlm.nih.gov/6925593/,in_vivo/neurodeveloppement/1982_6925593_exposure-of-rats-to-425-mhz-cw-radiofrequency-radi.md
7163979,10.1002/tera.1420260312,1982,in_vivo,neurodeveloppement,thermique;dosimetrie_exposition,Teratology,Teratogenic effects of 27.12 MHz radiofrequency radiation in rats.,https://pubmed.ncbi.nlm.nih.gov/7163979/,in_vivo/neurodeveloppement/1982_7163979_teratogenic-effects-of-27-12-mhz-radiofrequency-ra.md
7244124,,1981,in_vivo,neurodeveloppement,,Radiation research,Chronic exposure of rats to 100-MHz (CW) radiofrequency radiation: assessment of biological effects.,https://pubmed.ncbi.nlm.nih.gov/7244124/,in_vivo/neurodeveloppement/1981_7244124_chronic-exposure-of-rats-to-100-mhz-cw-radiofreque.md
42785117,10.1016/j.ecoenv.2026.120830,2026,in_vivo,neuroinflammation,apoptose_mitochondrie,,Putative role of NF-κB-mediated inflammation in acute cardiac injury induced by S-band microwave radiation in rats.,https://pubmed.ncbi.nlm.nih.gov/42785117/,in_vivo/neuroinflammation/2026_42785117_putative-role-of-nf-b-mediated-inflammation-in-acu.md
40083229,10.1111/apm.70017,2025,in_vivo,neuroinflammation,genotoxicite_epigenetique;neuro_comportement_cognition,,Microwaves Activate Immune Response and Promote Lymphocytes Proliferation of Wistar Rats.,https://pubmed.ncbi.nlm.nih.gov/40083229/,in_vivo/neuroinflammation/2025_40083229_microwaves-activate-immune-response-and-promote-ly.md
40259937,10.31661/jbpe.v0i0.2407-1793,2025,in_vivo,neuroinflammation,,,Effect of Non-Ionizing Radiations on Liver and Kidney Function Tests in an Animal Model.,https://pubmed.ncbi.nlm.nih.gov/40259937/,in_vivo/neuroinflammation/2025_40259937_effect-of-non-ionizing-radiations-on-liver-and-kid.md
37282482,10.4103/1673-5374.371379,2023,in_vivo,neuroinflammation,neuro_comportement_cognition;genotoxicite_epigenetique;dosimetrie_exposition,Neural regeneration research,Long-term radiofrequency electromagnetic fields exposure attenuates cognitive dysfunction in 5×FAD mice by regulating microglial function.,https://pubmed.ncbi.nlm.nih.gov/37282482/,in_vivo/neuroinflammation/2023_37282482_long-term-radiofrequency-electromagnetic-fields-ex.md
35260711,10.1038/s41598-022-07923-9,2022,in_vivo,neuroinflammation,dosimetrie_exposition,,Exposure to 1800 MHz LTE electromagnetic fields under proinflammatory conditions decreases the response strength and increases the acoustic threshold of auditory cortical neurons.,https://pubmed.ncbi.nlm.nih.gov/35260711/,in_vivo/neuroinflammation/2022_35260711_exposure-to-1800-mhz-lte-electromagnetic-fields-un.md
36497106,10.3390/cells11233849,2022,in_vivo,neuroinflammation,dosimetrie_exposition,,The Biological Effects of Compound Microwave Exposure with 2.8 GHz and 9.3 GHz on Immune System: Transcriptomic and Proteomic Analysis.,https://pubmed.ncbi.nlm.nih.gov/36497106/,in_vivo/neuroinflammation/2022_36497106_the-biological-effects-of-compound-microwave-expos.md
PPR444639,10.1101/2022.01.13.476168,2022,in_vivo,neuroinflammation,dosimetrie_exposition,,Exposure to 1800 MHz LTE electromagnetic fields under proinflammatory conditions decreases the response strength and increases the acoustic threshold of auditory cortical neurons,https://doi.org/10.1101/2022.01.13.476168,in_vivo/neuroinflammation/2022_PPR444639_exposure-to-1800-mhz-lte-electromagnetic-fields-un.md
32347032,10.22074/cellj.2021.6856,2021,in_vivo,neuroinflammation,cancer,Cell journal,The Immunomodulatory Effect of Radiofrequency Electromagnetic Field on Serum Cytokine Levels in A Mouse Model of Hindlimb Unloading.,https://pubmed.ncbi.nlm.nih.gov/32347032/,in_vivo/neuroinflammation/2021_32347032_the-immunomodulatory-effect-of-radiofrequency-elec.md
32212071,10.1007/s11356-020-07916-z,2020,in_vivo,neuroinflammation,neuro_comportement_cognition;stress_oxydatif;dosimetrie_exposition,,"Effect of mobile phone radiation on oxidative stress, inflammatory response, and contextual fear memory in Wistar rat.",https://pubmed.ncbi.nlm.nih.gov/32212071/,in_vivo/neuroinflammation/2020_32212071_effect-of-mobile-phone-radiation-on-oxidative-stre.md
29627390,10.1016/j.ebiom.2018.03.030,2018,in_vivo,neuroinflammation,,EBioMedicine,Sodium Butyrate Inhibits Inflammation and Maintains Epithelium Barrier Integrity in a TNBS-induced Inflammatory Bowel Disease Mice Model.,https://pubmed.ncbi.nlm.nih.gov/29627390/,in_vivo/neuroinflammation/2018_29627390_sodium-butyrate-inhibits-inflammation-and-maintain.md
30029554,10.3390/ijms19072103,2018,in_vivo,neuroinflammation,neuro_comportement_cognition;apoptose_mitochondrie;stress_oxydatif,International journal of molecular sciences,Impact of Long-Term RF-EMF on Oxidative Stress and Neuroinflammation in Aging Brains of C57BL/6 Mice.,https://pubmed.ncbi.nlm.nih.gov/30029554/,in_vivo/neuroinflammation/2018_30029554_impact-of-long-term-rf-emf-on-oxidative-stress-and.md
28370033,10.1002/bem.22049,2017,in_vivo,neuroinflammation,stress_oxydatif,Bioelectromagnetics,Extremely low-frequency electromagnetic field exposure enhances inflammatory response and inhibits effect of antioxidant in RAW 264.7 cells.,https://pubmed.ncbi.nlm.nih.gov/28370033/,in_vivo/neuroinflammation/2017_28370033_extremely-low-frequency-electromagnetic-field-expo.md
24548626,10.1016/j.neulet.2014.02.013,2014,in_vivo,neuroinflammation,plasticite_synaptique;dosimetrie_exposition,Neuroscience letters,Immunohistochemical localization of brain-derived neurotrophic factor and glial cell line-derived neurotrophic factor in the superior olivary complex of mice after radiofrequency exposure.,https://pubmed.ncbi.nlm.nih.gov/24548626/,in_vivo/neuroinflammation/2014_24548626_immunohistochemical-localization-of-brain-derived.md
20546709,10.1016/j.brainres.2010.05.045,2010,in_vivo,neuroinflammation,apoptose_mitochondrie;neuro_comportement_cognition;dosimetrie_exposition,Brain research,Chronic 835-MHz radiofrequency exposure to mice hippocampus alters the distribution of calbindin and GFAP immunoreactivity.,https://pubmed.ncbi.nlm.nih.gov/20546709/,in_vivo/neuroinflammation/2010_20546709_chronic-835-mhz-radiofrequency-exposure-to-mice-hi.md
42260123,10.1038/s41598-026-57133-w,2026,in_vivo,plasticite_synaptique,genotoxicite_epigenetique,,Early-life exposure to 27.5 GHz 5G millimeter-wave radiation induces skin-related biological responses in mice.,https://pubmed.ncbi.nlm.nih.gov/42260123/,in_vivo/plasticite_synaptique/2026_42260123_early-life-exposure-to-27-5-ghz-5g-millimeter-wave.md
33635159,10.1080/00207454.2021.1896502,2023,in_vivo,plasticite_synaptique,neuro_comportement_cognition;dosimetrie_exposition,,Chronic exposure to 2.45 GHz microwave radiation improves cognition and synaptic plasticity impairment in vascular dementia model.,https://pubmed.ncbi.nlm.nih.gov/33635159/,in_vivo/plasticite_synaptique/2023_33635159_chronic-exposure-to-2-45-ghz-microwave-radiation-i.md
35241689,10.1038/s41598-022-06914-0,2022,in_vivo,plasticite_synaptique,neuro_comportement_cognition;apoptose_mitochondrie;dosimetrie_exposition,Scientific reports,Changes in the excitability of primary hippocampal neurons following exposure to 3.0 GHz radiofrequency electromagnetic fields.,https://pubmed.ncbi.nlm.nih.gov/35241689/,in_vivo/plasticite_synaptique/2022_35241689_changes-in-the-excitability-of-primary-hippocampal.md
30345889,10.1177/0748233718798976,2018,in_vivo,plasticite_synaptique,neuro_comportement_cognition;dosimetrie_exposition,Toxicology and industrial health,"2.45 GHz microwave radiation impairs learning, memory, and hippocampal synaptic plasticity in the rat.",https://pubmed.ncbi.nlm.nih.gov/30345889/,in_vivo/plasticite_synaptique/2018_30345889_2-45-ghz-microwave-radiation-impairs-learning-memo.md
20816824,10.1016/j.expneurol.2010.08.022,2010,in_vivo,plasticite_synaptique,neurodeveloppement,Experimental neurology,Exposure to extremely low-frequency (50 Hz) electromagnetic fields enhances adult hippocampal neurogenesis in C57BL/6 mice.,https://pubmed.ncbi.nlm.nih.gov/20816824/,in_vivo/plasticite_synaptique/2010_20816824_exposure-to-extremely-low-frequency-50-hz-electrom.md
15571980,10.1016/j.nbd.2004.07.004,2004,in_vivo,plasticite_synaptique,neuroinflammation;neuro_comportement_cognition,Neurobiology of disease,Acute exposure to GSM 900-MHz electromagnetic fields induces glial reactivity and biochemical modifications in the rat brain.,https://pubmed.ncbi.nlm.nih.gov/15571980/,in_vivo/plasticite_synaptique/2004_15571980_acute-exposure-to-gsm-900-mhz-electromagnetic-fiel.md
11520491,10.1016/s0006-8993(01)02599-9,2001,in_vivo,plasticite_synaptique,thermique;dosimetrie_exposition,Brain research,Effects of radiofrequency exposure on the GABAergic system in the rat cerebellum: clues from semi-quantitative immunohistochemistry.,https://pubmed.ncbi.nlm.nih.gov/11520491/,in_vivo/plasticite_synaptique/2001_11520491_effects-of-radiofrequency-exposure-on-the-gabaergi.md
8789065,10.1002/bem.2250160602,1995,in_vivo,plasticite_synaptique,reproduction,Bioelectromagnetics,Biologic effects of prolonged exposure to ELF electromagnetic fields in rats: II. 50 Hz magnetic fields.,https://pubmed.ncbi.nlm.nih.gov/8789065/,in_vivo/plasticite_synaptique/1995_8789065_biologic-effects-of-prolonged-exposure-to-elf-elec.md
41069247,10.1080/15368378.2025.2571658,2026,in_vivo,reproduction,stress_oxydatif;dosimetrie_exposition,,Assessing the potential of carbon fibre reinforced polymer shielding in protecting male reproductive health from mobile phone radiation.,https://pubmed.ncbi.nlm.nih.gov/41069247/,in_vivo/reproduction/2026_41069247_assessing-the-potential-of-carbon-fibre-reinforced.md
41578890,10.1002/bem.70043,2026,in_vivo,reproduction,stress_oxydatif;dosimetrie_exposition,,Ameliorative Role of Coenzyme Q10 in RF Radiation-Associated Testicular and Oxidative Impairments in a 3.5-GHz Exposure Model.,https://pubmed.ncbi.nlm.nih.gov/41578890/,in_vivo/reproduction/2026_41578890_ameliorative-role-of-coenzyme-q10-in-rf-radiation.md
41593330,10.1038/s41598-026-37323-2,2026,in_vivo,reproduction,genotoxicite_epigenetique,,Effects of wireless local area network exposure on testicular morphology and VEGF levels.,https://pubmed.ncbi.nlm.nih.gov/41593330/,in_vivo/reproduction/2026_41593330_effects-of-wireless-local-area-network-exposure-on.md
41604021,10.1007/s10735-026-10720-7,2026,in_vivo,reproduction,apoptose_mitochondrie;stress_oxydatif;cancer,,Effect of dual RF-EMF and pulsed magnetic field exposure on eNOS expression and histological integrity in male rat reproductive tissues.,https://pubmed.ncbi.nlm.nih.gov/41604021/,in_vivo/reproduction/2026_41604021_effect-of-dual-rf-emf-and-pulsed-magnetic-field-ex.md
41950782,10.1016/j.ecoenv.2026.120106,2026,in_vivo,reproduction,dosimetrie_exposition,Ecotoxicology and environmental safety,Effects of prolonged exposure to 2.45 GHz electromagnetic fields on mouse health over a 5-month period.,https://pubmed.ncbi.nlm.nih.gov/41950782/,in_vivo/reproduction/2026_41950782_effects-of-prolonged-exposure-to-2-45-ghz-electrom.md
42074096,10.3390/ijms27083452,2026,in_vivo,reproduction,genotoxicite_epigenetique;dosimetrie_exposition,,Testicular Heat-Shock Protein Expression in Rats Following 3.5 GHz and 24 GHz RF-EMF Exposure.,https://pubmed.ncbi.nlm.nih.gov/42074096/,in_vivo/reproduction/2026_42074096_testicular-heat-shock-protein-expression-in-rats-f.md
42196560,10.3390/ijms27104582,2026,in_vivo,reproduction,dosimetrie_exposition;genotoxicite_epigenetique,,The Effect of 2.45 GHz Radiofrequency Electromagnetic Radiation on Components of the Hypothalamic-Pituitary-Gonadal Axis in Male Rats.,https://pubmed.ncbi.nlm.nih.gov/42196560/,in_vivo/reproduction/2026_42196560_the-effect-of-2-45-ghz-radiofrequency-electromagne.md
42690869,10.25259/ijmr_3658_2025,2026,in_vivo,reproduction,neurodeveloppement,,"Effects of 5G frequencies on sperm parameters, mating success, and offspring outcomes in rats.",https://pubmed.ncbi.nlm.nih.gov/42690869/,in_vivo/reproduction/2026_42690869_effects-of-5g-frequencies-on-sperm-parameters-mati.md
42693069,10.5115/acb.25.162,2026,in_vivo,reproduction,neurodeveloppement,,Moringa leaf mitigates 4G cell phone radiation-induced alterations in testicular histomorphometry and spermatogenesis during sexual maturation in Wistar rats.,https://pubmed.ncbi.nlm.nih.gov/42693069/,in_vivo/reproduction/2026_42693069_moringa-leaf-mitigates-4g-cell-phone-radiation-ind.md
42810696,10.1016/j.reprotox.2026.109370,2026,in_vivo,reproduction,dosimetrie_exposition;cancer;thermique,"Reproductive toxicology (Elmsford, N.Y.)",Strain-Dependent Effects of Long-Term Exposure to 27.5GHz 5G Millimeter Waves on Male Reproductive Outcomes in Mice.,https://pubmed.ncbi.nlm.nih.gov/42810696/,in_vivo/reproduction/2026_42810696_strain-dependent-effects-of-long-term-exposure-to.md
39806168,10.1007/s43032-024-01774-7,2025,in_vivo,reproduction,stress_oxydatif;neuroinflammation;apoptose_mitochondrie,,Amelioration and Immuno-modulation by Ashwagandha on Wi-fi Induced Oxidative Stress in Regulating Reproduction Via Estrogen Receptor Alpha in Male Japanese Quail.,https://pubmed.ncbi.nlm.nih.gov/39806168/,in_vivo/reproduction/2025_39806168_amelioration-and-immuno-modulation-by-ashwagandha.md
40002366,10.3390/antiox14020179,2025,in_vivo,reproduction,stress_oxydatif,,The Influence of 2.45 GHz Wi-Fi Exposure Duration on Sperm Quality and Testicular Histopathology: An Exploration of Peroxidative Injury.,https://pubmed.ncbi.nlm.nih.gov/40002366/,in_vivo/reproduction/2025_40002366_the-influence-of-2-45-ghz-wi-fi-exposure-duration.md
40086029,10.1016/j.ecoenv.2025.118040,2025,in_vivo,reproduction,genotoxicite_epigenetique;stress_oxydatif,,Transcriptomic and metabolic profiling reveals the effects of long-term microwave exposure on testicular tissue.,https://pubmed.ncbi.nlm.nih.gov/40086029/,in_vivo/reproduction/2025_40086029_transcriptomic-and-metabolic-profiling-reveals-the.md
40192818,10.1530/rep-25-0048,2025,in_vivo,reproduction,dosimetrie_exposition,,Histomorphometry and sperm quality in male rats exposed to 2.45 GHz Wi-Fi.,https://pubmed.ncbi.nlm.nih.gov/40192818/,in_vivo/reproduction/2025_40192818_histomorphometry-and-sperm-quality-in-male-rats-ex.md
40851959,10.1097/ms9.0000000000003340,2025,in_vivo,reproduction,,,Effects of coenzyme Q10 on sperm parameters and pathological changes induced by Wi-Fi waves in the testicular tissue of rats.,https://pubmed.ncbi.nlm.nih.gov/40851959/,in_vivo/reproduction/2025_40851959_effects-of-coenzyme-q10-on-sperm-parameters-and-pa.md
41048265,10.3389/fpubh.2025.1623701,2025,in_vivo,reproduction,stress_oxydatif,,Differential metabolic responses of mouse Leydig and spermatogonia cells to radiofrequency electromagnetic field exposure.,https://pubmed.ncbi.nlm.nih.gov/41048265/,in_vivo/reproduction/2025_41048265_differential-metabolic-responses-of-mouse-leydig-a.md
41128732,10.1111/nyas.70116,2025,in_vivo,reproduction,neurodeveloppement;apoptose_mitochondrie;genotoxicite_epigenetique,,Male Reproductive and Cellular Damage After Prenatal 3.5 GHz Radiation Exposure: One-Year Postnatal Effects.,https://pubmed.ncbi.nlm.nih.gov/41128732/,in_vivo/reproduction/2025_41128732_male-reproductive-and-cellular-damage-after-prenat.md
41153756,10.3390/biomedicines13102471,2025,in_vivo,reproduction,genotoxicite_epigenetique;apoptose_mitochondrie,,"Prolonged 3.5 GHz and 24 GHz RF-EMF Exposure Alters Testicular Immune Balance, Apoptotic Gene Expression, and Sperm Function in Rats.",https://pubmed.ncbi.nlm.nih.gov/41153756/,in_vivo/reproduction/2025_41153756_prolonged-3-5-ghz-and-24-ghz-rf-emf-exposure-alter.md
41377131,10.31661/jbpe.v0i0.2405-1759,2025,in_vivo,reproduction,thermique,,Mitigating Heat-Induced Sperm Damage and Testicular Tissue Abnormalities: The Protective Role of Radiofrequency Radiation from Wi-Fi Routers in Rodent Models.,https://pubmed.ncbi.nlm.nih.gov/41377131/,in_vivo/reproduction/2025_41377131_mitigating-heat-induced-sperm-damage-and-testicula.md
PPR1136102,10.21203/rs.3.rs-8312864/v1,2025,in_vivo,reproduction,genotoxicite_epigenetique,,Genome-wide sperm DNA methylation alterations in individuals exposed to radar electromagnetic radiation,https://doi.org/10.21203/rs.3.rs-8312864/v1,in_vivo/reproduction/2025_PPR1136102_genome-wide-sperm-dna-methylation-alterations-in-i.md
38102429,10.1007/s11356-023-31367-x,2024,in_vivo,reproduction,stress_oxydatif;apoptose_mitochondrie,Environmental science and pollution research international,"Effects of 4G mobile phone radiation exposure on reproductive, hepatic, renal, and hematological parameters of male Wistar rat.",https://pubmed.ncbi.nlm.nih.gov/38102429/,in_vivo/reproduction/2024_38102429_effects-of-4g-mobile-phone-radiation-exposure-on-r.md
38997526,10.1007/s00418-024-02308-7,2024,in_vivo,reproduction,apoptose_mitochondrie,Histochemistry and cell biology,Short and long-term 2100 MHz radiofrequency radiation causes endoplasmic reticulum stress in rat testis.,https://pubmed.ncbi.nlm.nih.gov/38997526/,in_vivo/reproduction/2024_38997526_short-and-long-term-2100-mhz-radiofrequency-radiat.md
39263384,10.1002/rmb2.12606,2024,in_vivo,reproduction,,,Exploring edible bird nest's potential in mitigating Wi-Fi's impact on male reproductive health.,https://pubmed.ncbi.nlm.nih.gov/39263384/,in_vivo/reproduction/2024_39263384_exploring-edible-bird-nest-s-potential-in-mitigati.md
37413938,10.1016/j.androl.2023.100371,2023,in_vivo,reproduction,eeg_sommeil;stress_oxydatif;apoptose_mitochondrie,Revista internacional de andrologia,Therapeutic effects of melatonin in long-term exposure to 2100MHz radiofrequency radiation on rat sperm characteristics.,https://pubmed.ncbi.nlm.nih.gov/37413938/,in_vivo/reproduction/2023_37413938_therapeutic-effects-of-melatonin-in-long-term-expo.md
37569626,10.3390/ijms241512250,2023,in_vivo,reproduction,stress_oxydatif;apoptose_mitochondrie,,Metformin Ameliorates 2.856 GHz Microwave- Radiation-Induced Reproductive Impairments in Male Rats via Inhibition of Oxidative Stress and Apoptosis.,https://pubmed.ncbi.nlm.nih.gov/37569626/,in_vivo/reproduction/2023_37569626_metformin-ameliorates-2-856-ghz-microwave-radiatio.md
33111595,10.1080/01480545.2020.1833905,2022,in_vivo,reproduction,dosimetrie_exposition,Drug and chemical toxicology,Cumulative effects of manganese nanoparticle and radiofrequency radiation in male Wistar rats.,https://pubmed.ncbi.nlm.nih.gov/33111595/,in_vivo/reproduction/2022_33111595_cumulative-effects-of-manganese-nanoparticle-and-r.md
35602139,10.3389/fpubh.2022.872198,2022,in_vivo,reproduction,neurodeveloppement;dosimetrie_exposition;genotoxicite_epigenetique,Frontiers in public health,Paternal Radiofrequency Electromagnetic Radiation Exposure Causes Sex-Specific Differences in Body Weight Trajectory and Glucose Metabolism in Offspring Mice.,https://pubmed.ncbi.nlm.nih.gov/35602139/,in_vivo/reproduction/2022_35602139_paternal-radiofrequency-electromagnetic-radiation.md
35707372,10.1155/2022/5182172,2022,in_vivo,reproduction,neuroinflammation;apoptose_mitochondrie,,Effects of 5.8 GHz Microwaves on Testicular Structure and Function in Rats.,https://pubmed.ncbi.nlm.nih.gov/35707372/,in_vivo/reproduction/2022_35707372_effects-of-5-8-ghz-microwaves-on-testicular-struct.md
36113179,10.1016/j.bbrc.2022.09.009,2022,in_vivo,reproduction,stress_oxydatif;neuroinflammation;thermique,,2.45 GHz microwave radiation induced oxidative stress: Role of inflammatory cytokines in regulating male fertility through estrogen receptor alpha in Gallus gallus domesticus.,https://pubmed.ncbi.nlm.nih.gov/36113179/,in_vivo/reproduction/2022_36113179_2-45-ghz-microwave-radiation-induced-oxidative-str.md
36676695,10.3390/medicina59010071,2022,in_vivo,reproduction,neurodeveloppement;stress_oxydatif;apoptose_mitochondrie,,The Effects of Prenatal and Postnatal Exposure to 50-Hz and 3 mT Electromagnetic Field on Rat Testicular Development.,https://pubmed.ncbi.nlm.nih.gov/36676695/,in_vivo/reproduction/2022_36676695_the-effects-of-prenatal-and-postnatal-exposure-to.md
34012329,10.1016/j.sjbs.2021.02.028,2021,in_vivo,reproduction,dosimetrie_exposition,,Hematobiochemical and histopathological alterations of kidney and testis due to exposure of 4G cell phone radiation in mice.,https://pubmed.ncbi.nlm.nih.gov/34012329/,in_vivo/reproduction/2021_34012329_hematobiochemical-and-histopathological-alteration.md
31514029,10.1016/j.scitotenv.2019.133860,2020,in_vivo,reproduction,neuro_comportement_cognition,The Science of the total environment,Long-term exposure to 4G smartphone radiofrequency electromagnetic radiation diminished male reproductive potential by directly disrupting Spock3-MMP2-BTB axis in the testes of adult rats.,https://pubmed.ncbi.nlm.nih.gov/31514029/,in_vivo/reproduction/2020_31514029_long-term-exposure-to-4g-smartphone-radiofrequency.md
33040351,10.1111/and.13834,2020,in_vivo,reproduction,stress_oxydatif;eeg_sommeil,Andrologia,The protective effect of melatonin on radiofrequency electromagnetic fields of mobile phone-induced testicular damage in an experimental mouse model.,https://pubmed.ncbi.nlm.nih.gov/33040351/,in_vivo/reproduction/2020_33040351_the-protective-effect-of-melatonin-on-radiofrequen.md
31767903,10.1038/s41598-019-53983-9,2019,in_vivo,reproduction,stress_oxydatif;genotoxicite_epigenetique;apoptose_mitochondrie,Scientific reports,Whole-body exposures to radiofrequency-electromagnetic energy can cause DNA damage in mouse spermatozoa via an oxidative mechanism.,https://pubmed.ncbi.nlm.nih.gov/31767903/,in_vivo/reproduction/2019_31767903_whole-body-exposures-to-radiofrequency-electromagn.md
28782295,10.1111/and.12828,2018,in_vivo,reproduction,neuroinflammation,Andrologia,Activation of TLR signalling regulates microwave radiation-mediated impairment of spermatogenesis in rat testis.,https://pubmed.ncbi.nlm.nih.gov/28782295/,in_vivo/reproduction/2018_28782295_activation-of-tlr-signalling-regulates-microwave-r.md
27738269,10.1177/0748233716671206,2017,in_vivo,reproduction,apoptose_mitochondrie;stress_oxydatif;genotoxicite_epigenetique,Toxicology and industrial health,Radiofrequency radiation (900 MHz)-induced DNA damage and cell cycle arrest in testicular germ cells in swiss albino mice.,https://pubmed.ncbi.nlm.nih.gov/27738269/,in_vivo/reproduction/2017_27738269_radiofrequency-radiation-900-mhz-induced-dna-damag.md
28397118,10.1007/s11356-017-8882-z,2017,in_vivo,reproduction,cancer,Environmental science and pollution research international,Proteomic analysis of continuous 900-MHz radiofrequency electromagnetic field exposure in testicular tissue: a rat model of human cell phone exposure.,https://pubmed.ncbi.nlm.nih.gov/28397118/,in_vivo/reproduction/2017_28397118_proteomic-analysis-of-continuous-900-mhz-radiofreq.md
26775760,10.1016/j.jchemneu.2016.01.003,2016,in_vivo,reproduction,genotoxicite_epigenetique,Journal of chemical neuroanatomy,Does prolonged radiofrequency radiation emitted from Wi-Fi devices induce DNA damage in various tissues of rats?,https://pubmed.ncbi.nlm.nih.gov/26775760/,in_vivo/reproduction/2016_26775760_does-prolonged-radiofrequency-radiation-emitted-fr.md
24460421,10.3109/15368378.2013.869752,2015,in_vivo,reproduction,,Electromagnetic biology and medicine,Effect of long-term exposure of 2.4 GHz radiofrequency radiation emitted from Wi-Fi equipment on testes functions.,https://pubmed.ncbi.nlm.nih.gov/24460421/,in_vivo/reproduction/2015_24460421_effect-of-long-term-exposure-of-2-4-ghz-radiofrequ.md
26550159,,2015,in_vivo,reproduction,stress_oxydatif;apoptose_mitochondrie,International journal of clinical and experimental medicine,The radioprotective effects of Moringa oleifera against mobile phone electromagnetic radiation-induced infertility in rats.,https://pubmed.ncbi.nlm.nih.gov/26550159/,in_vivo/reproduction/2015_26550159_the-radioprotective-effects-of-moringa-oleifera-ag.md
23781998,10.3109/15368378.2013.801850,2014,in_vivo,reproduction,dosimetrie_exposition,Electromagnetic biology and medicine,Long-term effects of 900 MHz radiofrequency radiation emitted from mobile phone on testicular tissue and epididymal semen quality.,https://pubmed.ncbi.nlm.nih.gov/23781998/,in_vivo/reproduction/2014_23781998_long-term-effects-of-900-mhz-radiofrequency-radiat.md
24357488,10.1007/s00484-013-0771-7,2014,in_vivo,reproduction,,International journal of biometeorology,Impact of 900 MHz electromagnetic field exposure on main male reproductive hormone levels: a Rattus norvegicus model.,https://pubmed.ncbi.nlm.nih.gov/24357488/,in_vivo/reproduction/2014_24357488_impact-of-900-mhz-electromagnetic-field-exposure-o.md
24384757,10.2478/10004-1254-64-2013-2394,2013,in_vivo,reproduction,dosimetrie_exposition,Arhiv za higijenu rada i toksikologiju,Histological and cytological examination of rat reproductive tissue after short-time intermittent radiofrequency exposure.,https://pubmed.ncbi.nlm.nih.gov/24384757/,in_vivo/reproduction/2013_24384757_histological-and-cytological-examination-of-rat-re.md
19816647,10.1007/s00128-009-9894-2,2010,in_vivo,reproduction,,Bulletin of environmental contamination and toxicology,"Preliminary study on the induction of sperm head abnormalities in mice, Mus musculus, exposed to radiofrequency radiations from global system for mobile communication base stations.",https://pubmed.ncbi.nlm.nih.gov/19816647/,in_vivo/reproduction/2010_19816647_preliminary-study-on-the-induction-of-sperm-head-a.md
20176397,10.1016/j.theriogenology.2009.12.010,2010,in_vivo,reproduction,neurodeveloppement,Theriogenology,Extremely low frequency electromagnetic field exposure affects fertilization outcome in swine animal model.,https://pubmed.ncbi.nlm.nih.gov/20176397/,in_vivo/reproduction/2010_20176397_extremely-low-frequency-electromagnetic-field-expo.md
19138054,10.1667/RR1460.1,2009,in_vivo,reproduction,neuro_comportement_cognition,Radiation research,Effects of radiofrequency electromagnetic fields (UMTS) on reproduction and development of mice: a multi-generation study.,https://pubmed.ncbi.nlm.nih.gov/19138054/,in_vivo/reproduction/2009_19138054_effects-of-radiofrequency-electromagnetic-fields-u.md
15806208,,2005,in_vivo,reproduction,,Saudi medical journal,Biological and morphological effects on the reproductive organ of rats after exposure to electromagnetic field.,https://pubmed.ncbi.nlm.nih.gov/15806208/,in_vivo/reproduction/2005_15806208_biological-and-morphological-effects-on-the-reprod.md
15064831,,2004,in_vivo,reproduction,apoptose_mitochondrie,Asian journal of andrology,Effects of 60 Hz electromagnetic field exposure on testicular germ cell apoptosis in mice.,https://pubmed.ncbi.nlm.nih.gov/15064831/,in_vivo/reproduction/2004_15064831_effects-of-60-hz-electromagnetic-field-exposure-on.md
41619885,10.1016/j.ijbiomac.2026.150616,2026,in_vivo,stress_oxydatif,,International journal of biological macromolecules,"Physicochemical, rheological, and biological properties of insect chitosans (Zophobas morio and Tenebrio molitor) with different molecular weights produced by physical depolymerization.",https://pubmed.ncbi.nlm.nih.gov/41619885/,in_vivo/stress_oxydatif/2026_41619885_physicochemical-rheological-and-biological-propert.md
41729317,10.1007/s00068-026-03119-2,2026,in_vivo,stress_oxydatif,apoptose_mitochondrie,,Synergistic mitigation of endotoxin-induced liver injury by low-frequency PMF and 27.12 MHz RF-EMF: a multi-biomarker experimental study.,https://pubmed.ncbi.nlm.nih.gov/41729317/,in_vivo/stress_oxydatif/2026_41729317_synergistic-mitigation-of-endotoxin-induced-liver.md
41934922,10.1016/j.tice.2026.103510,2026,in_vivo,stress_oxydatif,neuroinflammation,Tissue & cell,The neuroprotective role of coenzyme Q10 against endoplasmic reticulum stress in the olfactory bulb caused by 5 G electromagnetic field exposure.,https://pubmed.ncbi.nlm.nih.gov/41934922/,in_vivo/stress_oxydatif/2026_41934922_the-neuroprotective-role-of-coenzyme-q10-against-e.md
42235860,10.1016/j.bmcl.2026.130706,2026,in_vivo,stress_oxydatif,,,A rapid and scalable microwave-assisted strategy for the synthesis of neocryptolepine and its analogues: Comprehensive bioactivity profiling.,https://pubmed.ncbi.nlm.nih.gov/42235860/,in_vivo/stress_oxydatif/2026_42235860_a-rapid-and-scalable-microwave-assisted-strategy-f.md
42269427,10.1016/j.foodchem.2026.149912,2026,in_vivo,stress_oxydatif,thermique,Food chemistry,Invisible plastic release from overlooked usage practices in microwaved food packaging.,https://pubmed.ncbi.nlm.nih.gov/42269427/,in_vivo/stress_oxydatif/2026_42269427_invisible-plastic-release-from-overlooked-usage-pr.md
42309018,10.1016/j.ecoenv.2026.120386,2026,in_vivo,stress_oxydatif,,,Effects and mechanisms of lipidomic and development alterations in ire-1 mutant Caenorhabditis elegans under extremely low-frequency electromagnetic field exposure.,https://pubmed.ncbi.nlm.nih.gov/42309018/,in_vivo/stress_oxydatif/2026_42309018_effects-and-mechanisms-of-lipidomic-and-developmen.md
42332180,10.1038/s41598-026-59252-w,2026,in_vivo,stress_oxydatif,genotoxicite_epigenetique;dosimetrie_exposition,,Coenzyme Q10 protects against 6 GHz electromagnetic field-induced liver injury via suppression of inflammatory responses associated with NF-κB/p65 immunoreactivity and endoplasmic reticulum stress.,https://pubmed.ncbi.nlm.nih.gov/42332180/,in_vivo/stress_oxydatif/2026_42332180_coenzyme-q10-protects-against-6-ghz-electromagneti.md
42499284,10.1177/03915603261448981,2026,in_vivo,stress_oxydatif,reproduction;dosimetrie_exposition,,Testicular damage from electromagnetic radiation in rats and evaluation of protective agents.,https://pubmed.ncbi.nlm.nih.gov/42499284/,in_vivo/stress_oxydatif/2026_42499284_testicular-damage-from-electromagnetic-radiation-i.md
42537032,,2026,in_vivo,stress_oxydatif,neuroinflammation,Nigerian journal of physiological sciences : official publication of the Physiological Society of Nigeria,Protective Effect of Vitamin E Against Mobile Phone-Induced Oxidative Stress and Neuronal Injury in Rats.,https://pubmed.ncbi.nlm.nih.gov/42537032/,in_vivo/stress_oxydatif/2026_42537032_protective-effect-of-vitamin-e-against-mobile-phon.md
42708859,10.1080/02713683.2026.2724598,2026,in_vivo,stress_oxydatif,,,Protective Effects of Fushiming Against Microwave Radiation-Induced Retinal Damage: A Network Pharmacology and Experimental Study.,https://pubmed.ncbi.nlm.nih.gov/42708859/,in_vivo/stress_oxydatif/2026_42708859_protective-effects-of-fushiming-against-microwave.md
42718837,10.3389/frph.2026.1912688,2026,in_vivo,stress_oxydatif,reproduction;genotoxicite_epigenetique,,Swadamshtradi rasayana attenuates radiofrequency radiation-induced oxidative stress and improves sperm parameters in Swiss albino mice.,https://pubmed.ncbi.nlm.nih.gov/42718837/,in_vivo/stress_oxydatif/2026_42718837_swadamshtradi-rasayana-attenuates-radiofrequency-r.md
42737802,10.3390/ijms27177904,2026,in_vivo,stress_oxydatif,genotoxicite_epigenetique,International journal of molecular sciences,Pulsed Electromagnetic Field Exposure Attenuates Ultraviolet B-Induced Dermal Collagen Loss in Association with A2A Adenosine Receptor Signaling.,https://pubmed.ncbi.nlm.nih.gov/42737802/,in_vivo/stress_oxydatif/2026_42737802_pulsed-electromagnetic-field-exposure-attenuates-u.md
40005355,10.3390/medicina61020238,2025,in_vivo,stress_oxydatif,apoptose_mitochondrie;neuroinflammation;genotoxicite_epigenetique,,"Radiofrequency Electromagnetic and Pulsed Magnetic Fields Protected the Kidney Against Lipopolysaccharide-Induced Acute Systemic Inflammation, Oxidative Stress, and Apoptosis by Regulating the IL-6/HIF1α/eNOS and Bcl2/Bax/Cas-9 Pathways.",https://pubmed.ncbi.nlm.nih.gov/40005355/,in_vivo/stress_oxydatif/2025_40005355_radiofrequency-electromagnetic-and-pulsed-magnetic.md
40084245,10.7150/ijms.105479,2025,in_vivo,stress_oxydatif,apoptose_mitochondrie,,Radiofrequency electromagnetic field ınhibits HIF-1 alpha and activates eNOS signaling to prevent intestinal damage in a model of mesenteric artery ischemia in rats.,https://pubmed.ncbi.nlm.nih.gov/40084245/,in_vivo/stress_oxydatif/2025_40084245_radiofrequency-electromagnetic-field-nhibits-hif-1.md
40243492,10.3390/ijms26072871,2025,in_vivo,stress_oxydatif,neuro_comportement_cognition,,The Impact of 9.375 GHz Microwave Radiation on the Emotional and Cognitive Abilities of Mice.,https://pubmed.ncbi.nlm.nih.gov/40243492/,in_vivo/stress_oxydatif/2025_40243492_the-impact-of-9-375-ghz-microwave-radiation-on-the.md
40469637,10.1002/pul2.70051,2025,in_vivo,stress_oxydatif,apoptose_mitochondrie;cancer,,Prophylactic Effects of Radiofrequency Electromagnetic Field on Pulmonary Ischemia-Reperfusion via HIF-1α/eNOS Pathway and BCL2/BAX Signaling.,https://pubmed.ncbi.nlm.nih.gov/40469637/,in_vivo/stress_oxydatif/2025_40469637_prophylactic-effects-of-radiofrequency-electromagn.md
40527021,10.1016/j.ecoenv.2025.118523,2025,in_vivo,stress_oxydatif,reproduction;apoptose_mitochondrie,,Microwave exposure induced ferroptosis by inhibiting the Nrf2 pathway and affected reproductive function in male mice.,https://pubmed.ncbi.nlm.nih.gov/40527021/,in_vivo/stress_oxydatif/2025_40527021_microwave-exposure-induced-ferroptosis-by-inhibiti.md
40625224,10.1080/15368378.2025.2528732,2025,in_vivo,stress_oxydatif,,,Protective effects of quercetin against 3.5 GHz RF radiation-induced thyroid dysfunction and oxidative stress in rats.,https://pubmed.ncbi.nlm.nih.gov/40625224/,in_vivo/stress_oxydatif/2025_40625224_protective-effects-of-quercetin-against-3-5-ghz-rf.md
40910753,10.1039/d5tb01395j,2025,in_vivo,stress_oxydatif,,Journal of materials chemistry. B,Oxygen vacancy-enhanced microwave catalysis of Zn-Fe spinel for implant-related infections.,https://pubmed.ncbi.nlm.nih.gov/40910753/,in_vivo/stress_oxydatif/2025_40910753_oxygen-vacancy-enhanced-microwave-catalysis-of-zn.md
41146578,10.1002/dneu.23013,2025,in_vivo,stress_oxydatif,neurodeveloppement,,Effect of 900 MHz Electromagnetic Field Exposure During Different Trimesters of Pregnancy on TRPM2-Mediated Ferroptosis and Neurotoxicity in the Trigeminal Ganglion of Rats: Protective Role of Ferrostatin-1.,https://pubmed.ncbi.nlm.nih.gov/41146578/,in_vivo/stress_oxydatif/2025_41146578_effect-of-900-mhz-electromagnetic-field-exposure-d.md
41321590,10.1155/mi/7870941,2025,in_vivo,stress_oxydatif,neuroinflammation;apoptose_mitochondrie;cancer,Mediators of inflammation,Alleviation of Inflammatory Conditions Caused by Extremely Low-Frequency Electromagnetic Field Exposure by Panax ginseng.,https://pubmed.ncbi.nlm.nih.gov/41321590/,in_vivo/stress_oxydatif/2025_41321590_alleviation-of-inflammatory-conditions-caused-by-e.md
41339792,10.1186/s12870-025-07762-6,2025,in_vivo,stress_oxydatif,neuro_comportement_cognition,,Microwaves as a novel seed priming method to augment salinity tolerance via regulating the physiological homeostasis and oxidative defense modes in Gypsophila paniculata plants.,https://pubmed.ncbi.nlm.nih.gov/41339792/,in_vivo/stress_oxydatif/2025_41339792_microwaves-as-a-novel-seed-priming-method-to-augme.md
41463099,10.3390/biomedicines13123089,2025,in_vivo,stress_oxydatif,reproduction,,Alpha-Lipoic Acid Preserves Testicular Integrity Under 2.45 GHz Electromagnetic Radiation by Restoring Redox and Inflammatory Balance.,https://pubmed.ncbi.nlm.nih.gov/41463099/,in_vivo/stress_oxydatif/2025_41463099_alpha-lipoic-acid-preserves-testicular-integrity-u.md
37572955,10.1016/j.pharma.2023.08.003,2024,in_vivo,stress_oxydatif,,Annales pharmaceutiques francaises,Extract of Chenopodium album lowers blood pressure in rats through endothelium-dependent and -independent vasorelaxation.,https://pubmed.ncbi.nlm.nih.gov/37572955/,in_vivo/stress_oxydatif/2024_37572955_extract-of-chenopodium-album-lowers-blood-pressure.md
38369591,10.1002/bem.22498,2024,in_vivo,stress_oxydatif,dosimetrie_exposition,,Effects of 3.5-GHz radiofrequency radiation on energy-regulatory hormone levels in the blood and adipose tissue.,https://pubmed.ncbi.nlm.nih.gov/38369591/,in_vivo/stress_oxydatif/2024_38369591_effects-of-3-5-ghz-radiofrequency-radiation-on-ene.md
38506951,10.1007/s11064-024-04127-7,2024,in_vivo,stress_oxydatif,apoptose_mitochondrie;neuro_comportement_cognition,Neurochemical research,Ashwagandha Diminishes Hippocampal Apoptosis Induced by Microwave Radiation by Acetylcholinesterase Dependent Neuro-Inflammatory Pathway in Male Coturnix coturnix Japonica.,https://pubmed.ncbi.nlm.nih.gov/38506951/,in_vivo/stress_oxydatif/2024_38506951_ashwagandha-diminishes-hippocampal-apoptosis-induc.md
38563404,10.1080/10715762.2024.2333880,2024,in_vivo,stress_oxydatif,genotoxicite_epigenetique;reproduction,Free radical research,Biocompatibility assessment of bovine serum albumin conjugated manganese dioxide nanoparticle and their therapeutic role against microwave radiation induced haematological toxicity in male Wistar rats.,https://pubmed.ncbi.nlm.nih.gov/38563404/,in_vivo/stress_oxydatif/2024_38563404_biocompatibility-assessment-of-bovine-serum-albumi.md
38680223,10.30476/ijms.2023.97695.2952,2024,in_vivo,stress_oxydatif,reproduction,,Rosmarinic Acid Protects the Testes of Rats against Cell Phone and Ultra-high Frequency Waves Induced Toxicity.,https://pubmed.ncbi.nlm.nih.gov/38680223/,in_vivo/stress_oxydatif/2024_38680223_rosmarinic-acid-protects-the-testes-of-rats-agains.md
39245375,10.1016/j.scitotenv.2024.176038,2024,in_vivo,stress_oxydatif,neurodeveloppement;neuro_comportement_cognition,,Investigating the effect of radiofrequency electromagnetic field exposure on molecular pathways related to insulin resistance and adipogenesis in zebrafish embryos - A pilot study without quantitative exposure metrics.,https://pubmed.ncbi.nlm.nih.gov/39245375/,in_vivo/stress_oxydatif/2024_39245375_investigating-the-effect-of-radiofrequency-electro.md
39331752,10.1177/01455613241287295,2024,in_vivo,stress_oxydatif,apoptose_mitochondrie,,Does Radiofrequency Radiation From Mobile Phones Affect the Formation of Parotid Gland Malignancy? An Experimental Study.,https://pubmed.ncbi.nlm.nih.gov/39331752/,in_vivo/stress_oxydatif/2024_39331752_does-radiofrequency-radiation-from-mobile-phones-a.md
PPR859108,10.1101/2024.05.24.595675,2024,in_vivo,stress_oxydatif,,,The Impact of Glutathione Administration on Body Weight and Lipid Metabolism in Mice Following Exposure to Mobile Phone Radiation of Frequency 850-1900,https://doi.org/10.1101/2024.05.24.595675,in_vivo/stress_oxydatif/2024_PPR859108_the-impact-of-glutathione-administration-on-body-w.md
PPR950170,10.21203/rs.3.rs-5552237/v1,2024,in_vivo,stress_oxydatif,,,Glutathione Effects on Liver Enzymes and Serum Electrolyte in Mice Exposed to 850–1900 MHz Mobile Phone Radiation,https://doi.org/10.21203/rs.3.rs-5552237/v1,in_vivo/stress_oxydatif/2024_PPR950170_glutathione-effects-on-liver-enzymes-and-serum-ele.md
36796735,10.1016/j.jchemneu.2023.102252,2023,in_vivo,stress_oxydatif,,Journal of chemical neuroanatomy,"Exercise ameliorates hippocampal damage induced by Wi-Fi radiation; a biochemical, histological, and immunohistochemical study.",https://pubmed.ncbi.nlm.nih.gov/36796735/,in_vivo/stress_oxydatif/2023_36796735_exercise-ameliorates-hippocampal-damage-induced-by.md
36928800,10.1038/s41598-023-31168-9,2023,in_vivo,stress_oxydatif,genotoxicite_epigenetique,Scientific reports,"Liver tissues oxidative status, epigenetic and molecular characteristics in rats administered magnetic and microwave treated water.",https://pubmed.ncbi.nlm.nih.gov/36928800/,in_vivo/stress_oxydatif/2023_36928800_liver-tissues-oxidative-status-epigenetic-and-mole.md
36994543,10.1002/jbt.23351,2023,in_vivo,stress_oxydatif,apoptose_mitochondrie;neurodeveloppement;dosimetrie_exposition,Journal of biochemical and molecular toxicology,Protective role of hispolon and its derivatives against apoptosis in cortical neurons induced by electromagnetic radiation from 4G mobile phone.,https://pubmed.ncbi.nlm.nih.gov/36994543/,in_vivo/stress_oxydatif/2023_36994543_protective-role-of-hispolon-and-its-derivatives-ag.md
36997060,10.1016/j.lfs.2023.121627,2023,in_vivo,stress_oxydatif,neurodeveloppement,Life sciences,"Pre and postnatal exposure to 900 MHz electromagnetic fields induce inflammation and oxidative stress, and alter renin-angiotensin system components differently in male and female offsprings.",https://pubmed.ncbi.nlm.nih.gov/36997060/,in_vivo/stress_oxydatif/2023_36997060_pre-and-postnatal-exposure-to-900-mhz-electromagne.md
37210775,10.1016/j.jplph.2023.153999,2023,in_vivo,stress_oxydatif,thermique,Journal of plant physiology,Non thermal 2.45 GHz electromagnetic exposure causes rapid changes in Arabidopsis thaliana metabolism.,https://pubmed.ncbi.nlm.nih.gov/37210775/,in_vivo/stress_oxydatif/2023_37210775_non-thermal-2-45-ghz-electromagnetic-exposure-caus.md
37369865,10.1007/s00266-023-03450-8,2023,in_vivo,stress_oxydatif,,Aesthetic plastic surgery,"Combined Pulsed Magnetic Field and Radiofrequency Electromagnetic Field Enhances MMP-9, Collagen-4, VEGF Synthesis to Improve Wound Healing Via Hif-1α/eNOS Pathway.",https://pubmed.ncbi.nlm.nih.gov/37369865/,in_vivo/stress_oxydatif/2023_37369865_combined-pulsed-magnetic-field-and-radiofrequency.md
37511465,10.3390/ijms241411709,2023,in_vivo,stress_oxydatif,apoptose_mitochondrie,,"Metabolic, Apoptotic and Fibro-Inflammatory Profiles of the Heart Exposed to Environmental Electromagnetic Fields.",https://pubmed.ncbi.nlm.nih.gov/37511465/,in_vivo/stress_oxydatif/2023_37511465_metabolic-apoptotic-and-fibro-inflammatory-profile.md
37598936,10.1016/j.envpol.2023.122411,2023,in_vivo,stress_oxydatif,apoptose_mitochondrie;neurodeveloppement;genotoxicite_epigenetique,"Environmental pollution (Barking, Essex : 1987)","Detrimental effects of radiofrequency electromagnetic waves emitted by mobile phones on morphokinetics, oxidative stress, and apoptosis in mouse preimplantation embryos.",https://pubmed.ncbi.nlm.nih.gov/37598936/,in_vivo/stress_oxydatif/2023_37598936_detrimental-effects-of-radiofrequency-electromagne.md
37717340,10.1016/j.bbrc.2023.09.024,2023,in_vivo,stress_oxydatif,reproduction,,Protective effect of paricalcitol in rat testicular damage induced by subchronic 1800 MHz radiofrequency radiation.,https://pubmed.ncbi.nlm.nih.gov/37717340/,in_vivo/stress_oxydatif/2023_37717340_protective-effect-of-paricalcitol-in-rat-testicula.md
37853153,10.1038/s41598-023-44814-z,2023,in_vivo,stress_oxydatif,neurodeveloppement;apoptose_mitochondrie,,Impact of GSM-EMW exposure on the markers of oxidative stress in fetal rat liver.,https://pubmed.ncbi.nlm.nih.gov/37853153/,in_vivo/stress_oxydatif/2023_37853153_impact-of-gsm-emw-exposure-on-the-markers-of-oxida.md
38146407,10.18502/jthc.v18i3.14115,2023,in_vivo,stress_oxydatif,,,Comparison of the Effects of Rosmarinic Acid and Electromagnetic Radiation-Induced Cardiotoxicity on Rats.,https://pubmed.ncbi.nlm.nih.gov/38146407/,in_vivo/stress_oxydatif/2023_38146407_comparison-of-the-effects-of-rosmarinic-acid-and-e.md
32552170,10.1080/13813455.2020.1778037,2022,in_vivo,stress_oxydatif,apoptose_mitochondrie,Archives of physiology and biochemistry,"Decreased level of plasma nesfatin-1 in rats exposed to cell phone radiation is correlated with thyroid dysfunction, oxidative stress, and apoptosis.",https://pubmed.ncbi.nlm.nih.gov/32552170/,in_vivo/stress_oxydatif/2022_32552170_decreased-level-of-plasma-nesfatin-1-in-rats-expos.md
35066900,10.1002/bem.22388,2022,in_vivo,stress_oxydatif,neuro_comportement_cognition;apoptose_mitochondrie;dosimetrie_exposition,Bioelectromagnetics,Effects of Acute Exposure to 3500 MHz (5G) Radiofrequency Electromagnetic Radiation on Anxiety-Like Behavior and the Auditory Cortex in Guinea Pigs.,https://pubmed.ncbi.nlm.nih.gov/35066900/,in_vivo/stress_oxydatif/2022_35066900_effects-of-acute-exposure-to-3500-mhz-5g-radiofreq.md
35700956,10.1016/j.etap.2022.103903,2022,in_vivo,stress_oxydatif,neuroinflammation;dosimetrie_exposition,Environmental toxicology and pharmacology,"Evidences of the radiofrequency exposure on the antioxidant status, potentially contributing to the inflammatory response and demyelination in rat brain.",https://pubmed.ncbi.nlm.nih.gov/35700956/,in_vivo/stress_oxydatif/2022_35700956_evidences-of-the-radiofrequency-exposure-on-the-an.md
35718160,10.1016/j.ijbiomac.2022.06.064,2022,in_vivo,stress_oxydatif,,International journal of biological macromolecules,"Microwave assisted extraction, characterization of a polysaccharide from Salvia miltiorrhiza Bunge and its antioxidant effects via ferroptosis-mediated activation of the Nrf2/HO-1 pathway.",https://pubmed.ncbi.nlm.nih.gov/35718160/,in_vivo/stress_oxydatif/2022_35718160_microwave-assisted-extraction-characterization-of.md
36062506,10.1080/15368378.2022.2117187,2022,in_vivo,stress_oxydatif,apoptose_mitochondrie;genotoxicite_epigenetique;cancer,,"Investigation of oxidative damage, antioxidant balance, DNA repair genes, and apoptosis due to radiofrequency-induced adaptive response in mice.",https://pubmed.ncbi.nlm.nih.gov/36062506/,in_vivo/stress_oxydatif/2022_36062506_investigation-of-oxidative-damage-antioxidant-bala.md
36220504,10.1016/j.jchemneu.2022.102168,2022,in_vivo,stress_oxydatif,dosimetrie_exposition,Journal of chemical neuroanatomy,"Effects of 3.5 GHz radiofrequency radiation on ghrelin, nesfatin-1, and irisin level in diabetic and healthy brains.",https://pubmed.ncbi.nlm.nih.gov/36220504/,in_vivo/stress_oxydatif/2022_36220504_effects-of-3-5-ghz-radiofrequency-radiation-on-ghr.md
36552798,10.3390/cells11244036,2022,in_vivo,stress_oxydatif,genotoxicite_epigenetique;cancer;thermique,Cells,WiFi Related Radiofrequency Electromagnetic Fields Promote Transposable Element Dysregulation and Genomic Instability in Drosophila melanogaster.,https://pubmed.ncbi.nlm.nih.gov/36552798/,in_vivo/stress_oxydatif/2022_36552798_wifi-related-radiofrequency-electromagnetic-fields.md
32762465,10.1177/0960327120946470,2021,in_vivo,stress_oxydatif,apoptose_mitochondrie;dosimetrie_exposition,,Hepatic injury induced by radio frequency waves emitted from conventional Wi-Fi devices in Wistar rats.,https://pubmed.ncbi.nlm.nih.gov/32762465/,in_vivo/stress_oxydatif/2021_32762465_hepatic-injury-induced-by-radio-frequency-waves-em.md
33653184,10.1080/15569527.2021.1895825,2021,in_vivo,stress_oxydatif,neuroinflammation,Cutaneous and ocular toxicology,The effect of 4.5 G (LTE Advanced-Pro network) mobile phone radiation on the optic nerve.,https://pubmed.ncbi.nlm.nih.gov/33653184/,in_vivo/stress_oxydatif/2021_33653184_the-effect-of-4-5-g-lte-advanced-pro-network-mobil.md
33687298,10.1080/15368378.2021.1895207,2021,in_vivo,stress_oxydatif,dosimetrie_exposition,Electromagnetic biology and medicine,Effects of radiofrequency electromagnetic radiation emitted from a mobile phone base station on the redox homeostasis in different organs of Swiss albino mice.,https://pubmed.ncbi.nlm.nih.gov/33687298/,in_vivo/stress_oxydatif/2021_33687298_effects-of-radiofrequency-electromagnetic-radiatio.md
34721608,10.18502/jfrh.v15i3.7134,2021,in_vivo,stress_oxydatif,neurodeveloppement;genotoxicite_epigenetique;dosimetrie_exposition,,The Effect of Mobile Radiation on the Oxidative Stress Biomarkers in Pregnant Mice.,https://pubmed.ncbi.nlm.nih.gov/34721608/,in_vivo/stress_oxydatif/2021_34721608_the-effect-of-mobile-radiation-on-the-oxidative-st.md
32359387,,2020,in_vivo,stress_oxydatif,apoptose_mitochondrie;neurodeveloppement;genotoxicite_epigenetique,"Cellular and molecular biology (Noisy-le-Grand, France)",Oxidative stress and apoptosis in electromagnetic waves exposed Zebrafish embryos and protective effects of conductive nonwoven fabric.,https://pubmed.ncbi.nlm.nih.gov/32359387/,in_vivo/stress_oxydatif/2020_32359387_oxidative-stress-and-apoptosis-in-electromagnetic.md
32485174,10.1016/j.brainres.2020.146919,2020,in_vivo,stress_oxydatif,,Brain research,Neuroprotective efficacy of luteolin on a 900-MHz electromagnetic field-induced cerebellar alteration in adult male rat.,https://pubmed.ncbi.nlm.nih.gov/32485174/,in_vivo/stress_oxydatif/2020_32485174_neuroprotective-efficacy-of-luteolin-on-a-900-mhz.md
30669883,10.1080/15368378.2019.1567526,2019,in_vivo,stress_oxydatif,genotoxicite_epigenetique,Electromagnetic biology and medicine,"Effect of 900-, 1800-, and 2100-MHz radiofrequency radiation on DNA and oxidative stress in brain.",https://pubmed.ncbi.nlm.nih.gov/30669883/,in_vivo/stress_oxydatif/2019_30669883_effect-of-900-1800-and-2100-mhz-radiofrequency-rad.md
30953670,10.1016/j.neuroscience.2019.03.058,2019,in_vivo,stress_oxydatif,apoptose_mitochondrie;neuro_comportement_cognition,Neuroscience,The Effects of Mobile Phone Radiofrequency Electromagnetic Fields on β-Amyloid-Induced Oxidative Stress in Human and Rat Primary Astrocytes.,https://pubmed.ncbi.nlm.nih.gov/30953670/,in_vivo/stress_oxydatif/2019_30953670_the-effects-of-mobile-phone-radiofrequency-electro.md
31296989,10.2147/IJN.S206561,2019,in_vivo,stress_oxydatif,genotoxicite_epigenetique;eeg_sommeil;dosimetrie_exposition,International journal of nanomedicine,"CeO2NPs relieve radiofrequency radiation, improve testosterone synthesis, and clock gene expression in Leydig cells by enhancing antioxidation.",https://pubmed.ncbi.nlm.nih.gov/31296989/,in_vivo/stress_oxydatif/2019_31296989_ceo2nps-relieve-radiofrequency-radiation-improve-t.md
28434276,10.1080/14767058.2017.1315657,2018,in_vivo,stress_oxydatif,neurodeveloppement,"The journal of maternal-fetal & neonatal medicine : the official journal of the European Association of Perinatal Medicine, the Federation of Asia and Oceania Perinatal Societies, the International Society of Perinatal Obstetricians",Exposure to mobile phone (900-1800 MHz) during pregnancy: tissue oxidative stress after childbirth.,https://pubmed.ncbi.nlm.nih.gov/28434276/,in_vivo/stress_oxydatif/2018_28434276_exposure-to-mobile-phone-900-1800-mhz-during-pregn.md
28986333,10.1016/j.jep.2017.10.002,2018,in_vivo,stress_oxydatif,,Journal of ethnopharmacology,Protective effect of Danhong Injection combined with Naoxintong Capsule on cerebral ischemia-reperfusion injury in rats.,https://pubmed.ncbi.nlm.nih.gov/28986333/,in_vivo/stress_oxydatif/2018_28986333_protective-effect-of-danhong-injection-combined-wi.md
29562845,10.1177/0748233718758092,2018,in_vivo,stress_oxydatif,reproduction;eeg_sommeil;genotoxicite_epigenetique,Toxicology and industrial health,"Melatonin attenuates radiofrequency radiation (900 MHz)-induced oxidative stress, DNA damage and cell cycle arrest in germ cells of male Swiss albino mice.",https://pubmed.ncbi.nlm.nih.gov/29562845/,in_vivo/stress_oxydatif/2018_29562845_melatonin-attenuates-radiofrequency-radiation-900.md
29637556,10.1002/jcp.26558,2018,in_vivo,stress_oxydatif,reproduction;apoptose_mitochondrie;cancer,,"1800 MHz mobile phone irradiation induced oxidative and nitrosative stress leads to p53 dependent Bax mediated testicular apoptosis in mice, Mus musculus.",https://pubmed.ncbi.nlm.nih.gov/29637556/,in_vivo/stress_oxydatif/2018_29637556_1800-mhz-mobile-phone-irradiation-induced-oxidativ.md
29783956,10.1186/s12868-018-0432-1,2018,in_vivo,stress_oxydatif,,BMC neuroscience,Extremely low frequency electromagnetic field exposure and restraint stress induce changes on the brain lipid profile of Wistar rats.,https://pubmed.ncbi.nlm.nih.gov/29783956/,in_vivo/stress_oxydatif/2018_29783956_extremely-low-frequency-electromagnetic-field-expo.md
30220680,10.4149/gpb_2017059,2018,in_vivo,stress_oxydatif,reproduction;genotoxicite_epigenetique;dosimetrie_exposition,General physiology and biophysics,Effect of 2.45 GHz microwave radiation on the fertility pattern in male mice.,https://pubmed.ncbi.nlm.nih.gov/30220680/,in_vivo/stress_oxydatif/2018_30220680_effect-of-2-45-ghz-microwave-radiation-on-the-fert.md
30328127,10.1002/bem.22149,2018,in_vivo,stress_oxydatif,,Bioelectromagnetics,Effect of low-level 1800 MHz radiofrequency radiation on the rat sciatic nerve and the protective role of paricalcitol.,https://pubmed.ncbi.nlm.nih.gov/30328127/,in_vivo/stress_oxydatif/2018_30328127_effect-of-low-level-1800-mhz-radiofrequency-radiat.md
30593748,,2018,in_vivo,stress_oxydatif,genotoxicite_epigenetique;cancer;neurodeveloppement,Experimental oncology,Oxidative and mutagenic effects of low intensity GSM 1800 MHz microwave radiation.,https://pubmed.ncbi.nlm.nih.gov/30593748/,in_vivo/stress_oxydatif/2018_30593748_oxidative-and-mutagenic-effects-of-low-intensity-g.md
27903411,10.1016/j.envpol.2016.10.018,2017,in_vivo,stress_oxydatif,genotoxicite_epigenetique,"Environmental pollution (Barking, Essex : 1987)",When theory and observation collide: Can non-ionizing radiation cause cancer?,https://pubmed.ncbi.nlm.nih.gov/27903411/,in_vivo/stress_oxydatif/2017_27903411_when-theory-and-observation-collide-can-non-ionizi.md
27960592,10.1080/19336934.2016.1270487,2017,in_vivo,stress_oxydatif,apoptose_mitochondrie;genotoxicite_epigenetique;reproduction,Fly,"Mobile-phone radiation-induced perturbation of gene-expression profiling, redox equilibrium and sporadic-apoptosis control in the ovary of Drosophila melanogaster.",https://pubmed.ncbi.nlm.nih.gov/27960592/,in_vivo/stress_oxydatif/2017_27960592_mobile-phone-radiation-induced-perturbation-of-gen.md
28261838,10.1111/and.12772,2017,in_vivo,stress_oxydatif,reproduction,Andrologia,Radiofrequency electromagnetic radiation from cell phone causes defective testicular function in male Wistar rats.,https://pubmed.ncbi.nlm.nih.gov/28261838/,in_vivo/stress_oxydatif/2017_28261838_radiofrequency-electromagnetic-radiation-from-cell.md
28470342,10.1007/s11010-017-3051-8,2017,in_vivo,stress_oxydatif,neuro_comportement_cognition,Molecular and cellular biochemistry,"Ten gigahertz microwave radiation impairs spatial memory, enzymes activity, and histopathology of developing mice brain.",https://pubmed.ncbi.nlm.nih.gov/28470342/,in_vivo/stress_oxydatif/2017_28470342_ten-gigahertz-microwave-radiation-impairs-spatial.md
28780396,10.1016/j.reprotox.2017.08.001,2017,in_vivo,stress_oxydatif,reproduction,"Reproductive toxicology (Elmsford, N.Y.)","Mobile phone (1800MHz) radiation impairs female reproduction in mice, Mus musculus, through stress induced inhibition of ovarian and uterine activity.",https://pubmed.ncbi.nlm.nih.gov/28780396/,in_vivo/stress_oxydatif/2017_28780396_mobile-phone-1800mhz-radiation-impairs-female-repr.md
29078262,10.1016/j.biopha.2017.10.065,2017,in_vivo,stress_oxydatif,,Biomedicine & pharmacotherapy = Biomedecine & pharmacotherapie,Xiaochaihutang attenuates liver fibrosis by activation of Nrf2 pathway in rats.,https://pubmed.ncbi.nlm.nih.gov/29078262/,in_vivo/stress_oxydatif/2017_29078262_xiaochaihutang-attenuates-liver-fibrosis-by-activa.md
26775761,10.1016/j.jchemneu.2016.01.002,2016,in_vivo,stress_oxydatif,genotoxicite_epigenetique,Journal of chemical neuroanatomy,The 2100MHz radiofrequency radiation of a 3G-mobile phone and the DNA oxidative damage in brain.,https://pubmed.ncbi.nlm.nih.gov/26775761/,in_vivo/stress_oxydatif/2016_26775761_the-2100mhz-radiofrequency-radiation-of-a-3g-mobil.md
27474378,10.1016/j.jchemneu.2016.07.009,2016,in_vivo,stress_oxydatif,apoptose_mitochondrie;dosimetrie_exposition,Journal of chemical neuroanatomy,Biochemical and histological studies on adverse effects of mobile phone radiation on rat's brain.,https://pubmed.ncbi.nlm.nih.gov/27474378/,in_vivo/stress_oxydatif/2016_27474378_biochemical-and-histological-studies-on-adverse-ef.md
27544549,10.1016/j.biopha.2016.08.031,2016,in_vivo,stress_oxydatif,,Biomedicine & pharmacotherapy = Biomedecine & pharmacotherapie,Modulatory role of Pterocarpus santalinus against alcohol-induced liver oxidative/nitrosative damage in rats.,https://pubmed.ncbi.nlm.nih.gov/27544549/,in_vivo/stress_oxydatif/2016_27544549_modulatory-role-of-pterocarpus-santalinus-against.md
25249432,10.3109/09553002.2015.966210,2015,in_vivo,stress_oxydatif,neuro_comportement_cognition;dosimetrie_exposition,International journal of radiation biology,The effects of N-acetylcysteine and epigallocatechin-3-gallate on liver tissue protein oxidation and antioxidant enzyme levels after the exposure to radiofrequency radiation.,https://pubmed.ncbi.nlm.nih.gov/25249432/,in_vivo/stress_oxydatif/2015_25249432_the-effects-of-n-acetylcysteine-and-epigallocatech.md
25910613,10.1007/s00508-015-0732-8,2015,in_vivo,stress_oxydatif,,Wiener klinische Wochenschrift,Effect of long-term pulsed electromagnetic field exposure on hepatic and immunologic functions of rats.,https://pubmed.ncbi.nlm.nih.gov/25910613/,in_vivo/stress_oxydatif/2015_25910613_effect-of-long-term-pulsed-electromagnetic-field-e.md
26511840,10.1016/j.neuro.2015.10.009,2015,in_vivo,stress_oxydatif,neuroinflammation;genotoxicite_epigenetique,Neurotoxicology,"Low intensity microwave radiation induced oxidative stress, inflammatory response and DNA damage in rat brain.",https://pubmed.ncbi.nlm.nih.gov/26511840/,in_vivo/stress_oxydatif/2015_26511840_low-intensity-microwave-radiation-induced-oxidativ.md
27215026,,2015,in_vivo,stress_oxydatif,apoptose_mitochondrie,Zhongguo ying yong sheng li xue za zhi = Zhongguo yingyong shenglixue zazhi = Chinese journal of applied physiology,Impacts of exposure to 900 MHz mobile phone radiation on liver function in rats.,https://pubmed.ncbi.nlm.nih.gov/27215026/,in_vivo/stress_oxydatif/2015_27215026_impacts-of-exposure-to-900-mhz-mobile-phone-radiat.md
22892052,10.3109/09553002.2012.721051,2013,in_vivo,stress_oxydatif,,International journal of radiation biology,The prophylactic effect of vitamin C on oxidative stress indexes in rat eyes following exposure to radiofrequency wave generated by a BTS antenna model.,https://pubmed.ncbi.nlm.nih.gov/22892052/,in_vivo/stress_oxydatif/2013_22892052_the-prophylactic-effect-of-vitamin-c-on-oxidative.md
23301880,10.3109/15368378.2012.699012,2013,in_vivo,stress_oxydatif,dosimetrie_exposition,Electromagnetic biology and medicine,Effect of 900 MHz radiofrequency radiation on oxidative stress in rat brain and serum.,https://pubmed.ncbi.nlm.nih.gov/23301880/,in_vivo/stress_oxydatif/2013_23301880_effect-of-900-mhz-radiofrequency-radiation-on-oxid.md
23334843,10.1007/s12010-012-0079-9,2013,in_vivo,stress_oxydatif,neurodeveloppement;genotoxicite_epigenetique;reproduction,Applied biochemistry and biotechnology,"2.45 GHz microwave irradiation-induced oxidative stress affects implantation or pregnancy in mice, Mus musculus.",https://pubmed.ncbi.nlm.nih.gov/23334843/,in_vivo/stress_oxydatif/2013_23334843_2-45-ghz-microwave-irradiation-induced-oxidative-s.md
23764910,10.1039/c3fo60116a,2013,in_vivo,stress_oxydatif,neuro_comportement_cognition,Food & function,The preventive effect of lotus seedpod procyanidins on cognitive impairment and oxidative damage induced by extremely low frequency electromagnetic field exposure.,https://pubmed.ncbi.nlm.nih.gov/23764910/,in_vivo/stress_oxydatif/2013_23764910_the-preventive-effect-of-lotus-seedpod-procyanidin.md
24084462,,2013,in_vivo,stress_oxydatif,neurodeveloppement;cancer,Experimental oncology,Overproduction of free radical species in embryonal cells exposed to low intensity radiofrequency radiation.,https://pubmed.ncbi.nlm.nih.gov/24084462/,in_vivo/stress_oxydatif/2013_24084462_overproduction-of-free-radical-species-in-embryona.md
22560984,10.1016/j.arcmed.2012.04.003,2012,in_vivo,stress_oxydatif,,Archives of medical research,Effect of acute extremely low frequency electromagnetic field exposure on the antioxidant status and lipid levels in rat brain.,https://pubmed.ncbi.nlm.nih.gov/22560984/,in_vivo/stress_oxydatif/2012_22560984_effect-of-acute-extremely-low-frequency-electromag.md
21240569,10.1007/s12010-010-9156-0,2011,in_vivo,stress_oxydatif,reproduction;dosimetrie_exposition,Applied biochemistry and biotechnology,Effects of radiofrequency electromagnetic wave exposure from cellular phones on the reproductive pattern in male Wistar rats.,https://pubmed.ncbi.nlm.nih.gov/21240569/,in_vivo/stress_oxydatif/2011_21240569_effects-of-radiofrequency-electromagnetic-wave-exp.md
21460416,10.4149/gpb_2011_01_84,2011,in_vivo,stress_oxydatif,reproduction;genotoxicite_epigenetique;apoptose_mitochondrie,General physiology and biophysics,"900 MHz pulse-modulated radiofrequency radiation induces oxidative stress on heart, lung, testis and liver tissues.",https://pubmed.ncbi.nlm.nih.gov/21460416/,in_vivo/stress_oxydatif/2011_21460416_900-mhz-pulse-modulated-radiofrequency-radiation-i.md
21820603,10.1016/j.arcmed.2011.06.001,2011,in_vivo,stress_oxydatif,,Archives of medical research,"Effects of a 900-MHz electromagnetic field on oxidative stress parameters in rat lymphoid organs, polymorphonuclear leukocytes and plasma.",https://pubmed.ncbi.nlm.nih.gov/21820603/,in_vivo/stress_oxydatif/2011_21820603_effects-of-a-900-mhz-electromagnetic-field-on-oxid.md
22047460,10.3109/15368378.2011.587930,2011,in_vivo,stress_oxydatif,eeg_sommeil;neuro_comportement_cognition;apoptose_mitochondrie,Electromagnetic biology and medicine,900-MHz microwave radiation promotes oxidation in rat brain.,https://pubmed.ncbi.nlm.nih.gov/22047460/,in_vivo/stress_oxydatif/2011_22047460_900-mhz-microwave-radiation-promotes-oxidation-in.md
20701462,10.3109/09553002.2010.501841,2010,in_vivo,stress_oxydatif,,International journal of radiation biology,"Effects of acute electromagnetic field exposure and movement restraint on antioxidant system in liver, heart, kidney and plasma of Wistar rats: a preliminary report.",https://pubmed.ncbi.nlm.nih.gov/20701462/,in_vivo/stress_oxydatif/2010_20701462_effects-of-acute-electromagnetic-field-exposure-an.md
19261451,10.1016/j.pathophys.2009.01.008,2009,in_vivo,stress_oxydatif,dosimetrie_exposition,Pathophysiology : the official journal of the International Society for Pathophysiology,Mobile phone base stations-Effects on wellbeing and health.,https://pubmed.ncbi.nlm.nih.gov/19261451/,in_vivo/stress_oxydatif/2009_19261451_mobile-phone-base-stations-effects-on-wellbeing-an.md
17996303,10.1016/j.ecoenv.2007.10.002,2008,in_vivo,stress_oxydatif,,Ecotoxicology and environmental safety,Assessment of biological changes of continuous whole body exposure to static magnetic field and extremely low frequency electromagnetic fields in mice.,https://pubmed.ncbi.nlm.nih.gov/17996303/,in_vivo/stress_oxydatif/2008_17996303_assessment-of-biological-changes-of-continuous-who.md
16317515,10.1007/s11010-006-1267-0,2006,in_vivo,stress_oxydatif,eeg_sommeil,Molecular and cellular biochemistry,Protective effects of melatonin and caffeic acid phenethyl ester against retinal oxidative stress in long-term use of mobile phone: a comparative study.,https://pubmed.ncbi.nlm.nih.gov/16317515/,in_vivo/stress_oxydatif/2006_16317515_protective-effects-of-melatonin-and-caffeic-acid-p.md
16898263,10.1191/0748233706th263oa,2006,in_vivo,stress_oxydatif,eeg_sommeil,Toxicology and industrial health,Melatonin modulates 900 Mhz microwave-induced lipid peroxidation changes in rat brain.,https://pubmed.ncbi.nlm.nih.gov/16898263/,in_vivo/stress_oxydatif/2006_16898263_melatonin-modulates-900-mhz-microwave-induced-lipi.md
17276964,10.1007/BF02850217,2006,in_vivo,stress_oxydatif,apoptose_mitochondrie,Advances in therapy,Endometrial apoptosis induced by a 900-MHz mobile phone: preventive effects of vitamins E and C.,https://pubmed.ncbi.nlm.nih.gov/17276964/,in_vivo/stress_oxydatif/2006_17276964_endometrial-apoptosis-induced-by-a-900-mhz-mobile.md
15886623,10.1016/j.otohns.2005.01.012,2005,in_vivo,stress_oxydatif,eeg_sommeil,Otolaryngology--head and neck surgery : official journal of American Academy of Otolaryngology-Head and Neck Surgery,Nitric oxide level in the nasal and sinus mucosa after exposure to electromagnetic field.,https://pubmed.ncbi.nlm.nih.gov/15886623/,in_vivo/stress_oxydatif/2005_15886623_nitric-oxide-level-in-the-nasal-and-sinus-mucosa-a.md
14734207,10.1016/j.cccn.2003.10.012,2004,in_vivo,stress_oxydatif,,Clinica chimica acta; international journal of clinical chemistry,Ginkgo biloba prevents mobile phone-induced oxidative stress in rat brain.,https://pubmed.ncbi.nlm.nih.gov/14734207/,in_vivo/stress_oxydatif/2004_14734207_ginkgo-biloba-prevents-mobile-phone-induced-oxidat.md
15729859,10.1111/j.1346-8138.2004.tb00620.x,2004,in_vivo,stress_oxydatif,eeg_sommeil,The Journal of dermatology,Oxidative stress-mediated skin damage in an experimental mobile phone model can be prevented by melatonin.,https://pubmed.ncbi.nlm.nih.gov/15729859/,in_vivo/stress_oxydatif/2004_15729859_oxidative-stress-mediated-skin-damage-in-an-experi.md
41589709,10.1002/bem.70040,2026,in_vivo,thermique,,Bioelectromagnetics,Evaluation of 4.0 GHz RF Exposure Effects on Bioaerosols Containing Bovine Coronavirus.,https://pubmed.ncbi.nlm.nih.gov/41589709/,in_vivo/thermique/2026_41589709_evaluation-of-4-0-ghz-rf-exposure-effects-on-bioae.md
41595249,10.3390/cancers18020330,2026,in_vivo,thermique,neuroinflammation;cancer,,Two-Stage Microwave Hyperthermia Using Magnetic Nanoparticles for Optimal Chemotherapy Activation in Liver Cancer: Concept and Preliminary Tests on Wistar Rat Model.,https://pubmed.ncbi.nlm.nih.gov/41595249/,in_vivo/thermique/2026_41595249_two-stage-microwave-hyperthermia-using-magnetic-na.md
41689083,10.1186/s13287-026-04937-2,2026,in_vivo,thermique,,,Nonthermal radiofrequency radiation promotes hematopoietic stem and progenitor cells function by regulating Ca&lt;sup&gt;2+&lt;/sup&gt; efflux.,https://pubmed.ncbi.nlm.nih.gov/41689083/,in_vivo/thermique/2026_41689083_nonthermal-radiofrequency-radiation-promotes-hemat.md
41713735,10.1016/j.jare.2026.02.033,2026,in_vivo,thermique,stress_oxydatif,Journal of advanced research,An antibacterial microneedle with chemodynamic therapy triggered by microwave thermal effect for diabetic infected wound healing.,https://pubmed.ncbi.nlm.nih.gov/41713735/,in_vivo/thermique/2026_41713735_an-antibacterial-microneedle-with-chemodynamic-the.md
42025591,10.1021/jacs.6c05415,2026,in_vivo,thermique,cancer;dosimetrie_exposition,Journal of the American Chemical Society,Breaking the Trade-off in MPI-Guided Magnetic Hyperthermia by Tailoring the Dynamic Magnetization of Magnetic Nanoparticles via Site-Selective Trace Doping.,https://pubmed.ncbi.nlm.nih.gov/42025591/,in_vivo/thermique/2026_42025591_breaking-the-trade-off-in-mpi-guided-magnetic-hype.md
42068847,10.1016/j.jtherbio.2026.104464,2026,in_vivo,thermique,,Journal of thermal biology,Thermal responses of rats exposed to continuous or intermittent 915 MHz mobile phone RF signals.,https://pubmed.ncbi.nlm.nih.gov/42068847/,in_vivo/thermique/2026_42068847_thermal-responses-of-rats-exposed-to-continuous-or.md
42159412,10.1002/advs.75733,2026,in_vivo,thermique,,"Advanced science (Weinheim, Baden-Wurttemberg, Germany)",Quantum Photothermal Self-Monitoring Fiber Probes for In Vivo Photothermal Therapy.,https://pubmed.ncbi.nlm.nih.gov/42159412/,in_vivo/thermique/2026_42159412_quantum-photothermal-self-monitoring-fiber-probes.md
42406607,10.1080/15368378.2026.2697839,2026,in_vivo,thermique,stress_oxydatif;apoptose_mitochondrie;cancer,,Combined radiofrequency electromagnetic and pulsed magnetic field exposure enhances gastric ulcer healing via eNOS-mediated angiogenesis in young rats.,https://pubmed.ncbi.nlm.nih.gov/42406607/,in_vivo/thermique/2026_42406607_combined-radiofrequency-electromagnetic-and-pulsed.md
42477268,10.1111/1750-3841.71306,2026,in_vivo,thermique,,,"Effect of Microwave Power Cycle on Temperature Uniformity, Microbial Inactivation, and Quality: Computational Approach for Milk Thermal Processing.",https://pubmed.ncbi.nlm.nih.gov/42477268/,in_vivo/thermique/2026_42477268_effect-of-microwave-power-cycle-on-temperature-uni.md
42567188,10.1088/1361-6560/ae970e,2026,in_vivo,thermique,cancer,,Design and base validation of a small-animal hyperthermia applicator.,https://pubmed.ncbi.nlm.nih.gov/42567188/,in_vivo/thermique/2026_42567188_design-and-base-validation-of-a-small-animal-hyper.md
42603578,10.1016/j.actbio.2026.08.024,2026,in_vivo,thermique,,Acta biomaterialia,Quaternary ammonium compound-based ionic liquid with microwave responsiveness for treating deep tissue infections without compromising biocompatibility.,https://pubmed.ncbi.nlm.nih.gov/42603578/,in_vivo/thermique/2026_42603578_quaternary-ammonium-compound-based-ionic-liquid-wi.md
40646036,10.1038/s41598-025-06804-1,2025,in_vivo,thermique,,,Radiofrequency and microwave 3D bioprinting of emulsion gel for dysphagia diets.,https://pubmed.ncbi.nlm.nih.gov/40646036/,in_vivo/thermique/2025_40646036_radiofrequency-and-microwave-3d-bioprinting-of-emu.md
39112501,10.1038/s41598-024-68852-3,2024,in_vivo,thermique,,,No observable non-thermal effect of microwave radiation on the growth of microtubules.,https://pubmed.ncbi.nlm.nih.gov/39112501/,in_vivo/thermique/2024_39112501_no-observable-non-thermal-effect-of-microwave-radi.md
39402826,10.1002/bem.22527,2024,in_vivo,thermique,,Bioelectromagnetics,Characterising core body temperature response of free-moving C57BL/6 mice to 1.95 GHz whole-body radiofrequency-electromagnetic fields.,https://pubmed.ncbi.nlm.nih.gov/39402826/,in_vivo/thermique/2024_39402826_characterising-core-body-temperature-response-of-f.md
37652500,10.21873/invivo.13306,2023,in_vivo,thermique,dosimetrie_exposition,,Intensity-dependent Temperature Rise Induced by Local Exposure to 26.5 GHz Quasi-Millimeter-Wave in Rat.,https://pubmed.ncbi.nlm.nih.gov/37652500/,in_vivo/thermique/2023_37652500_intensity-dependent-temperature-rise-induced-by-lo.md
36358768,10.3390/cancers14215349,2022,in_vivo,thermique,apoptose_mitochondrie;cancer,Cancers,Radiofrequency Electromagnetic Fields Cause Non-Temperature-Induced Physical and Biological Effects in Cancer Cells.,https://pubmed.ncbi.nlm.nih.gov/36358768/,in_vivo/thermique/2022_36358768_radiofrequency-electromagnetic-fields-cause-non-te.md
36462859,10.1016/j.jtherbio.2022.103350,2022,in_vivo,thermique,dosimetrie_exposition,Journal of thermal biology,Effect of radiofrequency exposure on body temperature: Real-time monitoring in normal rats.,https://pubmed.ncbi.nlm.nih.gov/36462859/,in_vivo/thermique/2022_36462859_effect-of-radiofrequency-exposure-on-body-temperat.md
34015144,10.1002/bem.22350,2021,in_vivo,thermique,plasticite_synaptique,Bioelectromagnetics,Low-Level Radiofrequency Exposure Induces Vasoconstriction in Rats.,https://pubmed.ncbi.nlm.nih.gov/34015144/,in_vivo/thermique/2021_34015144_low-level-radiofrequency-exposure-induces-vasocons.md
34201238,10.3390/cells10061436,2021,in_vivo,thermique,apoptose_mitochondrie;cancer,,In Vitro Examinations of Cell Death Induction and the Immune Phenotype of Cancer Cells Following Radiative-Based Hyperthermia with 915 MHz in Combination with Radiotherapy.,https://pubmed.ncbi.nlm.nih.gov/34201238/,in_vivo/thermique/2021_34201238_in-vitro-examinations-of-cell-death-induction-and.md
31828817,10.1002/bem.22236,2020,in_vivo,thermique,dosimetrie_exposition,Bioelectromagnetics,Effect of Exposure to a Radiofrequency Electromagnetic Field on Body Temperature in Anesthetized and Non-Anesthetized Rats.,https://pubmed.ncbi.nlm.nih.gov/31828817/,in_vivo/thermique/2020_31828817_effect-of-exposure-to-a-radiofrequency-electromagn.md
31943296,10.1002/bem.22243,2020,in_vivo,thermique,dosimetrie_exposition,Bioelectromagnetics,Exposure Assessment in Millimeter-Wave Reverberation Chamber Using Murine Phantoms.,https://pubmed.ncbi.nlm.nih.gov/31943296/,in_vivo/thermique/2020_31943296_exposure-assessment-in-millimeter-wave-reverberati.md
33290003,10.1097/HP.0000000000001216,2020,in_vivo,thermique,dosimetrie_exposition,Health physics,Revisiting 35 and 94 GHZ Millimeter Wave Exposure to the Non-Human Primate Eye.,https://pubmed.ncbi.nlm.nih.gov/33290003/,in_vivo/thermique/2020_33290003_revisiting-35-and-94-ghz-millimeter-wave-exposure.md
31411574,10.4149/gpb_2019020,2019,in_vivo,thermique,dosimetrie_exposition,General physiology and biophysics,Trafficking of synaptic vesicles is changed at the hypothalamus by exposure to an 835 MHz radiofrequency electromagnetic field.,https://pubmed.ncbi.nlm.nih.gov/31411574/,in_vivo/thermique/2019_31411574_trafficking-of-synaptic-vesicles-is-changed-at-the.md
29537695,10.1002/bem.22116,2018,in_vivo,thermique,neurodeveloppement,Bioelectromagnetics,Effect of cell phone radiofrequency radiation on body temperature in rodents: Pilot studies of the National Toxicology Program's reverberation chamber exposure system.,https://pubmed.ncbi.nlm.nih.gov/29537695/,in_vivo/thermique/2018_29537695_effect-of-cell-phone-radiofrequency-radiation-on-b.md
26396968,,2015,in_vivo,thermique,,Journal of biomedical physics & engineering,Survey of the Effects of Exposure to 900 MHz Radiofrequency Radiation Emitted by a GSM Mobile Phone on the Pattern of Muscle Contractions in an Animal Model.,https://pubmed.ncbi.nlm.nih.gov/26396968/,in_vivo/thermique/2015_26396968_survey-of-the-effects-of-exposure-to-900-mhz-radio.md
26444189,10.3109/15368378.2015.1076439,2015,in_vivo,thermique,neuro_comportement_cognition;dosimetrie_exposition,Electromagnetic biology and medicine,A need to provide explanations for observed biological effects of radiofrequency exposure.,https://pubmed.ncbi.nlm.nih.gov/26444189/,in_vivo/thermique/2015_26444189_a-need-to-provide-explanations-for-observed-biolog.md
24131393,10.3109/15368378.2013.844705,2014,in_vivo,thermique,dosimetrie_exposition,Electromagnetic biology and medicine,Short-duration exposure to radiofrequency electromagnetic radiation alters the chlorophyll fluorescence of duckweeds (Lemna minor).,https://pubmed.ncbi.nlm.nih.gov/24131393/,in_vivo/thermique/2014_24131393_short-duration-exposure-to-radiofrequency-electrom.md
22124250,10.3109/09553002.2012.644257,2012,in_vivo,thermique,neuro_comportement_cognition,International journal of radiation biology,Analgetic effects of non-thermal GSM-1900 radiofrequency electromagnetic fields in the land snail Helix pomatia.,https://pubmed.ncbi.nlm.nih.gov/22124250/,in_vivo/thermique/2012_22124250_analgetic-effects-of-non-thermal-gsm-1900-radiofre.md
21030669,10.1152/japplphysiol.01035.2010,2011,in_vivo,thermique,,"Journal of applied physiology (Bethesda, Md. : 1985)",Local exposure of the rat cortex to radiofrequency electromagnetic fields increases local cerebral blood flow along with temperature.,https://pubmed.ncbi.nlm.nih.gov/21030669/,in_vivo/thermique/2011_21030669_local-exposure-of-the-rat-cortex-to-radiofrequency.md
19627782,10.1016/j.jmbbm.2007.09.001,2008,in_vivo,thermique,neuro_comportement_cognition,Journal of the mechanical behavior of biomedical materials,Skin biothermomechanics for medical treatments.,https://pubmed.ncbi.nlm.nih.gov/19627782/,in_vivo/thermique/2008_19627782_skin-biothermomechanics-for-medical-treatments.md
17355061,10.1109/TBME.2006.890498,2007,in_vivo,thermique,dosimetrie_exposition,IEEE transactions on bio-medical engineering,Worst case temperature rise in a one-dimensional tissue model exposed to radiofrequency radiation.,https://pubmed.ncbi.nlm.nih.gov/17355061/,in_vivo/thermique/2007_17355061_worst-case-temperature-rise-in-a-one-dimensional-t.md
12710881,10.1667/0033-7587(2003)159[0685:tcicee]2.0.co;2,2003,in_vivo,thermique,neurodeveloppement,Radiation research,Temperature changes in chicken embryos exposed to a continuous-wave 1.25 GHz radiofrequency electromagnetic field.,https://pubmed.ncbi.nlm.nih.gov/12710881/,in_vivo/thermique/2003_12710881_temperature-changes-in-chicken-embryos-exposed-to.md
11904038,10.1097/00006123-200204000-00030,2002,in_vivo,thermique,,Neurosurgery,Exposure of the dorsal root ganglion in rats to pulsed radiofrequency currents activates dorsal horn lamina I and II neurons.,https://pubmed.ncbi.nlm.nih.gov/11904038/,in_vivo/thermique/2002_11904038_exposure-of-the-dorsal-root-ganglion-in-rats-to-pu.md
11516410,10.1016/s0006-8993(01)02434-9,2001,in_vivo,thermique,plasticite_synaptique;dosimetrie_exposition,Brain research,Effects of low intensity radiofrequency electromagnetic fields on electrical activity in rat hippocampal slices.,https://pubmed.ncbi.nlm.nih.gov/11516410/,in_vivo/thermique/2001_11516410_effects-of-low-intensity-radiofrequency-electromag.md
10638670,10.1097/00024382-200013010-00010,2000,in_vivo,thermique,stress_oxydatif,"Shock (Augusta, Ga.)",Oxidative stress precedes circulatory failure induced by 35-GHz microwave heating.,https://pubmed.ncbi.nlm.nih.gov/10638670/,in_vivo/thermique/2000_10638670_oxidative-stress-precedes-circulatory-failure-indu.md
9766915,10.1007/s004200050300,1998,in_vivo,thermique,dosimetrie_exposition,International archives of occupational and environmental health,Effect of environmental temperature on the interactive developmental toxicity of radiofrequency radiation and 2-methoxyethanol in rats.,https://pubmed.ncbi.nlm.nih.gov/9766915/,in_vivo/thermique/1998_9766915_effect-of-environmental-temperature-on-the-interac.md
9209716,10.1002/(sici)1521-186x(1997)18:5<349::aid-bem2>3.0.co;2-2,1997,in_vivo,thermique,neurodeveloppement,Bioelectromagnetics,Interactions of radiofrequency radiation-induced hyperthermia and 2-methoxyethanol teratogenicity in rats.,https://pubmed.ncbi.nlm.nih.gov/9209716/,in_vivo/thermique/1997_9209716_interactions-of-radiofrequency-radiation-induced-h.md
8717318,10.1016/0048-9697(95)04917-7,1996,in_vivo,thermique,,The Science of the total environment,Experimental study of the effects of radiofrequency electromagnetic fields on animals with soft tissue wounds.,https://pubmed.ncbi.nlm.nih.gov/8717318/,in_vivo/thermique/1996_8717318_experimental-study-of-the-effects-of-radiofrequenc.md
7716735,10.1002/tera.1420500403,1994,in_vivo,thermique,,Teratology,Interactive developmental toxicity of radiofrequency radiation and 2-methoxyethanol in rats.,https://pubmed.ncbi.nlm.nih.gov/7716735/,in_vivo/thermique/1994_7716735_interactive-developmental-toxicity-of-radiofrequen.md
1849593,,1991,in_vivo,thermique,dosimetrie_exposition,Laboratory animal science,Cardiovascular changes in unanesthetized and ketamine-anesthetized Sprague-Dawley rats exposed to 2.8-GHz radiofrequency radiation.,https://pubmed.ncbi.nlm.nih.gov/1849593/,in_vivo/thermique/1991_1849593_cardiovascular-changes-in-unanesthetized-and-ketam.md
2388907,10.3181/00379727-194-43109,1990,in_vivo,thermique,,"Proceedings of the Society for Experimental Biology and Medicine. Society for Experimental Biology and Medicine (New York, N.Y.)",Thermal and physiologic responses to 1200-MHz radiofrequency radiation: differences between exposure in E and H orientation.,https://pubmed.ncbi.nlm.nih.gov/2388907/,in_vivo/thermique/1990_2388907_thermal-and-physiologic-responses-to-1200-mhz-radi.md
2574213,10.1080/09553008914552481,1989,in_vivo,thermique,,International journal of radiation biology,Thermal and physiological changes in rats exposed to CW and pulsed 2.8 GHz radiofrequency radiation in E and H orientations.,https://pubmed.ncbi.nlm.nih.gov/2574213/,in_vivo/thermique/1989_2574213_thermal-and-physiological-changes-in-rats-exposed.md
2694195,,1989,in_vivo,thermique,,Physiological chemistry and physics and medical NMR,Effects of field orientation during 700-MHz radiofrequency irradiation of rats.,https://pubmed.ncbi.nlm.nih.gov/2694195/,in_vivo/thermique/1989_2694195_effects-of-field-orientation-during-700-mhz-radiof.md
2798772,10.1007/BF01211260,1989,in_vivo,thermique,dosimetrie_exposition,Radiation and environmental biophysics,Thermal and physiological responses of rats exposed to 2.45-GHz radiofrequency radiation: a comparison of E and H orientation.,https://pubmed.ncbi.nlm.nih.gov/2798772/,in_vivo/thermique/1989_2798772_thermal-and-physiological-responses-of-rats-expose.md
2919227,10.1007/BF01209724,1989,in_vivo,thermique,,Radiation and environmental biophysics,Thermoregulatory responses of rats exposed to 9.3-GHz radiofrequency radiation.,https://pubmed.ncbi.nlm.nih.gov/2919227/,in_vivo/thermique/1989_2919227_thermoregulatory-responses-of-rats-exposed-to-9-3.md
3150033,10.1016/0892-0362(88)90008-6,1988,in_vivo,thermique,,Neurotoxicology and teratology,"Microwave radiation, in the absence of hyperthermia, has no detectable effect on synapsin I levels or phosphorylation.",https://pubmed.ncbi.nlm.nih.gov/3150033/,in_vivo/thermique/1988_3150033_microwave-radiation-in-the-absence-of-hyperthermia.md
3222349,,1988,in_vivo,thermique,dosimetrie_exposition,Physiological chemistry and physics and medical NMR,Thermal responses to 5.6-GHz radiofrequency radiation in anesthetized rats: effect of chlorpromazine.,https://pubmed.ncbi.nlm.nih.gov/3222349/,in_vivo/thermique/1988_3222349_thermal-responses-to-5-6-ghz-radiofrequency-radiat.md
2889562,10.1016/0300-9629(87)90107-1,1987,in_vivo,thermique,dosimetrie_exposition,"Comparative biochemistry and physiology. A, Comparative physiology",Comparative thermoregulatory response to passive heat loading by exposure to radiofrequency radiation.,https://pubmed.ncbi.nlm.nih.gov/2889562/,in_vivo/thermique/1987_2889562_comparative-thermoregulatory-response-to-passive-h.md
3619947,10.1002/bem.2250080202,1987,in_vivo,thermique,dosimetrie_exposition,Bioelectromagnetics,Normalizing the thermal effects of radiofrequency radiation: body mass versus total body surface area.,https://pubmed.ncbi.nlm.nih.gov/3619947/,in_vivo/thermique/1987_3619947_normalizing-the-thermal-effects-of-radiofrequency.md
3486854,10.1080/09553008514553211,1986,in_vivo,thermique,dosimetrie_exposition,"International journal of radiation biology and related studies in physics, chemistry, and medicine",Temperature regulation in the unrestrained rabbit during exposure to 600 MHz radiofrequency radiation.,https://pubmed.ncbi.nlm.nih.gov/3486854/,in_vivo/thermique/1986_3486854_temperature-regulation-in-the-unrestrained-rabbit.md
3753529,10.1002/bem.2250070302,1986,in_vivo,thermique,,Bioelectromagnetics,Brain temperature measurements in rats: a comparison of microwave and ambient temperature exposures.,https://pubmed.ncbi.nlm.nih.gov/3753529/,in_vivo/thermique/1986_3753529_brain-temperature-measurements-in-rats-a-compariso.md
3977968,10.1002/bem.2250060106,1985,in_vivo,thermique,,Bioelectromagnetics,Viability and phagocytosis of neutrophils exposed in vitro to 100-MHz radiofrequency radiation.,https://pubmed.ncbi.nlm.nih.gov/3977968/,in_vivo/thermique/1985_3977968_viability-and-phagocytosis-of-neutrophils-exposed.md
4084172,,1985,in_vivo,thermique,dosimetrie_exposition,"Aviation, space, and environmental medicine",Effects of psychotropic drugs on thermal responses to radiofrequency radiation.,https://pubmed.ncbi.nlm.nih.gov/4084172/,in_vivo/thermique/1985_4084172_effects-of-psychotropic-drugs-on-thermal-responses.md
6508685,,1984,in_vivo,thermique,dosimetrie_exposition,"Aviation, space, and environmental medicine",Increased susceptibility to radiofrequency radiation due to pharmacological agents.,https://pubmed.ncbi.nlm.nih.gov/6508685/,in_vivo/thermique/1984_6508685_increased-susceptibility-to-radiofrequency-radiati.md
6611321,10.1080/09553008414551071,1984,in_vivo,thermique,,"International journal of radiation biology and related studies in physics, chemistry, and medicine",Radiofrequency radiation and the immune system. Part 3. In vitro effects on human immunoglobin and on murine T- and B-lymphocytes.,https://pubmed.ncbi.nlm.nih.gov/6611321/,in_vivo/thermique/1984_6611321_radiofrequency-radiation-and-the-immune-system-par.md
6159087,10.1007/BF02795839,1980,in_vivo,thermique,,Cell biophysics,The effect of 2450 MHz microwave radiation on histamine secretion by rat peritoneal mast cells.,https://pubmed.ncbi.nlm.nih.gov/6159087/,in_vivo/thermique/1980_6159087_the-effect-of-2450-mhz-microwave-radiation-on-hist.md
6994168,,1980,in_vivo,thermique,,Radiation research,Radiofrequency radiation alters the immune system. II. Modulation in vivo lymphocyte circulation.,https://pubmed.ncbi.nlm.nih.gov/6994168/,in_vivo/thermique/1980_6994168_radiofrequency-radiation-alters-the-immune-system.md
818087,10.1002/jbm.820100303,1976,in_vivo,thermique,cancer,Journal of biomedical materials research,Materials for selective tissue heating in a radiofrequency electromagnetic field for the combined chemothermal treatment of brain tumors.,https://pubmed.ncbi.nlm.nih.gov/818087/,in_vivo/thermique/1976_818087_materials-for-selective-tissue-heating-in-a-radiof.md
41829655,10.3390/s26051694,2026,ingenierie_materiel,cancer,,,Telemetry and Sensing Using a Dual-Element Implantable MIMO Antenna System.,https://pubmed.ncbi.nlm.nih.gov/41829655/,ingenierie_materiel/cancer/2026_41829655_telemetry-and-sensing-using-a-dual-element-implant.md
42144411,10.1038/s41598-026-51192-9,2026,ingenierie_materiel,cancer,,,A miniature bio-inspired antenna for sub-6 GHz consumer wireless and biomedical diagnostic applications.,https://pubmed.ncbi.nlm.nih.gov/42144411/,ingenierie_materiel/cancer/2026_42144411_a-miniature-bio-inspired-antenna-for-sub-6-ghz-con.md
40968852,10.3390/s25113323,2025,ingenierie_materiel,cancer,,,A Compact Implantable Multiple-Input-Multiple-Output Antenna for Biotelemetry and Sensing Applications.,https://pubmed.ncbi.nlm.nih.gov/40968852/,ingenierie_materiel/cancer/2025_40968852_a-compact-implantable-multiple-input-multiple-outp.md
39409350,10.3390/s24196311,2024,ingenierie_materiel,cancer,,,Design and Implementation of an Ultra-Wideband Water Immersion Antenna for Underwater Ultrasonic Sensing in Microwave-Induced Thermoacoustic Tomography.,https://pubmed.ncbi.nlm.nih.gov/39409350/,ingenierie_materiel/cancer/2024_39409350_design-and-implementation-of-an-ultra-wideband-wat.md
41533703,10.1371/journal.pone.0340681,2026,ingenierie_materiel,dosimetrie_exposition,,,Mobile phone MIMO antenna array miniaturization-based low SAR research in the combined EMF.,https://pubmed.ncbi.nlm.nih.gov/41533703/,ingenierie_materiel/dosimetrie_exposition/2026_41533703_mobile-phone-mimo-antenna-array-miniaturization-ba.md
41534213,10.1088/1748-605X/ae38b1,2026,ingenierie_materiel,dosimetrie_exposition,,"Biomedical materials (Bristol, England)",Towards smarter pacemakers: robot-shaped antenna for efficient wireless telemetry in leadless cardiac implants.,https://pubmed.ncbi.nlm.nih.gov/41534213/,ingenierie_materiel/dosimetrie_exposition/2026_41534213_towards-smarter-pacemakers-robot-shaped-antenna-fo.md
41593293,10.1038/s41598-026-37736-z,2026,ingenierie_materiel,dosimetrie_exposition,,,Electronically switchable dual-band capsule antenna for wireless endoscopic applications.,https://pubmed.ncbi.nlm.nih.gov/41593293/,ingenierie_materiel/dosimetrie_exposition/2026_41593293_electronically-switchable-dual-band-capsule-antenn.md
41628194,10.1371/journal.pone.0341823,2026,ingenierie_materiel,dosimetrie_exposition,,PloS one,Eight-Port millimeter wave MIMO antenna loaded with novel frequency selective surface for higher data rate transmission.,https://pubmed.ncbi.nlm.nih.gov/41628194/,ingenierie_materiel/dosimetrie_exposition/2026_41628194_eight-port-millimeter-wave-mimo-antenna-loaded-wit.md
41792254,10.1038/s44172-026-00617-4,2026,ingenierie_materiel,dosimetrie_exposition,,Communications engineering,A wireless power transfer system for leadless endovascular electrocorticography.,https://pubmed.ncbi.nlm.nih.gov/41792254/,ingenierie_materiel/dosimetrie_exposition/2026_41792254_a-wireless-power-transfer-system-for-leadless-endo.md
41842253,10.1364/AO.593379,2026,ingenierie_materiel,dosimetrie_exposition,,Applied optics,"High-performance graphene wearable THz nano-antenna using a metasurface reflector: dual-band, dual-port, and low-SAR operation.",https://pubmed.ncbi.nlm.nih.gov/41842253/,ingenierie_materiel/dosimetrie_exposition/2026_41842253_high-performance-graphene-wearable-thz-nano-antenn.md
41876601,10.1038/s41598-026-39770-3,2026,ingenierie_materiel,dosimetrie_exposition,,Scientific reports,Compact and low mutual coupling 4 × 4 wideband MIMO antenna design for 5G millimeter-wave applications.,https://pubmed.ncbi.nlm.nih.gov/41876601/,ingenierie_materiel/dosimetrie_exposition/2026_41876601_compact-and-low-mutual-coupling-4-4-wideband-mimo.md
41892055,10.3390/bios16030163,2026,ingenierie_materiel,dosimetrie_exposition,,,Ultra-Miniaturized Dual-Band MIMO Antenna for Biomedical Implantable Devices in Wireless Health Monitoring Systems.,https://pubmed.ncbi.nlm.nih.gov/41892055/,ingenierie_materiel/dosimetrie_exposition/2026_41892055_ultra-miniaturized-dual-band-mimo-antenna-for-biom.md
41900181,10.3390/mi17030296,2026,ingenierie_materiel,dosimetrie_exposition,,,A Highly Compact and Isolated Triple-Band MIMO Antenna for Wireless Capsule Endoscopy and Cardiac Implant.,https://pubmed.ncbi.nlm.nih.gov/41900181/,ingenierie_materiel/dosimetrie_exposition/2026_41900181_a-highly-compact-and-isolated-triple-band-mimo-ant.md
41935060,10.1038/s41598-026-42793-5,2026,ingenierie_materiel,dosimetrie_exposition,,,Design and development of a graphene-based MIMO antenna for smart multi-band sub-6 GHz 5G wearable communication applications.,https://pubmed.ncbi.nlm.nih.gov/41935060/,ingenierie_materiel/dosimetrie_exposition/2026_41935060_design-and-development-of-a-graphene-based-mimo-an.md
41957503,10.1038/s41598-026-47610-7,2026,ingenierie_materiel,dosimetrie_exposition,,Scientific reports,A miniaturized dual-port circularly polarized MIMO patch antenna for SAR-compliant wearable X-band communication systems.,https://pubmed.ncbi.nlm.nih.gov/41957503/,ingenierie_materiel/dosimetrie_exposition/2026_41957503_a-miniaturized-dual-port-circularly-polarized-mimo.md
42228690,10.1371/journal.pone.0350727,2026,ingenierie_materiel,dosimetrie_exposition,,PloS one,Multi-phantom SAR-assessed ultra-compact dual-band millimeter-wave (mmWave) antenna optimised for 5G smartphones.,https://pubmed.ncbi.nlm.nih.gov/42228690/,ingenierie_materiel/dosimetrie_exposition/2026_42228690_multi-phantom-sar-assessed-ultra-compact-dual-band.md
42234605,10.1080/03091902.2026.2677020,2026,ingenierie_materiel,dosimetrie_exposition,,Journal of medical engineering & technology,PMMA based ultra miniaturized implantable antenna for biotelemetry applications.,https://pubmed.ncbi.nlm.nih.gov/42234605/,ingenierie_materiel/dosimetrie_exposition/2026_42234605_pmma-based-ultra-miniaturized-implantable-antenna.md
42289495,10.1038/s41598-026-55671-x,2026,ingenierie_materiel,dosimetrie_exposition,,Scientific reports,Parasitically coupled 16-port massive MIMO antenna for mmWave applications.,https://pubmed.ncbi.nlm.nih.gov/42289495/,ingenierie_materiel/dosimetrie_exposition/2026_42289495_parasitically-coupled-16-port-massive-mimo-antenna.md
42301852,10.1109/TBME.2026.3704203,2026,ingenierie_materiel,dosimetrie_exposition,,IEEE transactions on bio-medical engineering,Packaging and Integration of a Dual-Polarized MIMO Antenna with Pattern Diversity for Dual-Camera Wireless Capsule Endoscopy.,https://pubmed.ncbi.nlm.nih.gov/42301852/,ingenierie_materiel/dosimetrie_exposition/2026_42301852_packaging-and-integration-of-a-dual-polarized-mimo.md
42304042,10.1038/s41598-026-56975-8,2026,ingenierie_materiel,dosimetrie_exposition,,,Design of compact multi stub resonator based flexible monopole antenna for 5G wearable applications in N77 and N78 bands.,https://pubmed.ncbi.nlm.nih.gov/42304042/,ingenierie_materiel/dosimetrie_exposition/2026_42304042_design-of-compact-multi-stub-resonator-based-flexi.md
42351865,10.3390/bioengineering13060620,2026,ingenierie_materiel,dosimetrie_exposition,neuro_comportement_cognition;thermique,,Wideband Circularly Polarized Conformal Antenna with Physics-Informed Neural Network Modeling for IoBNT Capsule Endoscopy.,https://pubmed.ncbi.nlm.nih.gov/42351865/,ingenierie_materiel/dosimetrie_exposition/2026_42351865_wideband-circularly-polarized-conformal-antenna-wi.md
42365020,10.1038/s41598-026-58359-4,2026,ingenierie_materiel,dosimetrie_exposition,,Scientific reports,"Design and analysis of modified octagonal ring-shaped MIMO antenna with connected ground for 5G sub-6 GHz n79, Wi-Fi 5, and Wi-Fi 6E band applications.",https://pubmed.ncbi.nlm.nih.gov/42365020/,ingenierie_materiel/dosimetrie_exposition/2026_42365020_design-and-analysis-of-modified-octagonal-ring-sha.md
42443282,10.1038/s41598-026-61146-w,2026,ingenierie_materiel,dosimetrie_exposition,,,Medium-adaptive wideband near-field antenna for microwave detection of internal cavities in plant stems.,https://pubmed.ncbi.nlm.nih.gov/42443282/,ingenierie_materiel/dosimetrie_exposition/2026_42443282_medium-adaptive-wideband-near-field-antenna-for-mi.md
42479757,10.1371/journal.pone.0354130,2026,ingenierie_materiel,dosimetrie_exposition,,,A rhombus-keyhole shaped circularly polarized dual-band implantable antenna with low SAR compliance.,https://pubmed.ncbi.nlm.nih.gov/42479757/,ingenierie_materiel/dosimetrie_exposition/2026_42479757_a-rhombus-keyhole-shaped-circularly-polarized-dual.md
42590639,10.3390/s26154863,2026,ingenierie_materiel,dosimetrie_exposition,,,A Compact Dual-Port Dual-Polarized Ultrawideband Wearable Textile Antenna for Off-Body Communications in IoT-Based WBAN Scenarios.,https://pubmed.ncbi.nlm.nih.gov/42590639/,ingenierie_materiel/dosimetrie_exposition/2026_42590639_a-compact-dual-port-dual-polarized-ultrawideband-w.md
42591782,10.1039/d6ra02658c,2026,ingenierie_materiel,dosimetrie_exposition,,,Electroactive PVDF-based composite thin films incorporating metal phosphate fillers as flexible dielectric substrates for dual-band microwave antennas.,https://pubmed.ncbi.nlm.nih.gov/42591782/,ingenierie_materiel/dosimetrie_exposition/2026_42591782_electroactive-pvdf-based-composite-thin-films-inco.md
42740124,10.3390/s26175503,2026,ingenierie_materiel,dosimetrie_exposition,neuro_comportement_cognition,"Sensors (Basel, Switzerland)",A Distributed 4-Port Hilbert Slot MIMO Antenna with Full-Body Phantom Validation for mmWave Wearable Telemetry.,https://pubmed.ncbi.nlm.nih.gov/42740124/,ingenierie_materiel/dosimetrie_exposition/2026_42740124_a-distributed-4-port-hilbert-slot-mimo-antenna-wit.md
42740425,10.1515/bmt-2026-0098,2026,ingenierie_materiel,dosimetrie_exposition,,Biomedizinische Technik. Biomedical engineering,An ultra-miniaturized dual-band circularly polarized implantable antenna for neuromuscular prosthetic interfaces.,https://pubmed.ncbi.nlm.nih.gov/42740425/,ingenierie_materiel/dosimetrie_exposition/2026_42740425_an-ultra-miniaturized-dual-band-circularly-polariz.md
39747224,10.1038/s41598-024-83864-9,2025,ingenierie_materiel,dosimetrie_exposition,,,Compact wearable microstrip antenna design using hybrid quasi-Newton and Taguchi optimization.,https://pubmed.ncbi.nlm.nih.gov/39747224/,ingenierie_materiel/dosimetrie_exposition/2025_39747224_compact-wearable-microstrip-antenna-design-using-h.md
39934238,10.1038/s41598-025-86605-8,2025,ingenierie_materiel,dosimetrie_exposition,,,"A pocket-integrated miniature, dual-band, and high gain textile MIMO antenna for 5G and WiFi wearable applications.",https://pubmed.ncbi.nlm.nih.gov/39934238/,ingenierie_materiel/dosimetrie_exposition/2025_39934238_a-pocket-integrated-miniature-dual-band-and-high-g.md
40195383,10.1038/s41598-025-96025-3,2025,ingenierie_materiel,dosimetrie_exposition,,,SAR evaluation of MIMO antennas with a wide tunable range power divider.,https://pubmed.ncbi.nlm.nih.gov/40195383/,ingenierie_materiel/dosimetrie_exposition/2025_40195383_sar-evaluation-of-mimo-antennas-with-a-wide-tunabl.md
40283363,10.3390/mi16040489,2025,ingenierie_materiel,dosimetrie_exposition,,,A Single-Field Finite Difference Time-Domain Method Verified Using a Novel Antenna Design with an Artificial Magnetic Conductor Enhanced Structure.,https://pubmed.ncbi.nlm.nih.gov/40283363/,ingenierie_materiel/dosimetrie_exposition/2025_40283363_a-single-field-finite-difference-time-domain-metho.md
40334253,10.1371/journal.pone.0323299,2025,ingenierie_materiel,dosimetrie_exposition,,,A novel radiation protection method for miniaturized MIMO mobile terminal antenna design based on metamaterials.,https://pubmed.ncbi.nlm.nih.gov/40334253/,ingenierie_materiel/dosimetrie_exposition/2025_40334253_a-novel-radiation-protection-method-for-miniaturiz.md
40445884,10.1371/journal.pone.0310113,2025,ingenierie_materiel,dosimetrie_exposition,,,A novel experimental design approach to generating orbital angular momentum waves using wearable textile antenna for sub-6 GHz 5G.,https://pubmed.ncbi.nlm.nih.gov/40445884/,ingenierie_materiel/dosimetrie_exposition/2025_40445884_a-novel-experimental-design-approach-to-generating.md
40572349,10.3390/mi16060629,2025,ingenierie_materiel,dosimetrie_exposition,,,Ultra-Broadband Wearable Antenna with Thermal Sensitivity Based on Surface-Modified TiO&lt;sub&gt;2&lt;/sub&gt;-PTFE-PDMS Nanocomposites.,https://pubmed.ncbi.nlm.nih.gov/40572349/,ingenierie_materiel/dosimetrie_exposition/2025_40572349_ultra-broadband-wearable-antenna-with-thermal-sens.md
40617874,10.1038/s41598-025-07724-w,2025,ingenierie_materiel,dosimetrie_exposition,,,Design of a compact multistubs resonator based dual-band flexible wearable antenna with low SAR for sub-6 GHz ISM applications.,https://pubmed.ncbi.nlm.nih.gov/40617874/,ingenierie_materiel/dosimetrie_exposition/2025_40617874_design-of-a-compact-multistubs-resonator-based-dua.md
40835703,10.1038/s41598-025-15591-8,2025,ingenierie_materiel,dosimetrie_exposition,,,Compact wideband implantable antenna for wireless capsule endoscopy application in the 2.45 GHz ISM band.,https://pubmed.ncbi.nlm.nih.gov/40835703/,ingenierie_materiel/dosimetrie_exposition/2025_40835703_compact-wideband-implantable-antenna-for-wireless.md
40969052,10.3390/s25113498,2025,ingenierie_materiel,dosimetrie_exposition,,,Effects of Dielectric Properties of Human Body on Communication Link Margins and Specific Absorption Rate of Implanted Antenna System.,https://pubmed.ncbi.nlm.nih.gov/40969052/,ingenierie_materiel/dosimetrie_exposition/2025_40969052_effects-of-dielectric-properties-of-human-body-on.md
40999786,10.1002/bem.70023,2025,ingenierie_materiel,dosimetrie_exposition,,,Dosimetric Electromagnetic Safety of People With Implants: A Neglected Population?,https://pubmed.ncbi.nlm.nih.gov/40999786/,ingenierie_materiel/dosimetrie_exposition/2025_40999786_dosimetric-electromagnetic-safety-of-people-with-i.md
41073415,10.1038/s41598-025-19415-7,2025,ingenierie_materiel,dosimetrie_exposition,,,A highly miniaturized circularly polarized self-duplexing implantable antenna with enhanced performance for wireless capsule endoscopy applications.,https://pubmed.ncbi.nlm.nih.gov/41073415/,ingenierie_materiel/dosimetrie_exposition/2025_41073415_a-highly-miniaturized-circularly-polarized-self-du.md
41175046,10.1002/bem.70029,2025,ingenierie_materiel,dosimetrie_exposition,,,Definition and Validation of an Exposure Measurement Method for a Typical Load of a Base Station.,https://pubmed.ncbi.nlm.nih.gov/41175046/,ingenierie_materiel/dosimetrie_exposition/2025_41175046_definition-and-validation-of-an-exposure-measureme.md
41374543,10.3390/s25237168,2025,ingenierie_materiel,dosimetrie_exposition,,"Sensors (Basel, Switzerland)",SAR-Constrained Wireless Power Transfer Modeling for an Implantable Optical Neurostimulator Sensors.,https://pubmed.ncbi.nlm.nih.gov/41374543/,ingenierie_materiel/dosimetrie_exposition/2025_41374543_sar-constrained-wireless-power-transfer-modeling-f.md
41471504,10.3390/s25247507,2025,ingenierie_materiel,dosimetrie_exposition,,"Sensors (Basel, Switzerland)",Design and Analysis of a Dual-Band Implantable Receiving Antenna for Wireless Power Transfer and Data Communication at 1.32 GHz and 2.58 GHz.,https://pubmed.ncbi.nlm.nih.gov/41471504/,ingenierie_materiel/dosimetrie_exposition/2025_41471504_design-and-analysis-of-a-dual-band-implantable-rec.md
41471516,10.3390/s25247521,2025,ingenierie_materiel,dosimetrie_exposition,,"Sensors (Basel, Switzerland)",Neural Network-Based Adaptive Resource Allocation for 5G Heterogeneous Ultra-Dense Networks.,https://pubmed.ncbi.nlm.nih.gov/41471516/,ingenierie_materiel/dosimetrie_exposition/2025_41471516_neural-network-based-adaptive-resource-allocation.md
41597809,10.3390/mi17010028,2025,ingenierie_materiel,dosimetrie_exposition,,,A Compact Button Antenna with Dual-Band and Dual-Polarization for Wearable Body Area Networks.,https://pubmed.ncbi.nlm.nih.gov/41597809/,ingenierie_materiel/dosimetrie_exposition/2025_41597809_a-compact-button-antenna-with-dual-band-and-dual-p.md
41841861,10.1364/AO.577098,2025,ingenierie_materiel,dosimetrie_exposition,,Applied optics,Graphene-built wearable antenna in the optical regime: frequency-tunable dual-band twin-port design with a metasurface reflector and low SAR.,https://pubmed.ncbi.nlm.nih.gov/41841861/,ingenierie_materiel/dosimetrie_exposition/2025_41841861_graphene-built-wearable-antenna-in-the-optical-reg.md
IND608950376,,2025,ingenierie_materiel,dosimetrie_exposition,,,Design and evaluation of a compact unified hexagonal dual-band wearable patch antenna,,ingenierie_materiel/dosimetrie_exposition/2025_IND608950376_design-and-evaluation-of-a-compact-unified-hexagon.md
38404786,10.1016/j.heliyon.2024.e26398,2024,ingenierie_materiel,dosimetrie_exposition,,,Design and performance analysis of an L-shaped radiator and defected ground antenna for enhancing wireless connectivity in brain implants.,https://pubmed.ncbi.nlm.nih.gov/38404786/,ingenierie_materiel/dosimetrie_exposition/2024_38404786_design-and-performance-analysis-of-an-l-shaped-rad.md
38548782,10.1038/s41598-024-57639-1,2024,ingenierie_materiel,dosimetrie_exposition,,,Ultra-thin flexible rectenna integrated with power management unit for wireless power harvester/charging of smartwatch/wristband.,https://pubmed.ncbi.nlm.nih.gov/38548782/,ingenierie_materiel/dosimetrie_exposition/2024_38548782_ultra-thin-flexible-rectenna-integrated-with-power.md
38630765,10.1371/journal.pone.0301924,2024,ingenierie_materiel,dosimetrie_exposition,,,Dual-band MIMO antenna with low mutual coupling for 2.4/5.8 GHz communication and wearable technologies.,https://pubmed.ncbi.nlm.nih.gov/38630765/,ingenierie_materiel/dosimetrie_exposition/2024_38630765_dual-band-mimo-antenna-with-low-mutual-coupling-fo.md
38914590,10.1038/s41598-024-64932-6,2024,ingenierie_materiel,dosimetrie_exposition,,,On body and off body communication using a compact wideband and high gain wearable textile antenna.,https://pubmed.ncbi.nlm.nih.gov/38914590/,ingenierie_materiel/dosimetrie_exposition/2024_38914590_on-body-and-off-body-communication-using-a-compact.md
38931744,10.3390/s24123960,2024,ingenierie_materiel,dosimetrie_exposition,,,Design of a Compact Circularly Polarized Implantable Antenna for Capsule Endoscopy Systems.,https://pubmed.ncbi.nlm.nih.gov/38931744/,ingenierie_materiel/dosimetrie_exposition/2024_38931744_design-of-a-compact-circularly-polarized-implantab.md
38968022,10.1109/tbme.2024.3424199,2024,ingenierie_materiel,dosimetrie_exposition,,,Design of Electrically Small Intraocular Antenna for Retinal Prosthesis System and Its Validation.,https://pubmed.ncbi.nlm.nih.gov/38968022/,ingenierie_materiel/dosimetrie_exposition/2024_38968022_design-of-electrically-small-intraocular-antenna-f.md
39121158,10.1371/journal.pone.0306737,2024,ingenierie_materiel,dosimetrie_exposition,,,Design and performance investigation of metamaterial-inspired dual band antenna for WBAN applications.,https://pubmed.ncbi.nlm.nih.gov/39121158/,ingenierie_materiel/dosimetrie_exposition/2024_39121158_design-and-performance-investigation-of-metamateri.md
39124125,10.3390/s24155077,2024,ingenierie_materiel,dosimetrie_exposition,neuro_comportement_cognition,,A Compact Wearable Textile Antenna for NB-IoT and ISM Band Patient Tracking Applications.,https://pubmed.ncbi.nlm.nih.gov/39124125/,ingenierie_materiel/dosimetrie_exposition/2024_39124125_a-compact-wearable-textile-antenna-for-nb-iot-and.md
39448728,10.1038/s41598-024-74512-3,2024,ingenierie_materiel,dosimetrie_exposition,,,Implantable small ultra-wideband circularly polarized antenna design for continuous blood pressure monitoring.,https://pubmed.ncbi.nlm.nih.gov/39448728/,ingenierie_materiel/dosimetrie_exposition/2024_39448728_implantable-small-ultra-wideband-circularly-polari.md
39472595,10.1038/s41598-024-74685-x,2024,ingenierie_materiel,dosimetrie_exposition,,Scientific reports,Miniaturized circularly polarized wearable array antenna for medical device applications.,https://pubmed.ncbi.nlm.nih.gov/39472595/,ingenierie_materiel/dosimetrie_exposition/2024_39472595_miniaturized-circularly-polarized-wearable-array-a.md
39573685,10.1364/oe.539656,2024,ingenierie_materiel,dosimetrie_exposition,,,Mechanism insights for impedance matching in split-ring resonator topologies under bio-medical scenarios.,https://pubmed.ncbi.nlm.nih.gov/39573685/,ingenierie_materiel/dosimetrie_exposition/2024_39573685_mechanism-insights-for-impedance-matching-in-split.md
39636822,10.1371/journal.pone.0311753,2024,ingenierie_materiel,dosimetrie_exposition,,,Design analysis and performance enhancement of a 2-element MIMO skin-implantable antenna for IoT-based health monitoring devices.,https://pubmed.ncbi.nlm.nih.gov/39636822/,ingenierie_materiel/dosimetrie_exposition/2024_39636822_design-analysis-and-performance-enhancement-of-a-2.md
39686059,10.3390/s24237522,2024,ingenierie_materiel,dosimetrie_exposition,,,Scalp-Implanted Ultra-Wideband Circularly Polarized MIMO Antenna for Biotelemetry Systems.,https://pubmed.ncbi.nlm.nih.gov/39686059/,ingenierie_materiel/dosimetrie_exposition/2024_39686059_scalp-implanted-ultra-wideband-circularly-polarize.md
39770283,10.3390/mi15121530,2024,ingenierie_materiel,dosimetrie_exposition,,,Design and SAR Analysis of an AMC-Integrated Wearable Cavity-Backed SIW Antenna.,https://pubmed.ncbi.nlm.nih.gov/39770283/,ingenierie_materiel/dosimetrie_exposition/2024_39770283_design-and-sar-analysis-of-an-amc-integrated-weara.md
IND608609318,,2024,ingenierie_materiel,dosimetrie_exposition,,,Design and performance analysis of an L-shaped radiator and defected ground antenna for enhancing wireless connectivity in brain implants,,ingenierie_materiel/dosimetrie_exposition/2024_IND608609318_design-and-performance-analysis-of-an-l-shaped-rad.md
37241644,10.3390/mi14051021,2023,ingenierie_materiel,dosimetrie_exposition,,,A Compact-Size Multiple-Band Planar Inverted L-C Implantable Antenna Used for Biomedical Applications.,https://pubmed.ncbi.nlm.nih.gov/37241644/,ingenierie_materiel/dosimetrie_exposition/2023_37241644_a-compact-size-multiple-band-planar-inverted-l-c-i.md
37421052,10.3390/mi14040819,2023,ingenierie_materiel,dosimetrie_exposition,,,A Simulation Study of Triband Low SAR Wearable Antenna.,https://pubmed.ncbi.nlm.nih.gov/37421052/,ingenierie_materiel/dosimetrie_exposition/2023_37421052_a-simulation-study-of-triband-low-sar-wearable-ant.md
38202965,10.3390/s24010103,2023,ingenierie_materiel,dosimetrie_exposition,,"Sensors (Basel, Switzerland)",A Compact Dual-Band Millimeter Wave Antenna for Smartwatch and IoT Applications with Link Budget Estimation.,https://pubmed.ncbi.nlm.nih.gov/38202965/,ingenierie_materiel/dosimetrie_exposition/2023_38202965_a-compact-dual-band-millimeter-wave-antenna-for-sm.md
PPR712883,10.21203/rs.3.rs-3008052/v1,2023,ingenierie_materiel,dosimetrie_exposition,,,Wearable Flexible Jeans Textile Microstrip Patch Antenna for ISM band Application,https://doi.org/10.21203/rs.3.rs-3008052/v1,ingenierie_materiel/dosimetrie_exposition/2023_PPR712883_wearable-flexible-jeans-textile-microstrip-patch-a.md
36298364,10.3390/s22208009,2022,ingenierie_materiel,dosimetrie_exposition,,,A New Compact Triple-Band Triangular Patch Antenna for RF Energy Harvesting Applications in IoT Devices.,https://pubmed.ncbi.nlm.nih.gov/36298364/,ingenierie_materiel/dosimetrie_exposition/2022_36298364_a-new-compact-triple-band-triangular-patch-antenna.md
36363959,10.3390/mi13111938,2022,ingenierie_materiel,dosimetrie_exposition,,,An EBG-Based Triple-Band Wearable Antenna for WBAN Applications.,https://pubmed.ncbi.nlm.nih.gov/36363959/,ingenierie_materiel/dosimetrie_exposition/2022_36363959_an-ebg-based-triple-band-wearable-antenna-for-wban.md
34883957,10.3390/s21237953,2021,ingenierie_materiel,dosimetrie_exposition,,,Compact Dual-Band Antenna with Paired L-Shape Slots for On- and Off-Body Wireless Communication.,https://pubmed.ncbi.nlm.nih.gov/34883957/,ingenierie_materiel/dosimetrie_exposition/2021_34883957_compact-dual-band-antenna-with-paired-l-shape-slot.md
41501245,10.1038/s41598-025-32944-5,2026,ingenierie_materiel,general,,,A compact circularly polarized ultra-wide bandwidth implantable antenna for multiple scenarios.,https://pubmed.ncbi.nlm.nih.gov/41501245/,ingenierie_materiel/general/2026_41501245_a-compact-circularly-polarized-ultra-wide-bandwidt.md
41753815,10.3390/mi17020158,2026,ingenierie_materiel,general,,,Design of a Compact UHF Wilkinson Power Divider Using a Combined T-Shaped-CCMRC Resonator for Harmonic Suppression.,https://pubmed.ncbi.nlm.nih.gov/41753815/,ingenierie_materiel/general/2026_41753815_design-of-a-compact-uhf-wilkinson-power-divider-us.md
42249013,10.1038/s44172-026-00700-w,2026,ingenierie_materiel,general,,,Batteryless wireless tilt sensor with self-calibration capability for structural health monitoring.,https://pubmed.ncbi.nlm.nih.gov/42249013/,ingenierie_materiel/general/2026_42249013_batteryless-wireless-tilt-sensor-with-self-calibra.md
42303738,10.1038/s41598-026-58092-y,2026,ingenierie_materiel,general,,,Low-profile conformal triple-band textile antenna using conductive fabric and PDMS for wearable electronics.,https://pubmed.ncbi.nlm.nih.gov/42303738/,ingenierie_materiel/general/2026_42303738_low-profile-conformal-triple-band-textile-antenna.md
42451414,10.3390/s26134173,2026,ingenierie_materiel,general,,,Design of a SoC-Based Highly Integrated RF Transceiver Module.,https://pubmed.ncbi.nlm.nih.gov/42451414/,ingenierie_materiel/general/2026_42451414_design-of-a-soc-based-highly-integrated-rf-transce.md
42522738,10.1002/smtd.70902,2026,ingenierie_materiel,general,,,Regional Segregated Architecture Strategy for High-Efficiency Microwave Absorption of Polyimide Foam.,https://pubmed.ncbi.nlm.nih.gov/42522738/,ingenierie_materiel/general/2026_42522738_regional-segregated-architecture-strategy-for-high.md
PPR1139336,10.20944/preprints202601.0019.v1,2026,ingenierie_materiel,general,,,"Design and Realization of an Ultra-Wideband, Pattern-Stable Antenna for Ground Sensing Applications with UAVs",https://doi.org/10.20944/preprints202601.0019.v1,ingenierie_materiel/general/2026_PPR1139336_design-and-realization-of-an-ultra-wideband-patter.md
40363376,10.3390/s25092938,2025,ingenierie_materiel,general,,,Design of Small-Sized Spiral Slot PIFA Antenna Used Conformally in Laminated Body Tissues.,https://pubmed.ncbi.nlm.nih.gov/40363376/,ingenierie_materiel/general/2025_40363376_design-of-small-sized-spiral-slot-pifa-antenna-use.md
40419691,10.1038/s41598-025-03065-w,2025,ingenierie_materiel,general,,,Compact dual band crossover for 5G low and mid band applications using a metamaterial branch line coupler.,https://pubmed.ncbi.nlm.nih.gov/40419691/,ingenierie_materiel/general/2025_40419691_compact-dual-band-crossover-for-5g-low-and-mid-ban.md
40807944,10.3390/s25154777,2025,ingenierie_materiel,general,,,Miniaturized EBG Antenna for Efficient 5.8 GHz RF Energy Harvesting in Self-Powered IoT and Medical Sensors.,https://pubmed.ncbi.nlm.nih.gov/40807944/,ingenierie_materiel/general/2025_40807944_miniaturized-ebg-antenna-for-efficient-5-8-ghz-rf.md
41414566,10.1364/OE.579723,2025,ingenierie_materiel,general,,Optics express,Design of ultrawideband metamaterial absorber with enhanced optical transparency utilizing laser etching ITO micromesh.,https://pubmed.ncbi.nlm.nih.gov/41414566/,ingenierie_materiel/general/2025_41414566_design-of-ultrawideband-metamaterial-absorber-with.md
41471507,10.3390/s25247511,2025,ingenierie_materiel,general,,,Dual-Band Bent Sensing Textile Antenna Under Dual-Mode Resonance.,https://pubmed.ncbi.nlm.nih.gov/41471507/,ingenierie_materiel/general/2025_41471507_dual-band-bent-sensing-textile-antenna-under-dual.md
41842473,10.1364/AO.568201,2025,ingenierie_materiel,general,,Applied optics,Ultra-thin wideband cross-polarization converter with integrated high-sensitivity terahertz biosensing.,https://pubmed.ncbi.nlm.nih.gov/41842473/,ingenierie_materiel/general/2025_41842473_ultra-thin-wideband-cross-polarization-converter-w.md
38586375,10.1016/j.heliyon.2024.e28906,2024,ingenierie_materiel,general,,,"Meta-atom loaded circularly polarized triple band patch antenna for Wi-Fi, ISM and X-band communications.",https://pubmed.ncbi.nlm.nih.gov/38586375/,ingenierie_materiel/general/2024_38586375_meta-atom-loaded-circularly-polarized-triple-band.md
38988372,10.1016/j.ohx.2024.e00540,2024,ingenierie_materiel,general,,,"A low-cost, portable device for the study of the malaria parasite's growth inhibition via microwave exposure.",https://pubmed.ncbi.nlm.nih.gov/38988372/,ingenierie_materiel/general/2024_38988372_a-low-cost-portable-device-for-the-study-of-the-ma.md
39066139,10.3390/s24144743,2024,ingenierie_materiel,general,,,A Miniaturized Dual-Band Circularly Polarized Implantable Antenna for Use in Hemodialysis.,https://pubmed.ncbi.nlm.nih.gov/39066139/,ingenierie_materiel/general/2024_39066139_a-miniaturized-dual-band-circularly-polarized-impl.md
37571772,10.3390/s23156989,2023,ingenierie_materiel,general,,,A Miniaturized Tri-Band Implantable Antenna for ISM/WMTS/Lower UWB/Wi-Fi Frequencies.,https://pubmed.ncbi.nlm.nih.gov/37571772/,ingenierie_materiel/general/2023_37571772_a-miniaturized-tri-band-implantable-antenna-for-is.md
41688491,10.1038/s41598-026-36882-8,2026,ingenierie_materiel,neuro_comportement_cognition,,,A scalable UWB-to-reconfigurable MIMO filtenna with single-varactor tuning and enhanced isolation for adaptive 5G and cognitive radio systems.,https://pubmed.ncbi.nlm.nih.gov/41688491/,ingenierie_materiel/neuro_comportement_cognition/2026_41688491_a-scalable-uwb-to-reconfigurable-mimo-filtenna-wit.md
41901916,10.3390/s26061744,2026,ingenierie_materiel,neuro_comportement_cognition,dosimetrie_exposition,,Electromagnetic Performance Characterization and Circuit-Level Modeling of a Miniaturized Meander-Line Antenna for Implantable and Wearable RFID Applications.,https://pubmed.ncbi.nlm.nih.gov/41901916/,ingenierie_materiel/neuro_comportement_cognition/2026_41901916_electromagnetic-performance-characterization-and-c.md
42236755,10.1038/s41598-026-45917-z,2026,ingenierie_materiel,neuro_comportement_cognition,dosimetrie_exposition,,"A high-gain, low-SAR UWB all-textile two-port MIMO antenna based on an AMC structure for wireless body area networks.",https://pubmed.ncbi.nlm.nih.gov/42236755/,ingenierie_materiel/neuro_comportement_cognition/2026_42236755_a-high-gain-low-sar-uwb-all-textile-two-port-mimo.md
39899529,10.1371/journal.pone.0305203,2025,ingenierie_materiel,neuro_comportement_cognition,dosimetrie_exposition,,A machine learning driven computationally efficient horse shoe shaped antenna design for internet of medical things.,https://pubmed.ncbi.nlm.nih.gov/39899529/,ingenierie_materiel/neuro_comportement_cognition/2025_39899529_a-machine-learning-driven-computationally-efficien.md
41315784,10.1038/s41598-025-29864-9,2025,ingenierie_materiel,neuro_comportement_cognition,,Scientific reports,Efficient phase shift in metamaterial spoof surface plasmon polaritons waveguides.,https://pubmed.ncbi.nlm.nih.gov/41315784/,ingenierie_materiel/neuro_comportement_cognition/2025_41315784_efficient-phase-shift-in-metamaterial-spoof-surfac.md
IND609302327,,2025,ingenierie_materiel,reproduction,,,Advanced In Situ Nitrate Sensing and Wireless Data Transmission Prototype for Precision Soil Fertility Monitoring,,ingenierie_materiel/reproduction/2025_IND609302327_advanced-in-situ-nitrate-sensing-and-wireless-data.md
36772091,10.3390/s23031051,2023,ingenierie_materiel,thermique,cancer,,Design of Ultra-Wideband Phased Array Applicator for Breast Cancer Hyperthermia Therapy.,https://pubmed.ncbi.nlm.nih.gov/36772091/,ingenierie_materiel/thermique/2023_36772091_design-of-ultra-wideband-phased-array-applicator-f.md
41847319,10.1016/j.crtox.2026.100288,2026,non_classe,apoptose_mitochondrie,,,The role of autophagy in microwave radiation induced toxicity in iPSC-derived cardiomyocytes.,https://pubmed.ncbi.nlm.nih.gov/41847319/,non_classe/apoptose_mitochondrie/2026_41847319_the-role-of-autophagy-in-microwave-radiation-induc.md
28377966,10.1016/j.bonr.2015.08.002,2015,non_classe,apoptose_mitochondrie,,Bone reports,Primary human osteoblasts with reduced alkaline phosphatase and matrix mineralization baseline capacity are responsive to extremely low frequency pulsed electromagnetic field exposure - Clinical implication possible.,https://pubmed.ncbi.nlm.nih.gov/28377966/,non_classe/apoptose_mitochondrie/2015_28377966_primary-human-osteoblasts-with-reduced-alkaline-ph.md
42395102,10.4329/wjr.122056,2026,non_classe,barriere_hemato_encephalique,cancer,,Value of dual energy computed tomography with material decomposition algorithm in assessing intestinal creeping fat in Crohn's disease.,https://pubmed.ncbi.nlm.nih.gov/42395102/,non_classe/barriere_hemato_encephalique/2026_42395102_value-of-dual-energy-computed-tomography-with-mate.md
41369899,10.1007/s00261-025-05280-5,2026,non_classe,cancer,,Abdominal radiology (New York),Differentiation of tumor budding grade in colon cancer using noise-optimized virtual monoenergetic image in dual-energy CT.,https://pubmed.ncbi.nlm.nih.gov/41369899/,non_classe/cancer/2026_41369899_differentiation-of-tumor-budding-grade-in-colon-ca.md
41815122,10.21037/tcr-2025-aw-2251,2026,non_classe,cancer,,Translational cancer research,Construction of a postoperative disease-free survival prediction model for non-small cell lung cancer patients based on dual-energy computed tomography parameters and blood inflammatory indicators.,https://pubmed.ncbi.nlm.nih.gov/41815122/,non_classe/cancer/2026_41815122_construction-of-a-postoperative-disease-free-survi.md
41863573,10.1007/s12010-026-05671-4,2026,non_classe,cancer,,,"Increasing the Production of L-Asparaginase From Bacillus Licheniformis by Mutagenesis with Microwaves, Ultraviolet and Ethylmethanesulfonate (EMS).",https://pubmed.ncbi.nlm.nih.gov/41863573/,non_classe/cancer/2026_41863573_increasing-the-production-of-l-asparaginase-from-b.md
41889495,10.3389/fmed.2026.1792692,2026,non_classe,cancer,,,Integration of dual-energy CT parameters and radiomics features for non-invasive prediction of &lt;i&gt;α&lt;/i&gt;-SMA and CD8 + T cell in non-small cell lung cancer.,https://pubmed.ncbi.nlm.nih.gov/41889495/,non_classe/cancer/2026_41889495_integration-of-dual-energy-ct-parameters-and-radio.md
41949696,10.1186/s13244-026-02275-8,2026,non_classe,cancer,,,Assessment of multi-parameter dual-energy CT in predicting muscle invasion in bladder cancer: comparison with VI-RADS.,https://pubmed.ncbi.nlm.nih.gov/41949696/,non_classe/cancer/2026_41949696_assessment-of-multi-parameter-dual-energy-ct-in-pr.md
42118276,10.1007/s00261-026-05533-x,2026,non_classe,cancer,,,Dual-energy CT-derived multiparameters for noninvasive prediction of vessels encapsulating tumor clusters and microvascular invasion in hepatocellular carcinoma.,https://pubmed.ncbi.nlm.nih.gov/42118276/,non_classe/cancer/2026_42118276_dual-energy-ct-derived-multiparameters-for-noninva.md
42118397,10.1007/s11604-026-01976-w,2026,non_classe,cancer,,,Role of extracellular volume fraction determined by dual-layer spectral detector CT in predicting the tumor grade of pancreatic neuroendocrine neoplasms.,https://pubmed.ncbi.nlm.nih.gov/42118397/,non_classe/cancer/2026_42118397_role-of-extracellular-volume-fraction-determined-b.md
42241175,10.4103/jcrt.jcrt_1402_23,2026,non_classe,cancer,,,Extracellular volume fraction determined by equilibrium contrast-enhanced dual-energy CT as a diagnostic indicator in patients with renal masses.,https://pubmed.ncbi.nlm.nih.gov/42241175/,non_classe/cancer/2026_42241175_extracellular-volume-fraction-determined-by-equili.md
42287903,10.1016/j.ejrad.2026.113002,2026,non_classe,cancer,,,Value of dual-energy CT in assessing therapeutic response after TACE for hepatocellular carcinoma: A retrospective comparative study with conventional CT.,https://pubmed.ncbi.nlm.nih.gov/42287903/,non_classe/cancer/2026_42287903_value-of-dual-energy-ct-in-assessing-therapeutic-r.md
42308522,10.1093/dmfr/twag044,2026,non_classe,cancer,,,Radiological-pathological correlation of tumour size and depth of invasion of oral squamous cell carcinoma using Dual-Energy CT in comparison to MRI and the impact on T-stage.,https://pubmed.ncbi.nlm.nih.gov/42308522/,non_classe/cancer/2026_42308522_radiological-pathological-correlation-of-tumour-si.md
42571761,10.1016/j.ejrad.2026.113137,2026,non_classe,cancer,,,Baseline dual-energy CT iodine uptake predicts systemic but not lesion-level progression in immunotherapy-treated metastatic melanoma.,https://pubmed.ncbi.nlm.nih.gov/42571761/,non_classe/cancer/2026_42571761_baseline-dual-energy-ct-iodine-uptake-predicts-sys.md
42647686,10.1177/19714009261481791,2026,non_classe,cancer,,,Diagnostic performance of the proposed DECT NI-RADS criteria for imaging surveillance of post-treatment head and neck squamous cell carcinoma: A preliminary study.,https://pubmed.ncbi.nlm.nih.gov/42647686/,non_classe/cancer/2026_42647686_diagnostic-performance-of-the-proposed-dect-ni-rad.md
42661227,10.1186/s40644-026-01110-z,2026,non_classe,cancer,,,Dual-energy CT extracellular volume fraction for predicting the chemotherapeutic response in pancreatic ductal adenocarcinoma.,https://pubmed.ncbi.nlm.nih.gov/42661227/,non_classe/cancer/2026_42661227_dual-energy-ct-extracellular-volume-fraction-for-p.md
41295740,10.3390/vetsci12111102,2025,non_classe,cancer,,Veterinary sciences,"Quantitative Conspicuity of Pancreatic Canine Insulinoma: A Comparison of Dynamic 4D CT and Dual-Source, Dual-Energy Bolus-Triggered Multiphase CT Imaging.",https://pubmed.ncbi.nlm.nih.gov/41295740/,non_classe/cancer/2025_41295740_quantitative-conspicuity-of-pancreatic-canine-insu.md
41367767,10.21037/qims-2025-1246,2025,non_classe,cancer,,Quantitative imaging in medicine and surgery,Dual-energy CT multiparametric analysis improves diagnostic accuracy and reduces complications in percutaneous transthoracic needle biopsy.,https://pubmed.ncbi.nlm.nih.gov/41367767/,non_classe/cancer/2025_41367767_dual-energy-ct-multiparametric-analysis-improves-d.md
41372989,10.1186/s40644-025-00975-w,2025,non_classe,cancer,,Cancer imaging : the official publication of the International Cancer Imaging Society,CD31-associated vascular phenotyping using Doppler ultrasound and dual-energy CT for recurrence risk stratification in papillary thyroid cancer.,https://pubmed.ncbi.nlm.nih.gov/41372989/,non_classe/cancer/2025_41372989_cd31-associated-vascular-phenotyping-using-doppler.md
39337813,10.3390/mi15091153,2024,non_classe,cancer,,,A Breast Tumor Monitoring Vest with Flexible UWB Antennas-A Proof-of-Concept Study Using Realistic Breast Phantoms.,https://pubmed.ncbi.nlm.nih.gov/39337813/,non_classe/cancer/2024_39337813_a-breast-tumor-monitoring-vest-with-flexible-uwb-a.md
35271102,10.3390/s22051955,2022,non_classe,cancer,,"Sensors (Basel, Switzerland)",Heterogeneous Skin Phantoms for Experimental Validation of Microwave-Based Diagnostic Tools.,https://pubmed.ncbi.nlm.nih.gov/35271102/,non_classe/cancer/2022_35271102_heterogeneous-skin-phantoms-for-experimental-valid.md
34541704,10.1002/bem.22373,2021,non_classe,cancer,,Bioelectromagnetics,Mobile Phone Use and Time Trend of Brain Cancer Incidence Rate in Korea.,https://pubmed.ncbi.nlm.nih.gov/34541704/,non_classe/cancer/2021_34541704_mobile-phone-use-and-time-trend-of-brain-cancer-in.md
31378769,10.2486/indhealth.57_400,2019,non_classe,cancer,,Industrial health,Health effects of Radiofrequency Electromagnetic Fields (RF EMF).,https://pubmed.ncbi.nlm.nih.gov/31378769/,non_classe/cancer/2019_31378769_health-effects-of-radiofrequency-electromagnetic-f.md
31531303,10.31661/jbpe.v0i0.771,2019,non_classe,cancer,,Journal of biomedical physics & engineering,Evaluation of the Validity of a Nonlinear J-Shaped Dose-Response Relationship in Cancers Induced by Exposure to Radiofrequency Electromagnetic Fields.,https://pubmed.ncbi.nlm.nih.gov/31531303/,non_classe/cancer/2019_31531303_evaluation-of-the-validity-of-a-nonlinear-j-shaped.md
23619813,10.1002/lary.24103,2014,non_classe,cancer,,The Laryngoscope,Effect of Bluetooth headset and mobile phone electromagnetic fields on the human auditory nerve.,https://pubmed.ncbi.nlm.nih.gov/23619813/,non_classe/cancer/2014_23619813_effect-of-bluetooth-headset-and-mobile-phone-elect.md
19464814,10.1016/j.mehy.2009.04.020,2009,non_classe,cancer,,Medical hypotheses,Most cancer in firefighters is due to radio-frequency radiation exposure not inhaled carcinogens.,https://pubmed.ncbi.nlm.nih.gov/19464814/,non_classe/cancer/2009_19464814_most-cancer-in-firefighters-is-due-to-radio-freque.md
11138811,10.1097/00001648-200101000-00024,2001,non_classe,cancer,,"Epidemiology (Cambridge, Mass.)",Radiofrequency exposure and the risk for brain tumors.,https://pubmed.ncbi.nlm.nih.gov/11138811/,non_classe/cancer/2001_11138811_radiofrequency-exposure-and-the-risk-for-brain-tum.md
41545484,10.1038/s41598-026-35188-z,2026,non_classe,dosimetrie_exposition,,Scientific reports,Resilience enhancement strategies for distribution networks considering the coordination of 5G base stations and multiple flexible resources.,https://pubmed.ncbi.nlm.nih.gov/41545484/,non_classe/dosimetrie_exposition/2026_41545484_resilience-enhancement-strategies-for-distribution.md
42655457,10.3390/s26165149,2026,non_classe,dosimetrie_exposition,,"Sensors (Basel, Switzerland)",Coverage Analysis of Hybrid FSO/RF Communication Systems with Selection Combining in High-Speed Railway Scenarios.,https://pubmed.ncbi.nlm.nih.gov/42655457/,non_classe/dosimetrie_exposition/2026_42655457_coverage-analysis-of-hybrid-fso-rf-communication-s.md
42711357,10.1038/s41598-026-61506-6,2026,non_classe,dosimetrie_exposition,,Scientific reports,Mobile application traffic reveals multifunctional use patterns in Parisian parks.,https://pubmed.ncbi.nlm.nih.gov/42711357/,non_classe/dosimetrie_exposition/2026_42711357_mobile-application-traffic-reveals-multifunctional.md
42735285,10.1080/15459624.2026.2709614,2026,non_classe,dosimetrie_exposition,,Journal of occupational and environmental hygiene,Welding screens and curtains: Part 1-the derivation of transmittance requirements.,https://pubmed.ncbi.nlm.nih.gov/42735285/,non_classe/dosimetrie_exposition/2026_42735285_welding-screens-and-curtains-part-1-the-derivation.md
PPR1301048,10.21203/rs.3.rs-10324691/v1,2026,non_classe,dosimetrie_exposition,,,Enhancing RD-BIBD Key Pre-distribution with Permutation Aware Node Assignment in Fog Computing,https://doi.org/10.21203/rs.3.rs-10324691/v1,non_classe/dosimetrie_exposition/2026_PPR1301048_enhancing-rd-bibd-key-pre-distribution-with-permut.md
41364135,10.1007/s10661-025-14876-9,2025,non_classe,dosimetrie_exposition,,,RF-EMF exposure in the transition to 5G: A multi-dimensional measurement campaign in the Peloponnese Region of Greece.,https://pubmed.ncbi.nlm.nih.gov/41364135/,non_classe/dosimetrie_exposition/2025_41364135_rf-emf-exposure-in-the-transition-to-5g-a-multi-di.md
38793866,10.3390/s24103012,2024,non_classe,dosimetrie_exposition,,"Sensors (Basel, Switzerland)",In Situ Assessment of Uplink Duty Cycles for 4G and 5G Wireless Communications.,https://pubmed.ncbi.nlm.nih.gov/38793866/,non_classe/dosimetrie_exposition/2024_38793866_in-situ-assessment-of-uplink-duty-cycles-for-4g-an.md
23759207,10.1016/j.envres.2013.05.005,2013,non_classe,dosimetrie_exposition,,Environmental research,Assessment of outdoor radiofrequency electromagnetic field exposure through hotspot localization using kriging-based sequential sampling.,https://pubmed.ncbi.nlm.nih.gov/23759207/,non_classe/dosimetrie_exposition/2013_23759207_assessment-of-outdoor-radiofrequency-electromagnet.md
41755281,10.3390/s26041342,2026,non_classe,eeg_sommeil,,"Sensors (Basel, Switzerland)",Toward Mobile Neuroimaging: Design of a Multi-Modal EEG/fNIRS Instrument for Real-Time Use.,https://pubmed.ncbi.nlm.nih.gov/41755281/,non_classe/eeg_sommeil/2026_41755281_toward-mobile-neuroimaging-design-of-a-multi-modal.md
42578022,10.2147/nss.s602209,2026,non_classe,eeg_sommeil,,,Diagnostic Performance of a Combined Reflective Photoplethysmography and Ultra-Wideband Radar Device for Obstructive Sleep Apnea: Comparison with Polysomnography.,https://pubmed.ncbi.nlm.nih.gov/42578022/,non_classe/eeg_sommeil/2026_42578022_diagnostic-performance-of-a-combined-reflective-ph.md
PPR1188599,10.21203/rs.3.rs-7575931/v1,2026,non_classe,eeg_sommeil,dosimetrie_exposition,,An Approach to Reduce the Number of Intermediate Nodes in a Free Space Wireless Sensor Networks,https://doi.org/10.21203/rs.3.rs-7575931/v1,non_classe/eeg_sommeil/2026_PPR1188599_an-approach-to-reduce-the-number-of-intermediate-n.md
38865177,10.2196/56616,2024,non_classe,eeg_sommeil,neurodeveloppement,JMIR nursing,Evaluation of Autonomic Nervous System Function During Sleep by Mindful Breathing Using a Tablet Device: Randomized Controlled Trial.,https://pubmed.ncbi.nlm.nih.gov/38865177/,non_classe/eeg_sommeil/2024_38865177_evaluation-of-autonomic-nervous-system-function-du.md
37069845,10.2147/NSS.S401452,2023,non_classe,eeg_sommeil,,Nature and science of sleep,Sleep Reactivity and Related Factors in Adolescence: An Increased Risk for Insomnia? A Longitudinal Assessment.,https://pubmed.ncbi.nlm.nih.gov/37069845/,non_classe/eeg_sommeil/2023_37069845_sleep-reactivity-and-related-factors-in-adolescenc.md
35365710,10.1038/s41598-022-09273-y,2022,non_classe,eeg_sommeil,neuro_comportement_cognition,Scientific reports,Quantifying daily rhythms with non-negative matrix factorization applied to mobile phone data.,https://pubmed.ncbi.nlm.nih.gov/35365710/,non_classe/eeg_sommeil/2022_35365710_quantifying-daily-rhythms-with-non-negative-matrix.md
33532989,10.1007/s11325-021-02295-2,2021,non_classe,eeg_sommeil,,Sleep & breathing = Schlaf & Atmung,Association between the pattern of mobile phone use and sleep quality in Northeast China college students.,https://pubmed.ncbi.nlm.nih.gov/33532989/,non_classe/eeg_sommeil/2021_33532989_association-between-the-pattern-of-mobile-phone-us.md
34514385,10.3389/fspor.2021.694537,2021,non_classe,eeg_sommeil,,Frontiers in sports and active living,"Variations in Elite Female Soccer Players' Sleep, and Associations With Perceived Fatigue and Soccer Games.",https://pubmed.ncbi.nlm.nih.gov/34514385/,non_classe/eeg_sommeil/2021_34514385_variations-in-elite-female-soccer-players-sleep-an.md
31557952,10.3390/s19194160,2019,non_classe,eeg_sommeil,,"Sensors (Basel, Switzerland)",About the Accuracy and Problems of Consumer Devices in the Assessment of Sleep.,https://pubmed.ncbi.nlm.nih.gov/31557952/,non_classe/eeg_sommeil/2019_31557952_about-the-accuracy-and-problems-of-consumer-device.md
17548154,10.1016/j.neulet.2007.05.027,2007,non_classe,eeg_sommeil,neurodeveloppement;dosimetrie_exposition,Neuroscience letters,Mobile phone 'talk-mode' signal delays EEG-determined sleep onset.,https://pubmed.ncbi.nlm.nih.gov/17548154/,non_classe/eeg_sommeil/2007_17548154_mobile-phone-talk-mode-signal-delays-eeg-determine.md
10212373,,1998,non_classe,eeg_sommeil,,Blood pressure monitoring,Alteration of diurnal rhythms of blood pressure and heart rate to workers exposed to radiofrequency electromagnetic fields.,https://pubmed.ncbi.nlm.nih.gov/10212373/,non_classe/eeg_sommeil/1998_10212373_alteration-of-diurnal-rhythms-of-blood-pressure-an.md
9554698,,1998,non_classe,eeg_sommeil,neurodeveloppement,Bioelectromagnetics,Human sleep under the influence of pulsed radiofrequency electromagnetic fields: a polysomnographic study using standardized conditions.,https://pubmed.ncbi.nlm.nih.gov/9554698/,non_classe/eeg_sommeil/1998_9554698_human-sleep-under-the-influence-of-pulsed-radiofre.md
41198863,10.1007/s00330-025-12109-8,2026,non_classe,general,,European radiology,Predicting carotid in-stent restenosis with dual-energy CT: a multicenter study.,https://pubmed.ncbi.nlm.nih.gov/41198863/,non_classe/general/2026_41198863_predicting-carotid-in-stent-restenosis-with-dual-e.md
41265782,10.1016/j.wneu.2025.124647,2026,non_classe,general,,World neurosurgery,Prediction of Malignant Acute Middle Cerebral Artery Infarction Via Dual-Energy Computed Tomography-Derived Parameters.,https://pubmed.ncbi.nlm.nih.gov/41265782/,non_classe/general/2026_41265782_prediction-of-malignant-acute-middle-cerebral-arte.md
41318297,10.1016/j.acra.2025.11.019,2026,non_classe,general,,Academic radiology,Beyond Imaging Features: Dual-Energy CT Reveals Subtle Differences in High-Risk Plaques Between Stroke and Non-stroke Patients.,https://pubmed.ncbi.nlm.nih.gov/41318297/,non_classe/general/2026_41318297_beyond-imaging-features-dual-energy-ct-reveals-sub.md
41365825,10.1093/bjr/tqaf303,2026,non_classe,general,,The British journal of radiology,Can full-volume dual-energy CT quantitative parameter nomogram predict the new IASLC grade of pure solid invasive pulmonary adenocarcinoma.,https://pubmed.ncbi.nlm.nih.gov/41365825/,non_classe/general/2026_41365825_can-full-volume-dual-energy-ct-quantitative-parame.md
41379143,10.1007/s00261-025-05343-7,2026,non_classe,general,,Abdominal radiology (New York),Follow-up recommendation rates with abdominopelvic photon counting CT: comparison with conventional dual-energy and single-energy CT.,https://pubmed.ncbi.nlm.nih.gov/41379143/,non_classe/general/2026_41379143_follow-up-recommendation-rates-with-abdominopelvic.md
41420606,10.1021/acs.orglett.5c04300,2026,non_classe,general,,Organic letters,"Cyclocarbonickelation-Arylation Cascade under Ligand-Free Conditions: Access to Dibenzoxepine, Oxathiepine, and Thiazepine Frameworks and Mechanistic Insights.",https://pubmed.ncbi.nlm.nih.gov/41420606/,non_classe/general/2026_41420606_cyclocarbonickelation-arylation-cascade-under-liga.md
41490456,10.1016/j.bioorg.2026.109465,2026,non_classe,general,,Bioorganic chemistry,"Structure-activity and structure-property relationships in CARBAZOLE-based AZETIDIN-2-one: Synthesis, antimicrobial evaluation, DFT, docking, ADME, and toxicity studies.",https://pubmed.ncbi.nlm.nih.gov/41490456/,non_classe/general/2026_41490456_structure-activity-and-structure-property-relation.md
41543562,10.1007/s00330-025-12294-6,2026,non_classe,general,,European radiology,Preoperative colon cancer nodal staging using dual-energy CT and clinically derived features.,https://pubmed.ncbi.nlm.nih.gov/41543562/,non_classe/general/2026_41543562_preoperative-colon-cancer-nodal-staging-using-dual.md
41599522,10.3390/polym18020228,2026,non_classe,general,,,Reversible Joining Technology for Polyolefins Using Electromagnetic Energy and Homologous Hot-Melt Adhesives Containing Metallic and Ferrite Additives.,https://pubmed.ncbi.nlm.nih.gov/41599522/,non_classe/general/2026_41599522_reversible-joining-technology-for-polyolefins-usin.md
41605690,10.6009/jjrt.26-1589,2026,non_classe,general,,Nihon Hoshasen Gijutsu Gakkai zasshi,[Intracranial Hemorrhage Assessment Using Sequential Acquisition Dual-energy CT after Endovascular Thrombectomy].,https://pubmed.ncbi.nlm.nih.gov/41605690/,non_classe/general/2026_41605690_intracranial-hemorrhage-assessment-using-sequentia.md
41637845,10.1016/j.ejrad.2026.112709,2026,non_classe,general,,European journal of radiology,Diagnostic performance of iodine map for differentiating colorectal cancer from benign colorectal wall thickening.,https://pubmed.ncbi.nlm.nih.gov/41637845/,non_classe/general/2026_41637845_diagnostic-performance-of-iodine-map-for-different.md
41638967,10.1016/j.acra.2026.01.019,2026,non_classe,general,,Academic radiology,"Vascular Obstruction Scoring on Dual-energy CT, Cone-beam CT and Digital Subtraction Angiography: Correlation with Invasive Hemodynamics in Chronic Thromboembolic Pulmonary Hypertension.",https://pubmed.ncbi.nlm.nih.gov/41638967/,non_classe/general/2026_41638967_vascular-obstruction-scoring-on-dual-energy-ct-con.md
41681659,10.3390/plants15030495,2026,non_classe,general,,"Plants (Basel, Switzerland)",Extremely Low Frequency Radiation Enhances Soybean Chlorophyll Index and Nutrient Use Efficiency Under Suboptimal Conditions.,https://pubmed.ncbi.nlm.nih.gov/41681659/,non_classe/general/2026_41681659_extremely-low-frequency-radiation-enhances-soybean.md
41711871,10.1007/s00234-026-03930-z,2026,non_classe,general,,Neuroradiology,Optimizing virtual monoenergetic imaging for dual‑energy CT venography assessment of intracranial venous sinus stents.,https://pubmed.ncbi.nlm.nih.gov/41711871/,non_classe/general/2026_41711871_optimizing-virtual-monoenergetic-imaging-for-dual.md
41746823,10.1148/rg.250074,2026,non_classe,general,,,Quantitative Dual-Energy CT in Abdominal Imaging: Technical Considerations and Emerging Clinical Applications.,https://pubmed.ncbi.nlm.nih.gov/41746823/,non_classe/general/2026_41746823_quantitative-dual-energy-ct-in-abdominal-imaging-t.md
41768355,10.2903/j.efsa.2026.9934,2026,non_classe,general,,,The use of Diathermic Syncope® for stunning cattle.,https://pubmed.ncbi.nlm.nih.gov/41768355/,non_classe/general/2026_41768355_the-use-of-diathermic-syncope-for-stunning-cattle.md
41778043,10.3389/fmed.2026.1743139,2026,non_classe,general,,Frontiers in medicine,"Dual-energy CT based low flow rate, low dose CTPA and lung perfusion in the pulmonary diagnosis of post-COVID-19 syndrome.",https://pubmed.ncbi.nlm.nih.gov/41778043/,non_classe/general/2026_41778043_dual-energy-ct-based-low-flow-rate-low-dose-ctpa-a.md
41781263,10.1016/j.acra.2026.02.001,2026,non_classe,general,,Academic radiology,Value of Dual-Energy Computed Tomography Quantitative Parameters in Evaluating the Efficacy of Neoadjuvant Chemotherapy for Breast Cancer.,https://pubmed.ncbi.nlm.nih.gov/41781263/,non_classe/general/2026_41781263_value-of-dual-energy-computed-tomography-quantitat.md
41816044,10.21037/qims-2025-1378,2026,non_classe,general,,Quantitative imaging in medicine and surgery,Enhancing vascular wall assessment in computed tomography: image quality optimization via small-field-of-view vascular wall spectral images.,https://pubmed.ncbi.nlm.nih.gov/41816044/,non_classe/general/2026_41816044_enhancing-vascular-wall-assessment-in-computed-tom.md
41817473,10.1016/j.jacr.2026.02.010,2026,non_classe,general,,Journal of the American College of Radiology : JACR,ACR Appropriateness Criteria® Renovascular Hypertension: Update 2026.,https://pubmed.ncbi.nlm.nih.gov/41817473/,non_classe/general/2026_41817473_acr-appropriateness-criteria-renovascular-hyperten.md
41821433,10.1093/rpd/ncaf179,2026,non_classe,general,,Radiation protection dosimetry,Optimizing material composition determination in dual-energy computed tomography: a comparative study of a linear model and a fully connected neural network.,https://pubmed.ncbi.nlm.nih.gov/41821433/,non_classe/general/2026_41821433_optimizing-material-composition-determination-in-d.md
41828270,10.3390/ma19051003,2026,non_classe,general,,,"Efficient Microwave-Assisted Palladium-Catalyzed Selective &lt;i&gt;N&lt;/i&gt;-Arylation of Anilines with 2,3-Dihalopyridines in Water.",https://pubmed.ncbi.nlm.nih.gov/41828270/,non_classe/general/2026_41828270_efficient-microwave-assisted-palladium-catalyzed-s.md
41902144,10.3390/s26061977,2026,non_classe,general,,,Cell Complexity Impact on Railway 5G Performance: Measurements Along Tallinn-Tartu Corridor.,https://pubmed.ncbi.nlm.nih.gov/41902144/,non_classe/general/2026_41902144_cell-complexity-impact-on-railway-5g-performance-m.md
41924747,10.3389/fmed.2026.1769626,2026,non_classe,general,,Frontiers in medicine,Radiomics analysis of dual-energy CT-derived iodine maps for predicting histopathologic grading of pancreatic ductal adenocarcinoma: a two-center study.,https://pubmed.ncbi.nlm.nih.gov/41924747/,non_classe/general/2026_41924747_radiomics-analysis-of-dual-energy-ct-derived-iodin.md
41927614,10.1038/s41597-026-06650-4,2026,non_classe,general,,,Path Loss Dataset from Field Measurements at 3.5 GHz for the Fifth Generation of Wireless Communications in Indoor Environments.,https://pubmed.ncbi.nlm.nih.gov/41927614/,non_classe/general/2026_41927614_path-loss-dataset-from-field-measurements-at-3-5-g.md
41973105,10.1007/s00234-026-03987-w,2026,non_classe,general,,Neuroradiology,Feasibility of electron density map derived from unenhanced dual-energy CT for detecting peritonsillar abscess.,https://pubmed.ncbi.nlm.nih.gov/41973105/,non_classe/general/2026_41973105_feasibility-of-electron-density-map-derived-from-u.md
41976670,10.3390/ma19071383,2026,non_classe,general,,"Materials (Basel, Switzerland)",Enhancing the Electromagnetic Interference Shielding Effectiveness of a AZ61 Magnesium Alloy by Deformation and Subsequent Heat Treatment.,https://pubmed.ncbi.nlm.nih.gov/41976670/,non_classe/general/2026_41976670_enhancing-the-electromagnetic-interference-shieldi.md
42008081,10.1186/s13244-025-02186-0,2026,non_classe,general,,,Associations of dual-energy computed tomography-derived visceral adipose tissue quality and high-risk coronary plaque in patients with metabolic syndrome.,https://pubmed.ncbi.nlm.nih.gov/42008081/,non_classe/general/2026_42008081_associations-of-dual-energy-computed-tomography-de.md
42045509,10.1007/s00330-026-12546-z,2026,non_classe,general,,,Bowel ischemia detection on portal venous CT: multireader evaluation of dual-energy and photon-counting spectral imaging.,https://pubmed.ncbi.nlm.nih.gov/42045509/,non_classe/general/2026_42045509_bowel-ischemia-detection-on-portal-venous-ct-multi.md
42164114,10.3389/fonc.2026.1762607,2026,non_classe,general,,,Dual-energy and perfusion CT for predicting response to chemo-radiotherapy in head and neck cancer: an exploratory study.,https://pubmed.ncbi.nlm.nih.gov/42164114/,non_classe/general/2026_42164114_dual-energy-and-perfusion-ct-for-predicting-respon.md
42170470,10.62347/RHOT8564,2026,non_classe,general,,American journal of translational research,Value of dual-energy CT parameters DER and DEI in predicting calcium-containing urinary stones and differentiating pure calcium oxalate monohydrate.,https://pubmed.ncbi.nlm.nih.gov/42170470/,non_classe/general/2026_42170470_value-of-dual-energy-ct-parameters-der-and-dei-in.md
42176311,10.1002/acm2.70630,2026,non_classe,general,,,Dual-energy CT for proton therapy: Impact of advanced slice-wise patient-thickness estimation methods for improved stopping-power prediction.,https://pubmed.ncbi.nlm.nih.gov/42176311/,non_classe/general/2026_42176311_dual-energy-ct-for-proton-therapy-impact-of-advanc.md
42197731,10.3390/s26102921,2026,non_classe,general,,"Sensors (Basel, Switzerland)",Low-Cost Portable Sensor Node for Gas and Chemical Leak Detection with Kalman-Filtering-Based UWB Localization.,https://pubmed.ncbi.nlm.nih.gov/42197731/,non_classe/general/2026_42197731_low-cost-portable-sensor-node-for-gas-and-chemical.md
42208166,10.1016/j.ejrad.2026.112947,2026,non_classe,general,,,Dual-energy CT-derived fibrosis biomarkers predict pancreatic fistula after pancreaticoduodenectomy: a collagen proportional area mediation analysis.,https://pubmed.ncbi.nlm.nih.gov/42208166/,non_classe/general/2026_42208166_dual-energy-ct-derived-fibrosis-biomarkers-predict.md
42217287,10.1016/j.ejrad.2026.112945,2026,non_classe,general,,,Dual-energy CT for TIPS patency assessment: quantitative iodine measurements and impact on diagnostic performance.,https://pubmed.ncbi.nlm.nih.gov/42217287/,non_classe/general/2026_42217287_dual-energy-ct-for-tips-patency-assessment-quantit.md
42249415,10.1186/s12902-026-02330-x,2026,non_classe,general,,BMC endocrine disorders,"The relationship between the diagnostic performance of dual-energy CT quantitative parameters in thyroid cancer, cervical lymph node metastasis and prognosis.",https://pubmed.ncbi.nlm.nih.gov/42249415/,non_classe/general/2026_42249415_the-relationship-between-the-diagnostic-performanc.md
42251033,10.1038/s41467-026-73154-5,2026,non_classe,general,,,Superballistic flow of viscous electron fluid induced by edge magnetoplasmons in point contacts.,https://pubmed.ncbi.nlm.nih.gov/42251033/,non_classe/general/2026_42251033_superballistic-flow-of-viscous-electron-fluid-indu.md
42275178,10.1093/bjr/tqag146,2026,non_classe,general,,,The Feasibility of Low Contrast Dose Dual-energy CT for Quantifying Myocardial Focal Scar via Extracellular Volume Fraction.,https://pubmed.ncbi.nlm.nih.gov/42275178/,non_classe/general/2026_42275178_the-feasibility-of-low-contrast-dose-dual-energy-c.md
42337570,10.1186/s12984-026-02068-6,2026,non_classe,general,,,Passive sensing of gait and medication-related fluctuations in Parkinson's disease.,https://pubmed.ncbi.nlm.nih.gov/42337570/,non_classe/general/2026_42337570_passive-sensing-of-gait-and-medication-related-flu.md
42344199,10.1055/s-0045-1811212,2026,non_classe,general,,The Indian journal of radiology & imaging,Dual-Energy CT Enterography in Intestinal Tuberculosis: Role of Relative Enhancement Calculated on Iodine Maps in Assessing Disease Activity.,https://pubmed.ncbi.nlm.nih.gov/42344199/,non_classe/general/2026_42344199_dual-energy-ct-enterography-in-intestinal-tubercul.md
42357143,10.3390/plants15121824,2026,non_classe,general,,"Plants (Basel, Switzerland)",Reduced Photosynthetic Efficiency of Tilia (Tilia tomentosa) Exposed to Radio Frequency Electromagnetic Field (RF-EMF)-JIP-Test Analysis.,https://pubmed.ncbi.nlm.nih.gov/42357143/,non_classe/general/2026_42357143_reduced-photosynthetic-efficiency-of-tilia-tilia-t.md
42365021,10.1038/s41467-026-74900-5,2026,non_classe,general,,,Multidirectional strain-insensitive stretchable RF electronics.,https://pubmed.ncbi.nlm.nih.gov/42365021/,non_classe/general/2026_42365021_multidirectional-strain-insensitive-stretchable-rf.md
42377449,10.1007/s00062-026-01695-9,2026,non_classe,general,,,Can Dual-Energy CT Be Easily Adopted in Clinical Practice for Predicting Hemorrhagic Complications?,https://pubmed.ncbi.nlm.nih.gov/42377449/,non_classe/general/2026_42377449_can-dual-energy-ct-be-easily-adopted-in-clinical-p.md
42391232,10.1371/journal.pone.0352504,2026,non_classe,general,,,Evaluation of anemia in non-enhanced and contrast-enhanced dual-energy CT using electron density imaging.,https://pubmed.ncbi.nlm.nih.gov/42391232/,non_classe/general/2026_42391232_evaluation-of-anemia-in-non-enhanced-and-contrast.md
42424416,10.2106/jbjs.26.00200,2026,non_classe,general,,,Edema-Enhanced CT Derived from Quantitative Dual-Energy CT Reduces Experience-Related Variability in Sacral Fragility Fracture Diagnosis.,https://pubmed.ncbi.nlm.nih.gov/42424416/,non_classe/general/2026_42424416_edema-enhanced-ct-derived-from-quantitative-dual-e.md
42426670,10.1186/s12885-026-16481-6,2026,non_classe,general,,,The value of dual-energy computed tomography quantitative parameters in differentiating the sensitivity of small lymph nodes to chemoradiotherapy in nasopharyngeal carcinoma.,https://pubmed.ncbi.nlm.nih.gov/42426670/,non_classe/general/2026_42426670_the-value-of-dual-energy-computed-tomography-quant.md
42461421,10.1007/s00261-026-05683-y,2026,non_classe,general,,,Dual-energy CT with metal artifact reduction for post-EVAR CTA surveillance: a prospective study with image quality analysis.,https://pubmed.ncbi.nlm.nih.gov/42461421/,non_classe/general/2026_42461421_dual-energy-ct-with-metal-artifact-reduction-for-p.md
42469348,10.1038/s41598-026-62300-0,2026,non_classe,general,,Scientific reports,Consideration of electromagnetic wave interference on microorganism inactivation on reflective surfaces.,https://pubmed.ncbi.nlm.nih.gov/42469348/,non_classe/general/2026_42469348_consideration-of-electromagnetic-wave-interference.md
42471405,10.1038/s41598-026-62817-4,2026,non_classe,general,,,An automated long-term bridge deflection monitoring system based on subpixel laser spot localization.,https://pubmed.ncbi.nlm.nih.gov/42471405/,non_classe/general/2026_42471405_an-automated-long-term-bridge-deflection-monitorin.md
42486711,10.1016/j.acra.2026.06.060,2026,non_classe,general,,Academic radiology,Spectral CT-Derived Virtual Non-contrast Imaging and Extracellular Volume of the Liver: Effects of Cirrhosis and Sex.,https://pubmed.ncbi.nlm.nih.gov/42486711/,non_classe/general/2026_42486711_spectral-ct-derived-virtual-non-contrast-imaging-a.md
42495304,10.1021/acsomega.6c04273,2026,non_classe,general,,ACS omega,"Bromophenyl-Diphenylphosphine Oxides as Novel Starting Materials in the Suzuki-Miyaura and the Hirao Cross-Couplings, as well as in the Michaelis-Arbuzov Reaction.",https://pubmed.ncbi.nlm.nih.gov/42495304/,non_classe/general/2026_42495304_bromophenyl-diphenylphosphine-oxides-as-novel-star.md
42518903,10.55730/1300-0527.3800,2026,non_classe,general,,Turkish journal of chemistry,Physically mixed graphene aerogel:carbon black (GA:CB)-supported Pt or hydrothermally synthesized GA-Pt/CB hybrid electrocatalysts for PEM fuel cells.,https://pubmed.ncbi.nlm.nih.gov/42518903/,non_classe/general/2026_42518903_physically-mixed-graphene-aerogel-carbon-black-ga.md
42543676,10.6009/jjrt.26-1611,2026,non_classe,general,,Nihon Hoshasen Gijutsu Gakkai zasshi,[Anemia Assessment Using Aortic Attenuation on Dual-energy CT].,https://pubmed.ncbi.nlm.nih.gov/42543676/,non_classe/general/2026_42543676_anemia-assessment-using-aortic-attenuation-on-dual.md
42560033,10.1093/rheumatology/keag393,2026,non_classe,general,,,How do individual monosodium urate depositions respond to urate-lowering therapy? A systematic evaluation using the dual-energy CT modality.,https://pubmed.ncbi.nlm.nih.gov/42560033/,non_classe/general/2026_42560033_how-do-individual-monosodium-urate-depositions-res.md
42570577,10.1016/j.ejrad.2026.113126,2026,non_classe,general,,,Characterization of parotid lesions with dual-energy CT: Can virtual unenhanced images permit selective omission of true unenhanced acquisition?,https://pubmed.ncbi.nlm.nih.gov/42570577/,non_classe/general/2026_42570577_characterization-of-parotid-lesions-with-dual-ener.md
42615109,10.1039/d6an00145a,2026,non_classe,general,,The Analyst,Recombinant Nus-organophosphorus hydrolase (OPH) immobilized carbon quantum dot (CQD) loaded thin films for efficient detection of OP compounds in environmental samples.,https://pubmed.ncbi.nlm.nih.gov/42615109/,non_classe/general/2026_42615109_recombinant-nus-organophosphorus-hydrolase-oph-imm.md
42618337,10.3174/ajnr.a9598,2026,non_classe,general,,,Association between Edema and Contrast Extravasation on Immediate Post-Endovascular Treatment Dual-Energy CT and Final Brain Infarction.,https://pubmed.ncbi.nlm.nih.gov/42618337/,non_classe/general/2026_42618337_association-between-edema-and-contrast-extravasati.md
42619602,10.1097/rti.0000000000000904,2026,non_classe,general,,,"Diagnostic Value of Calcium Score Derived From Virtual Noncontrast, Non-ECG-gated Dual-energy CT as an Indicator of Severe Aortic Stenosis.",https://pubmed.ncbi.nlm.nih.gov/42619602/,non_classe/general/2026_42619602_diagnostic-value-of-calcium-score-derived-from-vir.md
42665718,10.1007/s00256-026-05358-1,2026,non_classe,general,,,Dual-energy CT-generated bone marrow edema maps improve reader confidence without changing fracture detection rates in bony pelvis trauma.,https://pubmed.ncbi.nlm.nih.gov/42665718/,non_classe/general/2026_42665718_dual-energy-ct-generated-bone-marrow-edema-maps-im.md
42678096,10.1080/02688697.2026.2727102,2026,non_classe,general,,British journal of neurosurgery,Gamma Knife radiosurgery in patients with indwelling deep brain stimulator systems.,https://pubmed.ncbi.nlm.nih.gov/42678096/,non_classe/general/2026_42678096_gamma-knife-radiosurgery-in-patients-with-indwelli.md
42701582,10.21037/qims-2026-0695,2026,non_classe,general,,,Diagnostic performance and dose reduction of virtual noncontrast imaging in pediatric computed tomography urography.,https://pubmed.ncbi.nlm.nih.gov/42701582/,non_classe/general/2026_42701582_diagnostic-performance-and-dose-reduction-of-virtu.md
42716107,10.1088/1361-6560/aea51b,2026,non_classe,general,,,Reproducibility of perfusion blood volume and ventilation imaging for lung function assessment.,https://pubmed.ncbi.nlm.nih.gov/42716107/,non_classe/general/2026_42716107_reproducibility-of-perfusion-blood-volume-and-vent.md
42726448,10.1007/s10554-026-03822-6,2026,non_classe,general,,,Quantitative coronary artery and aortic valve calcification by virtual non-contrast Images from dual-energy delayed CT scans in patients with severe aortic stenosis.,https://pubmed.ncbi.nlm.nih.gov/42726448/,non_classe/general/2026_42726448_quantitative-coronary-artery-and-aortic-valve-calc.md
42742363,10.1080/15459624.2026.2707985,2026,non_classe,general,,Journal of occupational and environmental hygiene,"Welding screens and curtains part 2: Conformity of existing welding curtain products with ISO 25980:2023 Health and Safety in Welding and Allied Processes-Transparent Welding Curtains, Strips and Screens for Arc Welding Processes and other welding curtain standards.",https://pubmed.ncbi.nlm.nih.gov/42742363/,non_classe/general/2026_42742363_welding-screens-and-curtains-part-2-conformity-of.md
42761464,10.1016/j.fochx.2026.104429,2026,non_classe,general,,,Microwave power-induced modulation of tigernut (&lt;i&gt;Cyperus esculentus&lt;/i&gt; L.) starch: Insights into structural and functional properties.,https://pubmed.ncbi.nlm.nih.gov/42761464/,non_classe/general/2026_42761464_microwave-power-induced-modulation-of-tigernut-lt.md
42768244,10.1007/s10067-026-08446-8,2026,non_classe,general,,Clinical rheumatology,Axial skeleton involvement in gout: clinical spectrum and dual-energy computed tomography findings from a descriptive real-world study.,https://pubmed.ncbi.nlm.nih.gov/42768244/,non_classe/general/2026_42768244_axial-skeleton-involvement-in-gout-clinical-spectr.md
42769376,10.3389/fimmu.2026.1862309,2026,non_classe,general,,,Association of dual-energy CT-derived quantitative parameters with hydroxyproline levels and pulmonary function in nonspecific interstitial pneumonia.,https://pubmed.ncbi.nlm.nih.gov/42769376/,non_classe/general/2026_42769376_association-of-dual-energy-ct-derived-quantitative.md
42786831,10.2174/0115734056487627260918045324,2026,non_classe,general,,Current medical imaging,The Diagnostic Value of Dual-energy CT Multi-parameters in Differentiating Colorectal Cancer from Inflammatory Thickening of the Colorectal Wall.,https://pubmed.ncbi.nlm.nih.gov/42786831/,non_classe/general/2026_42786831_the-diagnostic-value-of-dual-energy-ct-multi-param.md
PPR1159388,10.21203/rs.3.rs-8695153/v1,2026,non_classe,general,,,Microwave radiation as an alternative for controlling Colletotrichum in bean seeds,https://doi.org/10.21203/rs.3.rs-8695153/v1,non_classe/general/2026_PPR1159388_microwave-radiation-as-an-alternative-for-controll.md
PPR1176506,10.21203/rs.3.rs-8983390/v1,2026,non_classe,general,,,Diagnostic value of dual-energy CT in differential diagnosis of osteoblastic metastasis and bone islands,https://doi.org/10.21203/rs.3.rs-8983390/v1,non_classe/general/2026_PPR1176506_diagnostic-value-of-dual-energy-ct-in-differential.md
PPR1207915,10.21203/rs.3.rs-8768923/v1,2026,non_classe,general,,,A System for Energy-Efficient Remote Health Monitoring in Resource-Constrained Mobile Environments,https://doi.org/10.21203/rs.3.rs-8768923/v1,non_classe/general/2026_PPR1207915_a-system-for-energy-efficient-remote-health-monito.md
PPR1276922,10.21203/rs.3.rs-10124825/v1,2026,non_classe,general,,,Dual-Energy CT-derived Extracellular Volume Fraction for Assessing Major Histologic Response to Neoadjuvant Chemotherapy in Breast Cancer,https://doi.org/10.21203/rs.3.rs-10124825/v1,non_classe/general/2026_PPR1276922_dual-energy-ct-derived-extracellular-volume-fracti.md
PPR1288658,10.64898/2026.07.28.26359152,2026,non_classe,general,,,Accurate Hepatic Fat Fraction Quantification Across Body Sizes Using Photon-Counting CT,https://doi.org/10.64898/2026.07.28.26359152,non_classe/general/2026_PPR1288658_accurate-hepatic-fat-fraction-quantification-acros.md
PPR1325980,10.21203/rs.3.rs-10943721/v1,2026,non_classe,general,,,Distal Occlusion Tracker Sign in the 24 Hours Dual-Energy CT control after Thrombectomy: Significance and association with clinical outcome,https://doi.org/10.21203/rs.3.rs-10943721/v1,non_classe/general/2026_PPR1325980_distal-occlusion-tracker-sign-in-the-24-hours-dual.md
39656106,10.1097/hp.0000000000001934,2025,non_classe,general,,,"Dose Estimation for Indoor Radon, Occupational Radiation, and Electromagnetic Field Exposure in a Nuclear Medicine Department in Turkiye.",https://pubmed.ncbi.nlm.nih.gov/39656106/,non_classe/general/2025_39656106_dose-estimation-for-indoor-radon-occupational-radi.md
39657937,10.1055/s-0044-1788631,2025,non_classe,general,,,"Comparison of Chlorhexidine Gluconate, Sodium Hypochlorite, Neem Extract, and Microwave Radiation for Disinfection of Type IV Dental Stone.",https://pubmed.ncbi.nlm.nih.gov/39657937/,non_classe/general/2025_39657937_comparison-of-chlorhexidine-gluconate-sodium-hypoc.md
39735903,10.1007/s40201-024-00931-z,2025,non_classe,general,,,Rapid degradation of pharmaceutical pollutants using poly(1-naphthylamine) decorated BaFe&lt;sub&gt;2&lt;/sub&gt;O&lt;sub&gt;4&lt;/sub&gt; nanohybrids under microwave irradiation.,https://pubmed.ncbi.nlm.nih.gov/39735903/,non_classe/general/2025_39735903_rapid-degradation-of-pharmaceutical-pollutants-usi.md
40060821,10.1021/acsomega.4c07013,2025,non_classe,general,,,Nonthermal Effect of Microwave Processing Enhances Interface Reactivity and Microchannel Integrity: Low-Temperature Rapid Bonding of PMMA Microfluidic Devices.,https://pubmed.ncbi.nlm.nih.gov/40060821/,non_classe/general/2025_40060821_nonthermal-effect-of-microwave-processing-enhances.md
40250582,10.1016/j.envres.2025.121636,2025,non_classe,general,,,Efficient design of electromagnetic field exposure maps with multi-method evolutionary ensembles.,https://pubmed.ncbi.nlm.nih.gov/40250582/,non_classe/general/2025_40250582_efficient-design-of-electromagnetic-field-exposure.md
40433971,10.1002/advs.202501460,2025,non_classe,general,,,Upcycling of Waste Fluororubber to Photocurable High-Performance Vinyl-Terminated Liquid Fluororubber by Multifield Coupling One-Pot Stepwise Reactions.,https://pubmed.ncbi.nlm.nih.gov/40433971/,non_classe/general/2025_40433971_upcycling-of-waste-fluororubber-to-photocurable-hi.md
40568540,10.1098/rsos.242231,2025,non_classe,general,,,A feasibility study on non-invasive and non-contact jugular venous pulse measurement using 60 GHz FMCW radar.,https://pubmed.ncbi.nlm.nih.gov/40568540/,non_classe/general/2025_40568540_a-feasibility-study-on-non-invasive-and-non-contac.md
40628899,10.1038/s41598-025-09966-0,2025,non_classe,general,,,Advancing sustainable RF energy harvesting for wearable electronics with 2.45 GHz textile-printed rectennas.,https://pubmed.ncbi.nlm.nih.gov/40628899/,non_classe/general/2025_40628899_advancing-sustainable-rf-energy-harvesting-for-wea.md
40721441,10.1038/s41598-025-11544-3,2025,non_classe,general,,,Facile strategy toward the development of novel binder and thickening agent from apple rock bael for textile printing.,https://pubmed.ncbi.nlm.nih.gov/40721441/,non_classe/general/2025_40721441_facile-strategy-toward-the-development-of-novel-bi.md
40807772,10.3390/s25154607,2025,non_classe,general,,,Modeling Radiofrequency Electromagnetic Field Wearable Distributed (Multi-Location) Measurements System for Evaluating Electromagnetic Hazards in the Work Environment.,https://pubmed.ncbi.nlm.nih.gov/40807772/,non_classe/general/2025_40807772_modeling-radiofrequency-electromagnetic-field-wear.md
40897550,10.1016/j.envint.2025.109751,2025,non_classe,general,,Environment international,"Systematic reviews and meta-analyses for the WHO assessment of health effects of exposure to radiofrequency electromagnetic fields, an introduction.",https://pubmed.ncbi.nlm.nih.gov/40897550/,non_classe/general/2025_40897550_systematic-reviews-and-meta-analyses-for-the-who-a.md
41172665,10.1016/j.scitotenv.2025.180820,2025,non_classe,general,,,Microwave-assisted green tea extract for the long-term effective immobilization of Cr(VI) and Cd(II) in contaminated soils: The crucial role of silicate-bound Fe(II).,https://pubmed.ncbi.nlm.nih.gov/41172665/,non_classe/general/2025_41172665_microwave-assisted-green-tea-extract-for-the-long.md
41183906,10.5650/jos.ess25152,2025,non_classe,general,,Journal of oleo science,Pulsed Microwave-Induced Growth Enhancement of Euglena gracilis Microalgae - Approach for Improved Industrial Cultivation.,https://pubmed.ncbi.nlm.nih.gov/41183906/,non_classe/general/2025_41183906_pulsed-microwave-induced-growth-enhancement-of-eug.md
41195631,10.1002/bem.70030,2025,non_classe,general,,,Exposure Variability Between 1- or 6-Minute and 30-Minute Averaging Time Lengths in Radiofrequency-Electromagnetic Field Exposure Monitoring.,https://pubmed.ncbi.nlm.nih.gov/41195631/,non_classe/general/2025_41195631_exposure-variability-between-1-or-6-minute-and-30.md
41209200,10.21037/qims-2025-1083,2025,non_classe,general,,Quantitative imaging in medicine and surgery,The capacity of subtraction CT iodine maps to improve the differentiation of solitary pulmonary nodules.,https://pubmed.ncbi.nlm.nih.gov/41209200/,non_classe/general/2025_41209200_the-capacity-of-subtraction-ct-iodine-maps-to-impr.md
41225994,10.3390/diagnostics15212701,2025,non_classe,general,,"Diagnostics (Basel, Switzerland)",Impact of Preprocedural Collateral Status on Hemorrhagic Transformation and Outcomes After Endovascular Thrombectomy in Acute Ischemic Stroke.,https://pubmed.ncbi.nlm.nih.gov/41225994/,non_classe/general/2025_41225994_impact-of-preprocedural-collateral-status-on-hemor.md
41226069,10.3390/diagnostics15212777,2025,non_classe,general,,"Diagnostics (Basel, Switzerland)",Photon-Counting Computed Tomography of the Paranasal Sinuses Improves Intraoperative Accuracy of Image-Guided Surgery.,https://pubmed.ncbi.nlm.nih.gov/41226069/,non_classe/general/2025_41226069_photon-counting-computed-tomography-of-the-paranas.md
41286319,10.1038/s41598-025-25574-4,2025,non_classe,general,,Scientific reports,A bicentric study on the application of dual energy CT for predicting hemorrhagic transformation post endovascular thrombectomy.,https://pubmed.ncbi.nlm.nih.gov/41286319/,non_classe/general/2025_41286319_a-bicentric-study-on-the-application-of-dual-energ.md
41304422,10.3390/polym17223057,2025,non_classe,general,,Polymers,Effect of Corn Starch as Stabilizer Particle in Combination with Egg White Proteins in Natural Rubber Latex Biofoams Produced by Microwave Foaming.,https://pubmed.ncbi.nlm.nih.gov/41304422/,non_classe/general/2025_41304422_effect-of-corn-starch-as-stabilizer-particle-in-co.md
41316028,10.1186/s12880-025-02044-x,2025,non_classe,general,,BMC medical imaging,Clinical value of dual-energy CT parameters combined with morphological features in predicting graves' ophthalmopathy.,https://pubmed.ncbi.nlm.nih.gov/41316028/,non_classe/general/2025_41316028_clinical-value-of-dual-energy-ct-parameters-combin.md
41355976,10.2147/TCRM.S522244,2025,non_classe,general,,Therapeutics and clinical risk management,Modified Alberta Stroke Program Early CT Score (ASPECTS) of Contrast Extravasation on Dual-Energy CT Predicts Haemorrhagic Transformation and Poor Outcome After Endovascular Thrombectomy.,https://pubmed.ncbi.nlm.nih.gov/41355976/,non_classe/general/2025_41355976_modified-alberta-stroke-program-early-ct-score-asp.md
41522157,10.21037/jtd-2025-1872,2025,non_classe,general,,Journal of thoracic disease,The characteristics of upper lobe-origin hemoptysis: analysis based on 31 patients.,https://pubmed.ncbi.nlm.nih.gov/41522157/,non_classe/general/2025_41522157_the-characteristics-of-upper-lobe-origin-hemoptysi.md
41590772,10.3390/jfb17010004,2025,non_classe,general,,,Chemical-Assisted Microwave Disinfection Used to Eradicate <i>Candida albicans</i> from Acrylic Resin Surfaces.,https://pubmed.ncbi.nlm.nih.gov/41590772/,non_classe/general/2025_41590772_chemical-assisted-microwave-disinfection-used-to-e.md
41602424,10.3389/fonc.2025.1724701,2025,non_classe,general,,Frontiers in oncology,Pulmonary artery sarcoma with mediastinal metastasis: a case report.,https://pubmed.ncbi.nlm.nih.gov/41602424/,non_classe/general/2025_41602424_pulmonary-artery-sarcoma-with-mediastinal-metastas.md
IND609040289,,2025,non_classe,general,,,Efficient design of electromagnetic field exposure maps with multi-method evolutionary ensembles,,non_classe/general/2025_IND609040289_efficient-design-of-electromagnetic-field-exposure.md
PPR1026912,10.20944/preprints202505.2121.v1,2025,non_classe,general,,,Feasibility of Non-Contact Deep Brain Stimulation Through Temporal Interference Waves: Neural Activity,https://doi.org/10.20944/preprints202505.2121.v1,non_classe/general/2025_PPR1026912_feasibility-of-non-contact-deep-brain-stimulation.md
38256706,10.3390/plants13020152,2024,non_classe,general,,,"Microwave Control of <i>Reynoutria japonica</i> Houtt., Including Ecotoxicological Aspects and the Resveratrol Content in Rhizomes.",https://pubmed.ncbi.nlm.nih.gov/38256706/,non_classe/general/2024_38256706_microwave-control-of-i-reynoutria-japonica-i-houtt.md
38400217,10.3390/s24041059,2024,non_classe,general,,,Microwave and Antenna Systems in Medical Applications.,https://pubmed.ncbi.nlm.nih.gov/38400217/,non_classe/general/2024_38400217_microwave-and-antenna-systems-in-medical-applicati.md
38667661,10.3390/gels10040242,2024,non_classe,general,,,Quantitative Analysis of Genomic DNA Degradation of <i>E. coli</i> Using Automated Gel Electrophoresis under Various Levels of Microwave Exposure.,https://pubmed.ncbi.nlm.nih.gov/38667661/,non_classe/general/2024_38667661_quantitative-analysis-of-genomic-dna-degradation-o.md
38927868,10.3390/bioengineering11060632,2024,non_classe,general,,,"Rapid, Point-of-Care Microwave Lysis and Electrochemical Detection of &lt;i&gt;Clostridioides difficile&lt;/i&gt; Directly from Stool Samples.",https://pubmed.ncbi.nlm.nih.gov/38927868/,non_classe/general/2024_38927868_rapid-point-of-care-microwave-lysis-and-electroche.md
39108704,10.1016/j.isci.2024.110452,2024,non_classe,general,,,Rapid start-up of carbon-free H<sub>2</sub> production by ammonia oxidative decomposition over Co/Ce<sub>0.5</sub>Zr<sub>0.5</sub>O<sub>2</sub> with microwave irradiation.,https://pubmed.ncbi.nlm.nih.gov/39108704/,non_classe/general/2024_39108704_rapid-start-up-of-carbon-free-h-sub-2-sub-producti.md
39195072,10.3390/gels10080543,2024,non_classe,general,,,"Effect of Microwave Radiation on the Properties of Hydrogel, Cork, Perlite, and Ceramsite.",https://pubmed.ncbi.nlm.nih.gov/39195072/,non_classe/general/2024_39195072_effect-of-microwave-radiation-on-the-properties-of.md
39272571,10.3390/foods13172805,2024,non_classe,general,,,Enhancing Mushroom Freezing Quality Using Microwave-Assisted Technology.,https://pubmed.ncbi.nlm.nih.gov/39272571/,non_classe/general/2024_39272571_enhancing-mushroom-freezing-quality-using-microwav.md
PPR789273,10.21203/rs.3.rs-3857129/v1,2024,non_classe,general,,,Effect of microwave irradiation and potassium permanganate on storage time of late bearing Noori apricot cultivar,https://doi.org/10.21203/rs.3.rs-3857129/v1,non_classe/general/2024_PPR789273_effect-of-microwave-irradiation-and-potassium-perm.md
PPR921822,10.20944/preprints202410.0394.v1,2024,non_classe,general,,,Rapid Immobilisation of Chemical Reactions in Alkali-Activated Materials Using Solely Microwave Irradiation,https://doi.org/10.20944/preprints202410.0394.v1,non_classe/general/2024_PPR921822_rapid-immobilisation-of-chemical-reactions-in-alka.md
36869795,10.1093/rpd/ncad056,2023,non_classe,general,,Radiation protection dosimetry,"A SURVEY OF THE RADIOFREQUENCY ELECTROMAGNETIC ENERGY ENVIRONMENT IN MELBOURNE, AUSTRALIA.",https://pubmed.ncbi.nlm.nih.gov/36869795/,non_classe/general/2023_36869795_a-survey-of-the-radiofrequency-electromagnetic-ene.md
37050103,10.3390/plants12071477,2023,non_classe,general,,,The Effect of Magneto-Priming on the Physiological Quality of Soybean Seeds.,https://pubmed.ncbi.nlm.nih.gov/37050103/,non_classe/general/2023_37050103_the-effect-of-magneto-priming-on-the-physiological.md
37372672,10.3390/ijerph20126085,2023,non_classe,general,,International journal of environmental research and public health,NextGEM: Next-Generation Integrated Sensing and Analytical System for Monitoring and Assessing Radiofrequency Electromagnetic Field Exposure and Health.,https://pubmed.ncbi.nlm.nih.gov/37372672/,non_classe/general/2023_37372672_nextgem-next-generation-integrated-sensing-and-ana.md
37838408,10.1016/j.medengphy.2023.104051,2023,non_classe,general,,Medical engineering & physics,Research on heart rate extraction method based on mobile phone video.,https://pubmed.ncbi.nlm.nih.gov/37838408/,non_classe/general/2023_37838408_research-on-heart-rate-extraction-method-based-on.md
37998979,10.3390/gels9110889,2023,non_classe,general,,,The Effect of Microwave Radiation on the Solidification of C-S-H Gels: Its Influence on the Solidified Cement Mixtures.,https://pubmed.ncbi.nlm.nih.gov/37998979/,non_classe/general/2023_37998979_the-effect-of-microwave-radiation-on-the-solidific.md
38133283,10.3390/pathogens12121398,2023,non_classe,general,,,Effects of Electromagnetic Radiation on Neuropeptide Transcript Levels in the Synganglion of <i>Ixodes ricinus</i>.,https://pubmed.ncbi.nlm.nih.gov/38133283/,non_classe/general/2023_38133283_effects-of-electromagnetic-radiation-on-neuropepti.md
35525864,10.1038/s41598-022-11380-9,2022,non_classe,general,,,Electromagnetic field controlled domain wall displacement for induced strain tailoring in BaTiO<sub>3</sub>-epoxy nanocomposite.,https://pubmed.ncbi.nlm.nih.gov/35525864/,non_classe/general/2022_35525864_electromagnetic-field-controlled-domain-wall-displ.md
35990457,10.1021/acsomega.2c03648,2022,non_classe,general,,ACS omega,CoFe2O4 Nanoparticles Grown within Porous Al2O3 and Immobilized on Graphene Nanosheets: A Hierarchical Nanocomposite for Broadband Microwave Absorption.,https://pubmed.ncbi.nlm.nih.gov/35990457/,non_classe/general/2022_35990457_cofe2o4-nanoparticles-grown-within-porous-al2o3-an.md
36059281,10.31661/jbpe.v0i0.1268,2022,non_classe,general,,,Effects of Radiofrequency Electromagnetic Fields Emitted from Mobile Phones and Wi-Fi Router on the Growth Rate and Susceptibility of <i>Enterococcus faecalis to Antibiotics</i>.,https://pubmed.ncbi.nlm.nih.gov/36059281/,non_classe/general/2022_36059281_effects-of-radiofrequency-electromagnetic-fields-e.md
36560011,10.3390/s22249643,2022,non_classe,general,,"Sensors (Basel, Switzerland)",Towards Outdoor Electromagnetic Field Exposure Mapping Generation Using Conditional GANs.,https://pubmed.ncbi.nlm.nih.gov/36560011/,non_classe/general/2022_36560011_towards-outdoor-electromagnetic-field-exposure-map.md
34020314,10.1016/j.canep.2021.101961,2021,non_classe,general,,Cancer epidemiology,Mobile phone use and trends in the incidence of cancers of the parotid and other salivary glands.,https://pubmed.ncbi.nlm.nih.gov/34020314/,non_classe/general/2021_34020314_mobile-phone-use-and-trends-in-the-incidence-of-ca.md
34337771,10.1002/bem.22364,2021,non_classe,general,,,Effects of Wi-Fi Radiofrequency Radiation on Carbapenem-Resistant Klebsiella pneumoniae.,https://pubmed.ncbi.nlm.nih.gov/34337771/,non_classe/general/2021_34337771_effects-of-wi-fi-radiofrequency-radiation-on-carba.md
34524835,10.1200/GO.21.00166,2021,non_classe,general,,JCO global oncology,Digital Pathology in Cameroon.,https://pubmed.ncbi.nlm.nih.gov/34524835/,non_classe/general/2021_34524835_digital-pathology-in-cameroon.md
34683253,10.3390/mi12101202,2021,non_classe,general,,Micromachines,Design and Implementation of Multiband Noncontact Temperature-Measuring Microwave Radiometer.,https://pubmed.ncbi.nlm.nih.gov/34683253/,non_classe/general/2021_34683253_design-and-implementation-of-multiband-noncontact.md
34761572,,2021,non_classe,general,,Journal of B.U.ON. : official journal of the Balkan Union of Oncology,5G and human health.,https://pubmed.ncbi.nlm.nih.gov/34761572/,non_classe/general/2021_34761572_5g-and-human-health.md
32352383,10.2196/19458,2020,non_classe,general,,Journal of medical Internet research,COVID-19 and the 5G Conspiracy Theory: Social Network Analysis of Twitter Data.,https://pubmed.ncbi.nlm.nih.gov/32352383/,non_classe/general/2020_32352383_covid-19-and-the-5g-conspiracy-theory-social-netwo.md
32431990,10.7759/cureus.7712,2020,non_classe,general,,Cureus,The Utilization of Physician Cell Phone Numbers by Patients in an Orthopaedic Surgery Practice.,https://pubmed.ncbi.nlm.nih.gov/32431990/,non_classe/general/2020_32431990_the-utilization-of-physician-cell-phone-numbers-by.md
32774488,10.3892/ol.2020.11876,2020,non_classe,general,,Oncology letters,"Health risks from radiofrequency radiation, including 5G, should be assessed by experts with no conflicts of interest.",https://pubmed.ncbi.nlm.nih.gov/32774488/,non_classe/general/2020_32774488_health-risks-from-radiofrequency-radiation-includi.md
32865262,10.1002/bem.22286,2020,non_classe,general,,Bioelectromagnetics,Radiofrequency Exposure in Schools' Environment Reveals Spectrum Characteristics: The Role of Public Information.,https://pubmed.ncbi.nlm.nih.gov/32865262/,non_classe/general/2020_32865262_radiofrequency-exposure-in-schools-environment-rev.md
32972552,10.1016/j.jacep.2020.04.033,2020,non_classe,general,,JACC. Clinical electrophysiology,Are Contemporary Smartwatches and Mobile Phones Safe for Patients With Cardiovascular Implantable Electronic Devices?,https://pubmed.ncbi.nlm.nih.gov/32972552/,non_classe/general/2020_32972552_are-contemporary-smartwatches-and-mobile-phones-sa.md
34466555,10.31661/gmj.v9i0.1580,2020,non_classe,general,,,Evaluation of Short-Term Exposure to 2.4 GHz Radiofrequency Radiation Emitted from Wi-Fi Routers on the Antimicrobial Susceptibility of <i>Pseudomonas aeruginosa</i> and <i>Staphylococcus aureus</i>.,https://pubmed.ncbi.nlm.nih.gov/34466555/,non_classe/general/2020_34466555_evaluation-of-short-term-exposure-to-2-4-ghz-radio.md
29993432,10.1109/TBME.2018.2828311,2019,non_classe,general,,IEEE transactions on bio-medical engineering,"Ultrawideband, Stable Normal and Cancer Skin Tissue Phantoms for Millimeter-Wave Skin Cancer Imaging.",https://pubmed.ncbi.nlm.nih.gov/29993432/,non_classe/general/2019_29993432_ultrawideband-stable-normal-and-cancer-skin-tissue.md
31135642,10.1097/HP.0000000000001090,2019,non_classe,general,,Health physics,"Comments on Neufeld and Kuster, ""Systematic Derivation of Safety Limits for Time-varying 5G Radiofrequency Exposure Based on Analytical Models and Thermal Dose"".",https://pubmed.ncbi.nlm.nih.gov/31135642/,non_classe/general/2019_31135642_comments-on-neufeld-and-kuster-systematic-derivati.md
33401364,10.2196/10168,2018,non_classe,general,,JMIR perioperative medicine,Postoperative Home Monitoring After Joint Replacement: Feasibility Study.,https://pubmed.ncbi.nlm.nih.gov/33401364/,non_classe/general/2018_33401364_postoperative-home-monitoring-after-joint-replacem.md
28203122,10.1177/1559325816688527,2017,non_classe,general,,Dose-response : a publication of International Hormesis Society,Evaluation of the Effect of Radiofrequency Radiation Emitted From Wi-Fi Router and Mobile Phone Simulator on the Antibacterial Susceptibility of Pathogenic Bacteria Listeria monocytogenes and Escherichia coli.,https://pubmed.ncbi.nlm.nih.gov/28203122/,non_classe/general/2017_28203122_evaluation-of-the-effect-of-radiofrequency-radiati.md
28373880,10.1155/2017/4146391,2017,non_classe,general,,Dermatology research and practice,Effects of Multipolar Radiofrequency and Pulsed Electromagnetic Field Treatment for Face and Neck Rejuvenation.,https://pubmed.ncbi.nlm.nih.gov/28373880/,non_classe/general/2017_28373880_effects-of-multipolar-radiofrequency-and-pulsed-el.md
28956351,10.1007/s12275-017-7208-7,2017,non_classe,general,,"Journal of microbiology (Seoul, Korea)",The response of human bacteria to static magnetic field and radiofrequency electromagnetic field.,https://pubmed.ncbi.nlm.nih.gov/28956351/,non_classe/general/2017_28956351_the-response-of-human-bacteria-to-static-magnetic.md
27418965,10.1186/s40201-016-0253-z,2016,non_classe,general,,Journal of environmental health science & engineering,Effect of radiofrequency radiation from Wi-Fi devices on mercury release from amalgam restorations.,https://pubmed.ncbi.nlm.nih.gov/27418965/,non_classe/general/2016_27418965_effect-of-radiofrequency-radiation-from-wi-fi-devi.md
25960509,10.1136/bmjspcare-2015-000906.83,2015,non_classe,general,,BMJ supportive & palliative care,PA23 Alternative method to providing palliative care where there are caregiver shortages.,https://pubmed.ncbi.nlm.nih.gov/25960509/,non_classe/general/2015_25960509_pa23-alternative-method-to-providing-palliative-ca.md
26179386,10.1002/bem.21930,2015,non_classe,general,,Bioelectromagnetics,Opinion on potential health effects of exposure to electromagnetic fields.,https://pubmed.ncbi.nlm.nih.gov/26179386/,non_classe/general/2015_26179386_opinion-on-potential-health-effects-of-exposure-to.md
26444204,10.3109/15368378.2015.1076447,2015,non_classe,general,,Electromagnetic biology and medicine,Radiofrequency electromagnetic radiation exposure inside the metro tube infrastructure in Warszawa.,https://pubmed.ncbi.nlm.nih.gov/26444204/,non_classe/general/2015_26444204_radiofrequency-electromagnetic-radiation-exposure.md
22812649,10.3109/09546634.2012.714454,2014,non_classe,general,,The Journal of dermatological treatment,Effects of multi-polar radiofrequency and pulsed electromagnetic field treatment in Koreans: case series and survey study.,https://pubmed.ncbi.nlm.nih.gov/22812649/,non_classe/general/2014_22812649_effects-of-multi-polar-radiofrequency-and-pulsed-e.md
25002239,10.1016/j.cali.2014.02.003,2014,non_classe,general,,Revista de calidad asistencial : organo de la Sociedad Espanola de Calidad Asistencial,[Can a mobile phone short message increase participation in breast cancer screening programmes?].,https://pubmed.ncbi.nlm.nih.gov/25002239/,non_classe/general/2014_25002239_can-a-mobile-phone-short-message-increase-particip.md
23135079,,2012,non_classe,general,,Journal of drugs in dermatology : JDD,Safety and efficacy of a new device combining radiofrequency and low-frequency pulsed electromagnetic fields for the treatment of facial rhytides.,https://pubmed.ncbi.nlm.nih.gov/23135079/,non_classe/general/2012_23135079_safety-and-efficacy-of-a-new-device-combining-radi.md
23271888,10.2147/OPTH.S38783,2012,non_classe,general,,"Clinical ophthalmology (Auckland, N.Z.)",Bilateral vision loss associated with radiofrequency exposure.,https://pubmed.ncbi.nlm.nih.gov/23271888/,non_classe/general/2012_23271888_bilateral-vision-loss-associated-with-radiofrequen.md
21343585,10.1001/jama.2011.201,2011,non_classe,general,,JAMA,Cell phone radiofrequency radiation exposure and brain glucose metabolism.,https://pubmed.ncbi.nlm.nih.gov/21343585/,non_classe/general/2011_21343585_cell-phone-radiofrequency-radiation-exposure-and-b.md
22448371,10.1007/s10517-011-1361-5,2011,non_classe,general,,Bulletin of experimental biology and medicine,Experimental study of relationship between biological hazards of low-dose radiofrequency exposure and energy flow density in Spirostomum ambiguum infusoria exposed at a mobile connection frequency (1 GHz).,https://pubmed.ncbi.nlm.nih.gov/22448371/,non_classe/general/2011_22448371_experimental-study-of-relationship-between-biologi.md
20238454,10.1289/ehp.0901370,2010,non_classe,general,,Environmental health perspectives,The precautionary principle: radiofrequency exposures from mobile telephones and base stations.,https://pubmed.ncbi.nlm.nih.gov/20238454/,non_classe/general/2010_20238454_the-precautionary-principle-radiofrequency-exposur.md
22216380,10.5001/omj.2009.56,2009,non_classe,general,,Oman medical journal,Alterations in TSH and Thyroid Hormones following Mobile Phone Use.,https://pubmed.ncbi.nlm.nih.gov/22216380/,non_classe/general/2009_22216380_alterations-in-tsh-and-thyroid-hormones-following.md
16503299,10.1016/j.ijheh.2005.09.008,2006,non_classe,general,,International journal of hygiene and environmental health,Cardiovascular risk in operators under radiofrequency electromagnetic radiation.,https://pubmed.ncbi.nlm.nih.gov/16503299/,non_classe/general/2006_16503299_cardiovascular-risk-in-operators-under-radiofreque.md
16595330,10.1080/15368370600572938,2006,non_classe,general,,Electromagnetic biology and medicine,Effects of intensive and moderate cellular phone use on hearing function.,https://pubmed.ncbi.nlm.nih.gov/16595330/,non_classe/general/2006_16595330_effects-of-intensive-and-moderate-cellular-phone-u.md
16725204,10.1016/j.jbbm.2006.03.017,2006,non_classe,general,,Journal of biochemical and biophysical methods,The application of surface plethysmography for heart rate variability analysis after GSM radiofrequency exposure.,https://pubmed.ncbi.nlm.nih.gov/16725204/,non_classe/general/2006_16725204_the-application-of-surface-plethysmography-for-hea.md
12175313,10.1667/0033-7587(2002)158[0352:ioaref]2.0.co;2,2002,non_classe,general,,Radiation research,Influence of a radiofrequency electromagnetic field on cardiovascular and hormonal parameters of the autonomic nervous system in healthy individuals.,https://pubmed.ncbi.nlm.nih.gov/12175313/,non_classe/general/2002_12175313_influence-of-a-radiofrequency-electromagnetic-fiel.md
11275878,10.1067/mge.2001.112843,2001,non_classe,general,,Gastrointestinal endoscopy,Radiofrequency energy delivery to the gastroesophageal junction for the treatment of GERD.,https://pubmed.ncbi.nlm.nih.gov/11275878/,non_classe/general/2001_11275878_radiofrequency-energy-delivery-to-the-gastroesopha.md
10795393,10.1093/occmed/50.1.49,2000,non_classe,general,,"Occupational medicine (Oxford, England)",Effects of exposure to very high frequency radiofrequency radiation on six antenna engineers in two separate incidents.,https://pubmed.ncbi.nlm.nih.gov/10795393/,non_classe/general/2000_10795393_effects-of-exposure-to-very-high-frequency-radiofr.md
11021602,10.1097/00001648-200003000-00002,2000,non_classe,general,,"Epidemiology (Cambridge, Mass.)",Possible health risks of radiofrequency exposure from mobile telephones.,https://pubmed.ncbi.nlm.nih.gov/11021602/,non_classe/general/2000_11021602_possible-health-risks-of-radiofrequency-exposure-f.md
21432509,10.1007/BF02931240,1998,non_classe,general,,Environmental health and preventive medicine,Do radiofrequency radiation affect the auditory system of people with occupational exposure?,https://pubmed.ncbi.nlm.nih.gov/21432509/,non_classe/general/1998_21432509_do-radiofrequency-radiation-affect-the-auditory-sy.md
9652672,10.1016/s0140-6736(98)24025-6,1998,non_classe,general,,"Lancet (London, England)",Resting blood pressure increase during exposure to a radio-frequency electromagnetic field.,https://pubmed.ncbi.nlm.nih.gov/9652672/,non_classe/general/1998_9652672_resting-blood-pressure-increase-during-exposure-to.md
9859333,10.1515/bmte.1998.43.s1.220,1998,non_classe,general,,Biomedizinische Technik. Biomedical engineering,[Post-war studies of health risk caused by excessive military microwave exposure. What can these studies contribute to current risk assessment of electromagnetic fields?].,https://pubmed.ncbi.nlm.nih.gov/9859333/,non_classe/general/1998_9859333_post-war-studies-of-health-risk-caused-by-excessiv.md
8960756,10.1212/wnl.47.6.1594,1996,non_classe,general,,Neurology,Electromagnetic field exposure may cause increased production of amyloid beta and eventually lead to Alzheimer's disease.,https://pubmed.ncbi.nlm.nih.gov/8960756/,non_classe/general/1996_8960756_electromagnetic-field-exposure-may-cause-increased.md
1672204,10.1016/0140-6736(91)90325-j,1991,non_classe,general,,"Lancet (London, England)",Electromagnetic field exposure and male breast cancer.,https://pubmed.ncbi.nlm.nih.gov/1672204/,non_classe/general/1991_1672204_electromagnetic-field-exposure-and-male-breast-can.md
19493816,10.1109/MEMB.1987.5006369,1987,non_classe,general,,IEEE engineering in medicine and biology magazine : the quarterly magazine of the Engineering in Medicine & Biology Society,Radiofrequency electromagnetic field exposure standards.,https://pubmed.ncbi.nlm.nih.gov/19493816/,non_classe/general/1987_19493816_radiofrequency-electromagnetic-field-exposure-stan.md
3950959,10.3109/03091908609044329,1986,non_classe,general,,Journal of medical engineering & technology,Reduction of radiofrequency exposure to the operator during short-wave diathermy treatments.,https://pubmed.ncbi.nlm.nih.gov/3950959/,non_classe/general/1986_3950959_reduction-of-radiofrequency-exposure-to-the-operat.md
3847507,10.1080/16070658.1985.11720280,1985,non_classe,general,,The Journal of microwave power and electromagnetic energy : a publication of the International Microwave Power Institute,Data analysis reveals significant microwave-induced eye damage in humans.,https://pubmed.ncbi.nlm.nih.gov/3847507/,non_classe/general/1985_3847507_data-analysis-reveals-significant-microwave-induce.md
4088122,,1985,non_classe,general,,La Medicina del lavoro,[Environmental and health investigation in female workers exposed to a radiofrequency electromagnetic field].,https://pubmed.ncbi.nlm.nih.gov/4088122/,non_classe/general/1985_4088122_environmental-and-health-investigation-in-female-w.md
7284042,10.1002/bem.2250020107,1981,non_classe,general,,Bioelectromagnetics,Radiofrequency electromagnetic fields in Swedish radio stations and tall FM/TV towers.,https://pubmed.ncbi.nlm.nih.gov/7284042/,non_classe/general/1981_7284042_radiofrequency-electromagnetic-fields-in-swedish-r.md
7409814,10.1109/TBME.1980.326754,1980,non_classe,general,,IEEE transactions on bio-medical engineering,Thermal response model of a simulated cranial structure exposed to radiofrequency radiation.,https://pubmed.ncbi.nlm.nih.gov/7409814/,non_classe/general/1980_7409814_thermal-response-model-of-a-simulated-cranial-stru.md
14410073,10.2105/ajph.50.3_pt_1.364,1960,non_classe,general,,American journal of public health and the nation's health,Microwave exposure and missile propellants as occupational health problems.,https://pubmed.ncbi.nlm.nih.gov/14410073/,non_classe/general/1960_14410073_microwave-exposure-and-missile-propellants-as-occu.md
30607077,10.4314/ejhs.v28i5.13,2018,non_classe,genotoxicite_epigenetique,,Ethiopian journal of health sciences,Effect of Conventional and Microwave Tissue Processing Technique on DNA Integrity: A Comparative Molecular Analysis.,https://pubmed.ncbi.nlm.nih.gov/30607077/,non_classe/genotoxicite_epigenetique/2018_30607077_effect-of-conventional-and-microwave-tissue-proces.md
28490961,10.1016/j.sjbs.2016.02.011,2017,non_classe,genotoxicite_epigenetique,cancer,Saudi journal of biological sciences,Radiofrequency radiations induced genotoxic and carcinogenic effects on chickpea (Cicer arietinum L.) root tip cells.,https://pubmed.ncbi.nlm.nih.gov/28490961/,non_classe/genotoxicite_epigenetique/2017_28490961_radiofrequency-radiations-induced-genotoxic-and-ca.md
27135009,10.7860/jcdr/2016/17592.7505,2016,non_classe,genotoxicite_epigenetique,cancer,,Analysis of the Genotoxic Effects of Mobile Phone Radiation using Buccal Micronucleus Assay: A Comparative Evaluation.,https://pubmed.ncbi.nlm.nih.gov/27135009/,non_classe/genotoxicite_epigenetique/2016_27135009_analysis-of-the-genotoxic-effects-of-mobile-phone.md
11145105,10.1179/135100000101535843,2000,non_classe,genotoxicite_epigenetique,stress_oxydatif,Redox report : communications in free radical research,The effect of electromagnetic field exposure on the formation of DNA lesions.,https://pubmed.ncbi.nlm.nih.gov/11145105/,non_classe/genotoxicite_epigenetique/2000_11145105_the-effect-of-electromagnetic-field-exposure-on-th.md
41384946,10.1097/RCT.0000000000001812,2026,non_classe,neuro_comportement_cognition,,Journal of computer assisted tomography,Image Quality Assessment of Deep Learning-Based Virtual Monoenergetic Images From Single-Energy CT Pulmonary Angiography.,https://pubmed.ncbi.nlm.nih.gov/41384946/,non_classe/neuro_comportement_cognition/2026_41384946_image-quality-assessment-of-deep-learning-based-vi.md
41588287,10.1007/s10278-026-01847-w,2026,non_classe,neuro_comportement_cognition,,Journal of imaging informatics in medicine,Generating Training Data for Ureter Segmentation Using Dual-Energy CT Two-Material Decomposition.,https://pubmed.ncbi.nlm.nih.gov/41588287/,non_classe/neuro_comportement_cognition/2026_41588287_generating-training-data-for-ureter-segmentation-u.md
41602187,10.1039/d5ra09499b,2026,non_classe,neuro_comportement_cognition,thermique,,Design and synthesis of novel sulfa-azo dyes: a sustainable approach to textile dyeing combined with microwave energy.,https://pubmed.ncbi.nlm.nih.gov/41602187/,non_classe/neuro_comportement_cognition/2026_41602187_design-and-synthesis-of-novel-sulfa-azo-dyes-a-sus.md
41639308,10.1007/s00330-026-12351-8,2026,non_classe,neuro_comportement_cognition,,European radiology,Development and interpretation of a dual-energy CT-based deep learning radiomics model for predicting new cerebral ischemic lesions after carotid artery stenting: a multicenter study.,https://pubmed.ncbi.nlm.nih.gov/41639308/,non_classe/neuro_comportement_cognition/2026_41639308_development-and-interpretation-of-a-dual-energy-ct.md
41917285,10.1038/s41598-026-46851-w,2026,non_classe,neuro_comportement_cognition,,,Microwave scattering signatures for distinguishing healthy and infested date palm trees.,https://pubmed.ncbi.nlm.nih.gov/41917285/,non_classe/neuro_comportement_cognition/2026_41917285_microwave-scattering-signatures-for-distinguishing.md
41952371,10.1002/ardp.70232,2026,non_classe,neuro_comportement_cognition,thermique,Archiv der Pharmazie,Novel 4-((Benzimidazol-2-yl)methyl)-resorcinol Derivatives as Potential Hsp90 Inhibitors: Synthesis and Initial Inhibition Evaluation.,https://pubmed.ncbi.nlm.nih.gov/41952371/,non_classe/neuro_comportement_cognition/2026_41952371_novel-4-benzimidazol-2-yl-methyl-resorcinol-deriva.md
41984575,10.1097/RCT.0000000000001867,2026,non_classe,neuro_comportement_cognition,cancer,Journal of computer assisted tomography,A Preliminary Study of a Machine Learning Prediction of Poorly Differentiated Hepatocellular Carcinoma Based on a Comprehensive Parameter Analysis Using Dual-Energy Computed Tomography.,https://pubmed.ncbi.nlm.nih.gov/41984575/,non_classe/neuro_comportement_cognition/2026_41984575_a-preliminary-study-of-a-machine-learning-predicti.md
41988296,10.21037/jtd-2025-1-2741,2026,non_classe,neuro_comportement_cognition,,,"A multimodal radiomics model to predict disease-free survival in resected non-small cell lung cancer: integrating clinicopathology, dual-energy CT, and deep learning features.",https://pubmed.ncbi.nlm.nih.gov/41988296/,non_classe/neuro_comportement_cognition/2026_41988296_a-multimodal-radiomics-model-to-predict-disease-fr.md
42092685,10.1016/j.otsr.2026.104738,2026,non_classe,neuro_comportement_cognition,,,Dual-Energy CT Assessment of Distal Femur Bone quality for Preventing Early Failure in Cementless Total Knee Arthroplasty.,https://pubmed.ncbi.nlm.nih.gov/42092685/,non_classe/neuro_comportement_cognition/2026_42092685_dual-energy-ct-assessment-of-distal-femur-bone-qua.md
42237760,10.1002/advs.76001,2026,non_classe,neuro_comportement_cognition,,,Field-Frustrated Cooperative Distortions: Suppressing Jahn-Teller Ordering via Microwave Annealing.,https://pubmed.ncbi.nlm.nih.gov/42237760/,non_classe/neuro_comportement_cognition/2026_42237760_field-frustrated-cooperative-distortions-suppressi.md
42372561,10.1016/j.ejrad.2026.113013,2026,non_classe,neuro_comportement_cognition,apoptose_mitochondrie,,Prediction of efficacy and prognosis of PD‑1/PD‑L1 inhibitor combination chemotherapy for gastric cancer using an AI model based on dual‑energy CT: A multicenter study.,https://pubmed.ncbi.nlm.nih.gov/42372561/,non_classe/neuro_comportement_cognition/2026_42372561_prediction-of-efficacy-and-prognosis-of-pd-1-pd-l1.md
42517296,10.1111/jfb.70583,2026,non_classe,neuro_comportement_cognition,,,Shark preferences: Only subtle effects of electromagnetic field exposure and substrate type on small-spotted catshark (Scyliorhinus canicula) behaviour.,https://pubmed.ncbi.nlm.nih.gov/42517296/,non_classe/neuro_comportement_cognition/2026_42517296_shark-preferences-only-subtle-effects-of-electroma.md
42558213,10.3389/fonc.2026.1778055,2026,non_classe,neuro_comportement_cognition,,,Evaluation of a dual-energy computed tomography parameter -radiomics combined model for solitary pulmonary nodules.,https://pubmed.ncbi.nlm.nih.gov/42558213/,non_classe/neuro_comportement_cognition/2026_42558213_evaluation-of-a-dual-energy-computed-tomography-pa.md
42715823,10.1016/j.rvsc.2026.106391,2026,non_classe,neuro_comportement_cognition,,,Evaluation of machine learning models for predicting mastitis in dairy cows using dielectric properties and other milk quality parameters.,https://pubmed.ncbi.nlm.nih.gov/42715823/,non_classe/neuro_comportement_cognition/2026_42715823_evaluation-of-machine-learning-models-for-predicti.md
42761882,10.1039/d6ra05224j,2026,non_classe,neuro_comportement_cognition,thermique,,Microwave-induced efficient degradation of tetracycline using magnetic ZnFe&lt;sub&gt;2&lt;/sub&gt;O&lt;sub&gt;4&lt;/sub&gt; nanoparticles anchored on C/SiO&lt;sub&gt;2&lt;/sub&gt;.,https://pubmed.ncbi.nlm.nih.gov/42761882/,non_classe/neuro_comportement_cognition/2026_42761882_microwave-induced-efficient-degradation-of-tetracy.md
42797892,10.3390/vetsci13090856,2026,non_classe,neuro_comportement_cognition,,,Cow Behavior Recognition Method Based on Multi-Source Perceptual Information Fusion.,https://pubmed.ncbi.nlm.nih.gov/42797892/,non_classe/neuro_comportement_cognition/2026_42797892_cow-behavior-recognition-method-based-on-multi-sou.md
PPR1244429,10.20944/preprints202606.0170.v1,2026,non_classe,neuro_comportement_cognition,,,Smart Bedside Traceability of Caregiver-Patient Interactions Using Wearables and Tiny Localization Anchors,https://doi.org/10.20944/preprints202606.0170.v1,non_classe/neuro_comportement_cognition/2026_PPR1244429_smart-bedside-traceability-of-caregiver-patient-in.md
40050313,10.1038/s41598-025-90599-8,2025,non_classe,neuro_comportement_cognition,,,Impact of high frequency electromagnetic radiation on bacterial survival and antibiotic activity in exposed bacteria.,https://pubmed.ncbi.nlm.nih.gov/40050313/,non_classe/neuro_comportement_cognition/2025_40050313_impact-of-high-frequency-electromagnetic-radiation.md
40363396,10.3390/ma18091892,2025,non_classe,neuro_comportement_cognition,thermique,,Exploring the Mechanism of Microstructural Changes in Ultra-High-Performance Concrete Under Microwave Influence: Experiments and Molecular Dynamics Simulation.,https://pubmed.ncbi.nlm.nih.gov/40363396/,non_classe/neuro_comportement_cognition/2025_40363396_exploring-the-mechanism-of-microstructural-changes.md
41336325,10.1109/EMBC58623.2025.11254187,2025,non_classe,neuro_comportement_cognition,,Annual International Conference of the IEEE Engineering in Medicine and Biology Society. IEEE Engineering in Medicine and Biology Society. Annual International Conference,Influence of Human Body Curvature on Body-Centric Wireless Communication.,https://pubmed.ncbi.nlm.nih.gov/41336325/,non_classe/neuro_comportement_cognition/2025_41336325_influence-of-human-body-curvature-on-body-centric.md
41416407,10.1002/bem.70038,2025,non_classe,neuro_comportement_cognition,,Bioelectromagnetics,Towards a Planetary Health Impact Assessment Framework: Exploring Expert Knowledge and Artificial Intelligence for a RF-EMF Exposure Case-Study.,https://pubmed.ncbi.nlm.nih.gov/41416407/,non_classe/neuro_comportement_cognition/2025_41416407_towards-a-planetary-health-impact-assessment-frame.md
38767941,10.2196/52577,2024,non_classe,neuro_comportement_cognition,,JMIR cancer,"""Notification! You May Have Cancer."" Could Smartphones and Wearables Help Detect Cancer Early?",https://pubmed.ncbi.nlm.nih.gov/38767941/,non_classe/neuro_comportement_cognition/2024_38767941_notification-you-may-have-cancer-could-smartphones.md
36470201,10.1016/j.jss.2022.11.028,2023,non_classe,neuro_comportement_cognition,,The Journal of surgical research,Recovery After Thyroid and Parathyroid Surgery: How Do Our Patients Really Feel?,https://pubmed.ncbi.nlm.nih.gov/36470201/,non_classe/neuro_comportement_cognition/2023_36470201_recovery-after-thyroid-and-parathyroid-surgery-how.md
36931041,10.1016/j.modpat.2023.100129,2023,non_classe,neuro_comportement_cognition,,"Modern pathology : an official journal of the United States and Canadian Academy of Pathology, Inc",Thyroid Cytopathology Cancer Diagnosis from Smartphone Images Using Machine Learning.,https://pubmed.ncbi.nlm.nih.gov/36931041/,non_classe/neuro_comportement_cognition/2023_36931041_thyroid-cytopathology-cancer-diagnosis-from-smartp.md
36984934,10.3390/mi14030527,2023,non_classe,neuro_comportement_cognition,,,A Frequency Reconfigurable Folded Antenna for Cognitive Radio Communication.,https://pubmed.ncbi.nlm.nih.gov/36984934/,non_classe/neuro_comportement_cognition/2023_36984934_a-frequency-reconfigurable-folded-antenna-for-cogn.md
37854429,10.1017/gmh.2023.23,2023,non_classe,neuro_comportement_cognition,,"Global mental health (Cambridge, England)","Co-developed implementation guidelines to maximize acceptability, feasibility, and usability of mobile phone supervision in Kenya.",https://pubmed.ncbi.nlm.nih.gov/37854429/,non_classe/neuro_comportement_cognition/2023_37854429_co-developed-implementation-guidelines-to-maximize.md
34934638,10.1016/j.scog.2021.100216,2022,non_classe,neuro_comportement_cognition,eeg_sommeil,Schizophrenia research. Cognition,Applying machine learning to smartphone based cognitive and sleep assessments in schizophrenia.,https://pubmed.ncbi.nlm.nih.gov/34934638/,non_classe/neuro_comportement_cognition/2022_34934638_applying-machine-learning-to-smartphone-based-cogn.md
35639428,10.1089/cyber.2021.0354,2022,non_classe,neuro_comportement_cognition,,"Cyberpsychology, behavior and social networking",Individual Differences in a Multidimensional Measure of Compulsive Mobile Phone Use.,https://pubmed.ncbi.nlm.nih.gov/35639428/,non_classe/neuro_comportement_cognition/2022_35639428_individual-differences-in-a-multidimensional-measu.md
36079042,10.3390/jcm11175102,2022,non_classe,neuro_comportement_cognition,,Journal of clinical medicine,MobileSkin: Classification of Skin Lesion Images Acquired Using Mobile Phone-Attached Hand-Held Dermoscopes.,https://pubmed.ncbi.nlm.nih.gov/36079042/,non_classe/neuro_comportement_cognition/2022_36079042_mobileskin-classification-of-skin-lesion-images-ac.md
36262377,10.1155/2022/8489077,2022,non_classe,neuro_comportement_cognition,eeg_sommeil;neurodeveloppement,Occupational therapy international,The Relationship between Mobile Phone Anxiety and Sleep Quality Occupational Therapy in Adolescents and Its Internal Mechanism.,https://pubmed.ncbi.nlm.nih.gov/36262377/,non_classe/neuro_comportement_cognition/2022_36262377_the-relationship-between-mobile-phone-anxiety-and.md
33880912,10.3290/j.qi.b1244431,2021,non_classe,neuro_comportement_cognition,eeg_sommeil,"Quintessence international (Berlin, Germany : 1985)","The effect of smartphones on daytime sleepiness, temporomandibular disorders, and bruxism among young adults.",https://pubmed.ncbi.nlm.nih.gov/33880912/,non_classe/neuro_comportement_cognition/2021_33880912_the-effect-of-smartphones-on-daytime-sleepiness-te.md
32996884,10.2196/19880,2020,non_classe,neuro_comportement_cognition,,JMIR human factors,A Novel Auditory-Cognitive Training App for Delaying or Preventing the Onset of Dementia: Participatory Design With Stakeholders.,https://pubmed.ncbi.nlm.nih.gov/32996884/,non_classe/neuro_comportement_cognition/2020_32996884_a-novel-auditory-cognitive-training-app-for-delayi.md
33155995,10.1515/jbcpp-2020-0190,2020,non_classe,neuro_comportement_cognition,eeg_sommeil,Journal of basic and clinical physiology and pharmacology,"Effect of mobile phone usage on cognitive functions, sleep pattern, visuospatial ability in Parkinsons patients; a possible correlation with onset of clinical symptoms.",https://pubmed.ncbi.nlm.nih.gov/33155995/,non_classe/neuro_comportement_cognition/2020_33155995_effect-of-mobile-phone-usage-on-cognitive-function.md
30526242,10.1177/1557988318816914,2019,non_classe,neuro_comportement_cognition,dosimetrie_exposition;neurodeveloppement,American journal of men's health,Mobile Phone Base Station Tower Settings Adjacent to School Buildings: Impact on Students' Cognitive Health.,https://pubmed.ncbi.nlm.nih.gov/30526242/,non_classe/neuro_comportement_cognition/2019_30526242_mobile-phone-base-station-tower-settings-adjacent.md
30714943,10.2196/11094,2019,non_classe,neuro_comportement_cognition,cancer,JMIR mHealth and uHealth,Mobile Phone App-Based Pulmonary Rehabilitation for Chemotherapy-Treated Patients With Advanced Lung Cancer: Pilot Study.,https://pubmed.ncbi.nlm.nih.gov/30714943/,non_classe/neuro_comportement_cognition/2019_30714943_mobile-phone-app-based-pulmonary-rehabilitation-fo.md
28556891,10.1111/cdev.12836,2018,non_classe,neuro_comportement_cognition,neurodeveloppement;eeg_sommeil,Child development,Mobile Phones in the Bedroom: Trajectories of Sleep Habits and Subsequent Adolescent Psychosocial Development.,https://pubmed.ncbi.nlm.nih.gov/28556891/,non_classe/neuro_comportement_cognition/2018_28556891_mobile-phones-in-the-bedroom-trajectories-of-sleep.md
28885148,10.1109/TBME.2017.2749371,2018,non_classe,neuro_comportement_cognition,,IEEE transactions on bio-medical engineering,Ultra-Wideband Millimeter-Wave Dielectric Characteristics of Freshly Excised Normal and Malignant Human Skin Tissues.,https://pubmed.ncbi.nlm.nih.gov/28885148/,non_classe/neuro_comportement_cognition/2018_28885148_ultra-wideband-millimeter-wave-dielectric-characte.md
28288954,10.2196/mhealth.7073,2017,non_classe,neuro_comportement_cognition,,JMIR mHealth and uHealth,"Content, Usability, and Utilization of Plain Language in Breast Cancer Mobile Phone Apps: A Systematic Analysis.",https://pubmed.ncbi.nlm.nih.gov/28288954/,non_classe/neuro_comportement_cognition/2017_28288954_content-usability-and-utilization-of-plain-languag.md
28596145,10.2196/mental.5283,2017,non_classe,neuro_comportement_cognition,dosimetrie_exposition,JMIR mental health,Supporting Homework Compliance in Cognitive Behavioural Therapy: Essential Features of Mobile Apps.,https://pubmed.ncbi.nlm.nih.gov/28596145/,non_classe/neuro_comportement_cognition/2017_28596145_supporting-homework-compliance-in-cognitive-behavi.md
26982446,10.1089/tmj.2015.0263,2016,non_classe,neuro_comportement_cognition,,Telemedicine journal and e-health : the official journal of the American Telemedicine Association,Adult Cancer Patient Recruitment and Enrollment into Cell Phone Text Message Trials.,https://pubmed.ncbi.nlm.nih.gov/26982446/,non_classe/neuro_comportement_cognition/2016_26982446_adult-cancer-patient-recruitment-and-enrollment-in.md
25505778,,2014,non_classe,neuro_comportement_cognition,,Journal of biomedical physics & engineering,Electromagnetic Radiofrequency Radiation Emitted from GSM Mobile Phones Decreases the Accuracy of Home Blood Glucose Monitors.,https://pubmed.ncbi.nlm.nih.gov/25505778/,non_classe/neuro_comportement_cognition/2014_25505778_electromagnetic-radiofrequency-radiation-emitted-f.md
23785684,,2013,non_classe,neuro_comportement_cognition,,Iranian journal of public health,Alterations of visual reaction time and short term memory in military radar personnel.,https://pubmed.ncbi.nlm.nih.gov/23785684/,non_classe/neuro_comportement_cognition/2013_23785684_alterations-of-visual-reaction-time-and-short-term.md
25505755,10.1016/j.nancom.2012.02.001,2013,non_classe,neuro_comportement_cognition,,Journal of biomedical physics & engineering,Exposure to mobile phone radiation opens new horizons in Alzheimer's disease treatment.,https://pubmed.ncbi.nlm.nih.gov/25505755/,non_classe/neuro_comportement_cognition/2013_25505755_exposure-to-mobile-phone-radiation-opens-new-horiz.md
16304688,10.1002/bem.20187,2006,non_classe,neuro_comportement_cognition,dosimetrie_exposition,Bioelectromagnetics,Effects of radiofrequency radiation emitted by cellular telephones on the cognitive functions of humans.,https://pubmed.ncbi.nlm.nih.gov/16304688/,non_classe/neuro_comportement_cognition/2006_16304688_effects-of-radiofrequency-radiation-emitted-by-cel.md
10852216,10.1097/00001756-200006050-00009,2000,non_classe,neuro_comportement_cognition,neurodeveloppement,Neuroreport,The effects of electromagnetic field emitted by GSM phones on working memory.,https://pubmed.ncbi.nlm.nih.gov/10852216/,non_classe/neuro_comportement_cognition/2000_10852216_the-effects-of-electromagnetic-field-emitted-by-gs.md
9467084,10.1289/ehp.97105s61569,1997,non_classe,neuro_comportement_cognition,cancer,Environmental health perspectives,Radiofrequency exposure near high-voltage lines.,https://pubmed.ncbi.nlm.nih.gov/9467084/,non_classe/neuro_comportement_cognition/1997_9467084_radiofrequency-exposure-near-high-voltage-lines.md
41590240,10.3390/diseases14010025,2026,non_classe,neurodeveloppement,eeg_sommeil,"Diseases (Basel, Switzerland)",Increasing Numbers of Persons with Sleeping Problems in Sweden.,https://pubmed.ncbi.nlm.nih.gov/41590240/,non_classe/neurodeveloppement/2026_41590240_increasing-numbers-of-persons-with-sleeping-proble.md
41657758,10.1016/j.ejro.2026.100732,2026,non_classe,neurodeveloppement,neuro_comportement_cognition,European journal of radiology open,Feasibility of single-phase DECT as an alternative to triple-phase CT for imaging-defined risk factors assessment in neuroblastoma for dose reduction.,https://pubmed.ncbi.nlm.nih.gov/41657758/,non_classe/neurodeveloppement/2026_41657758_feasibility-of-single-phase-dect-as-an-alternative.md
40803397,10.1016/j.envres.2025.122558,2025,non_classe,neurodeveloppement,neuro_comportement_cognition;stress_oxydatif;thermique,Environmental research,"Cardiovascular damage, arrhythmogenesis and overlapping Alzheimer and Parkinson's diseases and TDP-43 pathology start in pediatric and young adult urban populations: Magnetic ultrafine particulate matter and industrial particles with motion behavior play a key role.",https://pubmed.ncbi.nlm.nih.gov/40803397/,non_classe/neurodeveloppement/2025_40803397_cardiovascular-damage-arrhythmogenesis-and-overlap.md
38598037,10.1007/s11033-024-09446-0,2024,non_classe,neurodeveloppement,,Molecular biology reports,Identification of a novel intronic variant of ATP6V0A2 in a Han-Chinese family with cutis laxa.,https://pubmed.ncbi.nlm.nih.gov/38598037/,non_classe/neurodeveloppement/2024_38598037_identification-of-a-novel-intronic-variant-of-atp6.md
36736032,10.1016/j.chiabu.2023.106065,2023,non_classe,neurodeveloppement,eeg_sommeil,Child abuse & neglect,Longitudinal associations between cyber victimization and problematic mobile phone use in adolescents: Disentangling between-person effects from within-person effects.,https://pubmed.ncbi.nlm.nih.gov/36736032/,non_classe/neurodeveloppement/2023_36736032_longitudinal-associations-between-cyber-victimizat.md
35200152,10.2196/32428,2022,non_classe,neurodeveloppement,neuro_comportement_cognition,JMIR formative research,Understanding the Needs of a Mobile Phone-Based Telemonitoring Program for Pregnant Women at High Risk for Pre-Eclampsia: Interpretive Qualitative Description Study.,https://pubmed.ncbi.nlm.nih.gov/35200152/,non_classe/neurodeveloppement/2022_35200152_understanding-the-needs-of-a-mobile-phone-based-te.md
35613406,10.1089/cyber.2022.0015,2022,non_classe,neurodeveloppement,neuro_comportement_cognition,"Cyberpsychology, behavior and social networking","Longitudinal Cross-Lagged Analysis Between Mobile Phone Dependence, Friendships, and Depressive Symptoms Among Korean Adolescents.",https://pubmed.ncbi.nlm.nih.gov/35613406/,non_classe/neurodeveloppement/2022_35613406_longitudinal-cross-lagged-analysis-between-mobile.md
35661977,10.1016/j.actpsy.2022.103628,2022,non_classe,neurodeveloppement,,Acta psychologica,The reciprocal relationship between mobile phone dependence and school adaptation in Korean adolescents: Autoregressive cross-lagged modeling.,https://pubmed.ncbi.nlm.nih.gov/35661977/,non_classe/neurodeveloppement/2022_35661977_the-reciprocal-relationship-between-mobile-phone-d.md
35720809,10.3389/fgwh.2022.785194,2022,non_classe,neurodeveloppement,,Frontiers in global women's health,Client Experiences in a Mobile-Phone Counseling Intervention for Enhancing Access to Prevention of Mother To-Child Transmission (PMTCT) Services in Kenya.,https://pubmed.ncbi.nlm.nih.gov/35720809/,non_classe/neurodeveloppement/2022_35720809_client-experiences-in-a-mobile-phone-counseling-in.md
35939413,10.18597/rcog.3821,2022,non_classe,neurodeveloppement,neuro_comportement_cognition,Revista colombiana de obstetricia y ginecologia,"Prevalence of the risk of depression and worry in pregnant women in the context of the COVID-19 pandemic in Antioquia, Colombia, 2020-2021.",https://pubmed.ncbi.nlm.nih.gov/35939413/,non_classe/neurodeveloppement/2022_35939413_prevalence-of-the-risk-of-depression-and-worry-in.md
33023829,10.1016/j.wombi.2020.09.022,2021,non_classe,neurodeveloppement,neuro_comportement_cognition,Women and birth : journal of the Australian College of Midwives,The experiences of pregnant women during the COVID-19 pandemic in Turkey: A qualitative study.,https://pubmed.ncbi.nlm.nih.gov/33023829/,non_classe/neurodeveloppement/2021_33023829_the-experiences-of-pregnant-women-during-the-covid.md
33912567,10.3389/fcell.2021.657623,2021,non_classe,neurodeveloppement,,Frontiers in cell and developmental biology,1800 MHz Radiofrequency Electromagnetic Field Impairs Neurite Outgrowth Through Inhibiting EPHA5 Signaling.,https://pubmed.ncbi.nlm.nih.gov/33912567/,non_classe/neurodeveloppement/2021_33912567_1800-mhz-radiofrequency-electromagnetic-field-impa.md
34444102,10.3390/ijerph18168352,2021,non_classe,neurodeveloppement,neuro_comportement_cognition,International journal of environmental research and public health,Behaviour of Children and Adolescents and the Use of Mobile Phones in Primary Schools in the Czech Republic.,https://pubmed.ncbi.nlm.nih.gov/34444102/,non_classe/neurodeveloppement/2021_34444102_behaviour-of-children-and-adolescents-and-the-use.md
38595745,10.1080/19317611.2021.1918311,2021,non_classe,neurodeveloppement,reproduction,International journal of sexual health : official journal of the World Association for Sexual Health,An Exploratory Study of Current Sources of Adolescent Sexual and Reproductive Health Information in Kenya and Their Limitations: Are Mobile Phone Technologies the Answer?,https://pubmed.ncbi.nlm.nih.gov/38595745/,non_classe/neurodeveloppement/2021_38595745_an-exploratory-study-of-current-sources-of-adolesc.md
31962328,10.1159/000505309,2020,non_classe,neurodeveloppement,,Audiology & neuro-otology,Evaluation of Hearing Thresholds by Using a Mobile Application in Children with Otitis Media with Effusion.,https://pubmed.ncbi.nlm.nih.gov/31962328/,non_classe/neurodeveloppement/2020_31962328_evaluation-of-hearing-thresholds-by-using-a-mobile.md
32683815,10.3345/cep.2019.01494,2020,non_classe,neurodeveloppement,cancer,Clinical and experimental pediatrics,Health effects of electromagnetic fields on children.,https://pubmed.ncbi.nlm.nih.gov/32683815/,non_classe/neurodeveloppement/2020_32683815_health-effects-of-electromagnetic-fields-on-childr.md
33321744,10.3390/children7120284,2020,non_classe,neurodeveloppement,,"Children (Basel, Switzerland)",Parent Mobile Phone Use in Playgrounds: A Paradox of Convenience.,https://pubmed.ncbi.nlm.nih.gov/33321744/,non_classe/neurodeveloppement/2020_33321744_parent-mobile-phone-use-in-playgrounds-a-paradox-o.md
33424010,10.34172/jrhs.2020.36,2020,non_classe,neurodeveloppement,,,Long Term Exposure to Microwave Radiation in Children Due to COVID-19 Pandemic; a Carcinogen Challenge.,https://pubmed.ncbi.nlm.nih.gov/33424010/,non_classe/neurodeveloppement/2020_33424010_long-term-exposure-to-microwave-radiation-in-child.md
31349260,10.3233/SHTI190011,2019,non_classe,neurodeveloppement,dosimetrie_exposition,Studies in health technology and informatics,Mobile Phone Applications for Gestational Diabetes Mellitus: Appraisal and Perspectives.,https://pubmed.ncbi.nlm.nih.gov/31349260/,non_classe/neurodeveloppement/2019_31349260_mobile-phone-applications-for-gestational-diabetes.md
31472114,10.1016/j.contraception.2019.08.005,2019,non_classe,neurodeveloppement,,Contraception,Assessing public awareness and use of medical abortion via mobile phone survey in India.,https://pubmed.ncbi.nlm.nih.gov/31472114/,non_classe/neurodeveloppement/2019_31472114_assessing-public-awareness-and-use-of-medical-abor.md
29098738,10.1002/humu.23364,2018,non_classe,neurodeveloppement,,Human mutation,Urine-derived podocytes-lineage cells: A promising tool for precision medicine in Alport Syndrome.,https://pubmed.ncbi.nlm.nih.gov/29098738/,non_classe/neurodeveloppement/2018_29098738_urine-derived-podocytes-lineage-cells-a-promising.md
30511537,10.24953/turkjped.2018.03.004,2018,non_classe,neurodeveloppement,eeg_sommeil;neuro_comportement_cognition,The Turkish journal of pediatrics,The influence of media on the sleep quality in adolescents.,https://pubmed.ncbi.nlm.nih.gov/30511537/,non_classe/neurodeveloppement/2018_30511537_the-influence-of-media-on-the-sleep-quality-in-ado.md
28007360,10.1016/j.sleep.2016.07.007,2016,non_classe,neurodeveloppement,neuro_comportement_cognition;eeg_sommeil,Sleep medicine,"Protective and risk factors associated with adolescent sleep: findings from Australia, Canada, and The Netherlands.",https://pubmed.ncbi.nlm.nih.gov/28007360/,non_classe/neurodeveloppement/2016_28007360_protective-and-risk-factors-associated-with-adoles.md
26444201,10.3109/15368378.2015.1077339,2015,non_classe,neurodeveloppement,cancer;dosimetrie_exposition,Electromagnetic biology and medicine,Protect children from EMF.,https://pubmed.ncbi.nlm.nih.gov/26444201/,non_classe/neurodeveloppement/2015_26444201_protect-children-from-emf.md
20799749,10.1021/jp104226p,2010,non_classe,neurodeveloppement,,The journal of physical chemistry. B,FTIR spectroscopy studies on the bioprotective effectiveness of trehalose on human hemoglobin aqueous solutions under 50 Hz electromagnetic field exposure.,https://pubmed.ncbi.nlm.nih.gov/20799749/,non_classe/neurodeveloppement/2010_20799749_ftir-spectroscopy-studies-on-the-bioprotective-eff.md
19972668,10.1348/026151008x388413,2009,non_classe,neurodeveloppement,,The British journal of developmental psychology,"Remote control, umbilical cord and beyond: the mobile phone as a transitional object.",https://pubmed.ncbi.nlm.nih.gov/19972668/,non_classe/neurodeveloppement/2009_19972668_remote-control-umbilical-cord-and-beyond-the-mobil.md
16804617,10.5271/sjweh.994,2006,non_classe,neurodeveloppement,,"Scandinavian journal of work, environment & health",Establishing the health risks of exposure to radiofrequency fields requires multidisciplinary research.,https://pubmed.ncbi.nlm.nih.gov/16804617/,non_classe/neurodeveloppement/2006_16804617_establishing-the-health-risks-of-exposure-to-radio.md
17063827,10.3727/036012906815844346,2006,non_classe,neurodeveloppement,,Acupuncture & electro-therapeutics research,Microwave propagation on acupuncture channels.,https://pubmed.ncbi.nlm.nih.gov/17063827/,non_classe/neurodeveloppement/2006_17063827_microwave-propagation-on-acupuncture-channels.md
16403721,10.2196/jmir.7.5.e57,2005,non_classe,neurodeveloppement,neuro_comportement_cognition,Journal of medical Internet research,Parent-child interaction using a mobile and wireless system for blood glucose monitoring.,https://pubmed.ncbi.nlm.nih.gov/16403721/,non_classe/neurodeveloppement/2005_16403721_parent-child-interaction-using-a-mobile-and-wirele.md
10333833,,1999,non_classe,neurodeveloppement,,CMAJ : Canadian Medical Association journal = journal de l'Association medicale canadienne,Radiofrequency radiation in five Vancouver schools: exposure standards not exceeded.,https://pubmed.ncbi.nlm.nih.gov/10333833/,non_classe/neurodeveloppement/1999_10333833_radiofrequency-radiation-in-five-vancouver-schools.md
2910064,10.1093/oxfordjournals.aje.a115112,1989,non_classe,neurodeveloppement,thermique,American journal of epidemiology,Fetal loss associated with two seasonal sources of electromagnetic field exposure.,https://pubmed.ncbi.nlm.nih.gov/2910064/,non_classe/neurodeveloppement/1989_2910064_fetal-loss-associated-with-two-seasonal-sources-of.md
42655174,10.3390/microorganisms14081831,2026,non_classe,reproduction,,,Mechanisms of 915 MHz Microwave Thermal Treatment on Physicochemical Properties and Microbial Communities in Sugarcane Continuous Cropping Soil.,https://pubmed.ncbi.nlm.nih.gov/42655174/,non_classe/reproduction/2026_42655174_mechanisms-of-915-mhz-microwave-thermal-treatment.md
40988160,10.1097/md.0000000000044668,2025,non_classe,reproduction,,,Mobile phone usage duration and male fertility: A two-sample Mendelian randomization analysis.,https://pubmed.ncbi.nlm.nih.gov/40988160/,non_classe/reproduction/2025_40988160_mobile-phone-usage-duration-and-male-fertility-a-t.md
35360230,10.3389/fphys.2022.828578,2022,non_classe,reproduction,neurodeveloppement,,Long-Term Wi-Fi Exposure From Pre-Pubertal to Adult Age on the Spermatogonia Proliferation and Protective Effects of Edible Bird's Nest Supplementation.,https://pubmed.ncbi.nlm.nih.gov/35360230/,non_classe/reproduction/2022_35360230_long-term-wi-fi-exposure-from-pre-pubertal-to-adul.md
28144597,10.1016/j.beem.2010.08.006,2016,non_classe,reproduction,neuro_comportement_cognition,Journal of biomedical physics & engineering,The Fundamental Reasons Why Laptop Computers should not be Used on Your Lap.,https://pubmed.ncbi.nlm.nih.gov/28144597/,non_classe/reproduction/2016_28144597_the-fundamental-reasons-why-laptop-computers-shoul.md
24082653,10.4103/0974-1208.117178,2013,non_classe,reproduction,neurodeveloppement,Journal of human reproductive sciences,Male reproductive health under threat: Short term exposure to radiofrequency radiations emitted by common mobile jammers.,https://pubmed.ncbi.nlm.nih.gov/24082653/,non_classe/reproduction/2013_24082653_male-reproductive-health-under-threat-short-term-e.md
41747184,10.1080/09553002.2026.2636305,2026,non_classe,stress_oxydatif,,,"Effects of industrial, scientific, and medical (ISM) band frequency 2.45 GHz on membrane integrity and oxidative stress of human skin bacteria.",https://pubmed.ncbi.nlm.nih.gov/41747184/,non_classe/stress_oxydatif/2026_41747184_effects-of-industrial-scientific-and-medical-ism-b.md
42490055,10.1002/mabi.70230,2026,non_classe,stress_oxydatif,neuro_comportement_cognition,,Alginate and Chitosan-Based Hydrogels: Effects on the Stability of Encapsulated Quercetin Under Multiple Stress Conditions.,https://pubmed.ncbi.nlm.nih.gov/42490055/,non_classe/stress_oxydatif/2026_42490055_alginate-and-chitosan-based-hydrogels-effects-on-t.md
42585747,10.1016/j.ultsonch.2026.108001,2026,non_classe,stress_oxydatif,,Ultrasonics sonochemistry,"Ultrasound-assisted deep eutectic solvent extraction of green, high-efficient, and high-bioactive polysaccharides from Glycyrrhiza uralensis.",https://pubmed.ncbi.nlm.nih.gov/42585747/,non_classe/stress_oxydatif/2026_42585747_ultrasound-assisted-deep-eutectic-solvent-extracti.md
42726645,10.1080/09553002.2026.2730055,2026,non_classe,stress_oxydatif,neuroinflammation,,Combined photobiomodulation and pulsed electromagnetic field exposure attenuates nitric oxide production in high-glucose/LPS-stimulated RAW264.7 macrophages.,https://pubmed.ncbi.nlm.nih.gov/42726645/,non_classe/stress_oxydatif/2026_42726645_combined-photobiomodulation-and-pulsed-electromagn.md
38762651,10.1007/s11306-024-02121-2,2024,non_classe,stress_oxydatif,,,Analysis of the metabolic profile of humans naturally exposed to RF-EM radiation.,https://pubmed.ncbi.nlm.nih.gov/38762651/,non_classe/stress_oxydatif/2024_38762651_analysis-of-the-metabolic-profile-of-humans-natura.md
38786928,10.3390/insects15050372,2024,non_classe,stress_oxydatif,,,Oxidative Stress Response of Honey Bee Colonies (<i>Apis mellifera</i> L.) during Long-Term Exposure at a Frequency of 900 MHz under Field Conditions.,https://pubmed.ncbi.nlm.nih.gov/38786928/,non_classe/stress_oxydatif/2024_38786928_oxidative-stress-response-of-honey-bee-colonies-i.md
38820877,10.1016/j.ecoenv.2024.116486,2024,non_classe,stress_oxydatif,genotoxicite_epigenetique;thermique,Ecotoxicology and environmental safety,Evaluation of oxidative stress and genetic instability among residents near mobile phone base stations in Germany.,https://pubmed.ncbi.nlm.nih.gov/38820877/,non_classe/stress_oxydatif/2024_38820877_evaluation-of-oxidative-stress-and-genetic-instabi.md
39472374,10.1007/s11356-024-35414-z,2024,non_classe,stress_oxydatif,genotoxicite_epigenetique,,"Morphological, biochemical and genotoxic effects of non-ionizing radiation at 1800 MHz and 2400 MHz frequencies in Allium cepa L.",https://pubmed.ncbi.nlm.nih.gov/39472374/,non_classe/stress_oxydatif/2024_39472374_morphological-biochemical-and-genotoxic-effects-of.md
35567181,10.3390/plants11091179,2022,non_classe,stress_oxydatif,,"Plants (Basel, Switzerland)",Antioxidant Capacity and Antiplatelet Activity of Aqueous Extracts of Common Bean (Phaseolus vulgaris L.) Obtained with Microwave and Ultrasound Assisted Extraction.,https://pubmed.ncbi.nlm.nih.gov/35567181/,non_classe/stress_oxydatif/2022_35567181_antioxidant-capacity-and-antiplatelet-activity-of.md
32504948,10.1016/j.biortech.2020.123562,2020,non_classe,stress_oxydatif,,Bioresource technology,"Response of Scenedesmus sp. to microwave treatment: Enhancement of lipid, exopolysaccharide and biomass production.",https://pubmed.ncbi.nlm.nih.gov/32504948/,non_classe/stress_oxydatif/2020_32504948_response-of-scenedesmus-sp-to-microwave-treatment.md
32729157,10.1111/jfbc.13403,2020,non_classe,stress_oxydatif,,Journal of food biochemistry,Cherry extracts attenuate inflammation and oxidative stress triggered by monosodium urate crystals in THP-1 cells.,https://pubmed.ncbi.nlm.nih.gov/32729157/,non_classe/stress_oxydatif/2020_32729157_cherry-extracts-attenuate-inflammation-and-oxidati.md
27232546,10.3109/15368378.2016.1138125,2016,non_classe,stress_oxydatif,,Electromagnetic biology and medicine,Oxidative mechanisms of biological activity of low-intensity radiofrequency radiation.,https://pubmed.ncbi.nlm.nih.gov/27232546/,non_classe/stress_oxydatif/2016_27232546_oxidative-mechanisms-of-biological-activity-of-low.md
27624410,10.1021/acs.jafc.6b03066,2016,non_classe,stress_oxydatif,cancer,Journal of agricultural and food chemistry,Interaction between Mimic Lipid Membranes and Acylated and Nonacylated Cyanidin and Its Bioactivity.,https://pubmed.ncbi.nlm.nih.gov/27624410/,non_classe/stress_oxydatif/2016_27624410_interaction-between-mimic-lipid-membranes-and-acyl.md
24435163,10.5830/CVJA-2013-083,2014,non_classe,stress_oxydatif,,Cardiovascular journal of Africa,"Endothelial function and germ-line ACE I/D, eNOS and PAI-1 gene profiles in patients with coronary slow flow in the Canakkale population: multiple thrombophilic gene profiles in coronary slow flow.",https://pubmed.ncbi.nlm.nih.gov/24435163/,non_classe/stress_oxydatif/2014_24435163_endothelial-function-and-germ-line-ace-i-d-enos-an.md
24753545,10.1158/1055-9965.EPI-13-1357,2014,non_classe,stress_oxydatif,cancer,"Cancer epidemiology, biomarkers & prevention : a publication of the American Association for Cancer Research, cosponsored by the American Society of Preventive Oncology",Cell phone use and parotid salivary gland alterations: no molecular evidence.,https://pubmed.ncbi.nlm.nih.gov/24753545/,non_classe/stress_oxydatif/2014_24753545_cell-phone-use-and-parotid-salivary-gland-alterati.md
17825879,10.1016/j.scitotenv.2007.07.052,2007,non_classe,stress_oxydatif,neuro_comportement_cognition;thermique,The Science of the total environment,Exposure to radiofrequency radiation induces oxidative stress in duckweed Lemna minor L.,https://pubmed.ncbi.nlm.nih.gov/17825879/,non_classe/stress_oxydatif/2007_17825879_exposure-to-radiofrequency-radiation-induces-oxida.md
41508503,10.1016/j.foodres.2025.118088,2026,non_classe,thermique,,"Food research international (Ottawa, Ont.)",Enhanced inactivation of Aspergillus niger in low water activity raisins by microwave processing: evidence of non-thermal effects.,https://pubmed.ncbi.nlm.nih.gov/41508503/,non_classe/thermique/2026_41508503_enhanced-inactivation-of-aspergillus-niger-in-low.md
41548019,10.1038/s41598-026-36495-1,2026,non_classe,thermique,,,Modelling selective heating in microwave-heated packed-bed reactors.,https://pubmed.ncbi.nlm.nih.gov/41548019/,non_classe/thermique/2026_41548019_modelling-selective-heating-in-microwave-heated-pa.md
41598921,10.3390/insects17010067,2026,non_classe,thermique,,,"Effects of Microwave on Mortality and Detection Efficiency of Three Stored Grain Insect Adults in Stored Paddy, and on Grain Quality.",https://pubmed.ncbi.nlm.nih.gov/41598921/,non_classe/thermique/2026_41598921_effects-of-microwave-on-mortality-and-detection-ef.md
42091029,10.1016/j.jenvman.2026.129835,2026,non_classe,thermique,,Journal of environmental management,Valorization of industrial carbide slag via microwave processing: A low-cost route to high-performance CaO-based CO2 sorbents.,https://pubmed.ncbi.nlm.nih.gov/42091029/,non_classe/thermique/2026_42091029_valorization-of-industrial-carbide-slag-via-microw.md
42581785,10.1002/adma.74578,2026,non_classe,thermique,,"Advanced materials (Deerfield Beach, Fla.)",Defect-Engineered Microwave-Responsive Ni@C Composites From Waste PET for Catalytic Plastic Upcycling.,https://pubmed.ncbi.nlm.nih.gov/42581785/,non_classe/thermique/2026_42581785_defect-engineered-microwave-responsive-ni-c-compos.md
42796541,10.3390/molecules31183254,2026,non_classe,thermique,,"Molecules (Basel, Switzerland)",Exsolution-Engineered Perovskite Catalysts for Durable Plasma-Assisted Ammonia Synthesis.,https://pubmed.ncbi.nlm.nih.gov/42796541/,non_classe/thermique/2026_42796541_exsolution-engineered-perovskite-catalysts-for-dur.md
IND609501314,,2026,non_classe,thermique,,,Impact of Pretreatments on the Reduction of Allyl Isothiocyanate (AITC) Content in Mustard Seeds,,non_classe/thermique/2026_IND609501314_impact-of-pretreatments-on-the-reduction-of-allyl.md
PPR1149630,10.20944/preprints202511.0485.v3,2026,non_classe,thermique,,,Comparative Study on the Microwave-Assisted and Conventional Dyeing of Polyamide Fabric with Acid Dyes,https://doi.org/10.20944/preprints202511.0485.v3,non_classe/thermique/2026_PPR1149630_comparative-study-on-the-microwave-assisted-and-co.md
PPR1290262,10.21203/rs.3.rs-10463012/v1,2026,non_classe,thermique,,,"Density-Dependent Microwave Heating of Aluminum Nanoparticle Compacts: Experimental Thermography, HFSS Simulation, and Effective-Medium Modeling",https://doi.org/10.21203/rs.3.rs-10463012/v1,non_classe/thermique/2026_PPR1290262_density-dependent-microwave-heating-of-aluminum-na.md
40125614,10.1002/advs.202501188,2025,non_classe,thermique,,,Unprecedented Ultra-High Expansion Ratio Foam for Innovative Architecture.,https://pubmed.ncbi.nlm.nih.gov/40125614/,non_classe/thermique/2025_40125614_unprecedented-ultra-high-expansion-ratio-foam-for.md
40270078,10.1002/jsfa.14306,2025,non_classe,thermique,,,Comparison of the effect of 2450 MHz and 915 MHz microwave heating on the inactivation of Escherichia coli O157:H7 and Salmonella Typhimurium in large-scale peanut butter processing.,https://pubmed.ncbi.nlm.nih.gov/40270078/,non_classe/thermique/2025_40270078_comparison-of-the-effect-of-2450-mhz-and-915-mhz-m.md
40271596,10.3390/ma18071454,2025,non_classe,thermique,,,Influence of Carbon Nanotube Addition on Microstructure and Microwave Heating Performance of Polycarbosilane-Based Silicon Carbide.,https://pubmed.ncbi.nlm.nih.gov/40271596/,non_classe/thermique/2025_40271596_influence-of-carbon-nanotube-addition-on-microstru.md
40732521,10.3390/s25144392,2025,non_classe,thermique,neuro_comportement_cognition;cancer,,Electric Field Measurement in Radiative Hyperthermia Applications.,https://pubmed.ncbi.nlm.nih.gov/40732521/,non_classe/thermique/2025_40732521_electric-field-measurement-in-radiative-hypertherm.md
41010126,10.3390/ma18184283,2025,non_classe,thermique,,,Research on Electromagnetic and Rheological Performance of Microwave-Sensitive Emulsified Asphalt Containing SiC and Fe&lt;sub&gt;3&lt;/sub&gt;O&lt;sub&gt;4&lt;/sub&gt;.,https://pubmed.ncbi.nlm.nih.gov/41010126/,non_classe/thermique/2025_41010126_research-on-electromagnetic-and-rheological-perfor.md
41282402,10.1021/acs.iecr.5c02894,2025,non_classe,thermique,,,Microwave-Driven Nonoxidative and Selective Conversion of Methane to Ethylene over Mn-Based Catalysts.,https://pubmed.ncbi.nlm.nih.gov/41282402/,non_classe/thermique/2025_41282402_microwave-driven-nonoxidative-and-selective-conver.md
41598871,10.3390/insects17010017,2025,non_classe,thermique,,Insects,Controlling Maize Weevil (Sitophilus zeamais) Life Stages at a Moderate Temperature Using Microwave Energy.,https://pubmed.ncbi.nlm.nih.gov/41598871/,non_classe/thermique/2025_41598871_controlling-maize-weevil-sitophilus-zeamais-life-s.md
PPR1116898,10.21203/rs.3.rs-7951169/v1,2025,non_classe,thermique,,,Controlling Microwave Energy Absorption in Aluminum Particle Compacts by Tuning the Crystallinity of the Alumina Shell,https://doi.org/10.21203/rs.3.rs-7951169/v1,non_classe/thermique/2025_PPR1116898_controlling-microwave-energy-absorption-in-aluminu.md
38910919,10.1007/s13197-023-05905-x,2024,non_classe,thermique,,,"Microwave assisted disinfestation of green gram (&lt;i&gt;Vigna radiata&lt;/i&gt; L.) infested with pulse beetle, &lt;i&gt;Callasobruchus maculatus&lt;/i&gt; (F.).",https://pubmed.ncbi.nlm.nih.gov/38910919/,non_classe/thermique/2024_38910919_microwave-assisted-disinfestation-of-green-gram-lt.md
39309642,10.1039/d4ra05602g,2024,non_classe,thermique,,,Recycling of e-waste power cables using microwave-induced pyrolysis - process characteristics and facile recovery of copper metal.,https://pubmed.ncbi.nlm.nih.gov/39309642/,non_classe/thermique/2024_39309642_recycling-of-e-waste-power-cables-using-microwave.md
36525560,10.1080/09553002.2023.2159567,2023,non_classe,thermique,,International journal of radiation biology,Limiting exposure to radiofrequency radiation: the principles and possible criteria for health protection.,https://pubmed.ncbi.nlm.nih.gov/36525560/,non_classe/thermique/2023_36525560_limiting-exposure-to-radiofrequency-radiation-the.md
35956716,10.3390/polym14153202,2022,non_classe,thermique,,,The Study of Manufacturing Thermal Insulation Materials Based on Inorganic Polymers under Microwave Exposure.,https://pubmed.ncbi.nlm.nih.gov/35956716/,non_classe/thermique/2022_35956716_the-study-of-manufacturing-thermal-insulation-mate.md
32778682,10.1038/s41598-020-69561-3,2020,non_classe,thermique,,Scientific reports,Non-thermal effects of radiofrequency electromagnetic fields.,https://pubmed.ncbi.nlm.nih.gov/32778682/,non_classe/thermique/2020_32778682_non-thermal-effects-of-radiofrequency-electromagne.md
28524704,10.1080/15368378.2017.1323762,2017,non_classe,thermique,calcium_canaux_ioniques;stress_oxydatif,Electromagnetic biology and medicine,Radiation from wireless technology elevates blood glucose and body temperature in 40-year-old type 1 diabetic male.,https://pubmed.ncbi.nlm.nih.gov/28524704/,non_classe/thermique/2017_28524704_radiation-from-wireless-technology-elevates-blood.md
29084638,10.1684/ejd.2017.3086,2017,non_classe,thermique,,European journal of dermatology : EJD,Microwave therapy for cutaneous human papilloma virus infection.,https://pubmed.ncbi.nlm.nih.gov/29084638/,non_classe/thermique/2017_29084638_microwave-therapy-for-cutaneous-human-papilloma-vi.md
9166136,10.1136/oem.54.4.281,1997,non_classe,thermique,,Occupational and environmental medicine,Effects of acute exposure to ultrahigh radiofrequency radiation on three antenna engineers.,https://pubmed.ncbi.nlm.nih.gov/9166136/,non_classe/thermique/1997_9166136_effects-of-acute-exposure-to-ultrahigh-radiofreque.md
3949525,10.1097/00004032-198603000-00001,1986,non_classe,thermique,,Health physics,Exposure survey of operators of radiofrequency dielectric heaters in Australia.,https://pubmed.ncbi.nlm.nih.gov/3949525/,non_classe/thermique/1986_3949525_exposure-survey-of-operators-of-radiofrequency-die.md
6498766,10.1002/1097-0142(19841215)54:12<2898::aid-cncr2820541214>3.0.co;2-b,1984,non_classe,thermique,cancer,Cancer,Clinical results of radiofrequency hyperthermia combined with radiation in the treatment of radioresistant cancers.,https://pubmed.ncbi.nlm.nih.gov/6498766/,non_classe/thermique/1984_6498766_clinical-results-of-radiofrequency-hyperthermia-co.md
6405307,,1983,non_classe,thermique,,Military medicine,An overview of the biological effects of radiofrequency radiation.,https://pubmed.ncbi.nlm.nih.gov/6405307/,non_classe/thermique/1983_6405307_an-overview-of-the-biological-effects-of-radiofreq.md
42100721,10.1016/j.bbrep.2026.102613,2026,revue,apoptose_mitochondrie,,,Magnetic fields as biophysical activators of autophagy: A preclinical systematic review.,https://pubmed.ncbi.nlm.nih.gov/42100721/,revue/apoptose_mitochondrie/2026_42100721_magnetic-fields-as-biophysical-activators-of-autop.md
35216437,10.3390/ijms23042322,2022,revue,apoptose_mitochondrie,,,Radiofrequency Electromagnetic Field Exposure and Apoptosis: A Scoping Review of In Vitro Studies on Mammalian Cells.,https://pubmed.ncbi.nlm.nih.gov/35216437/,revue/apoptose_mitochondrie/2022_35216437_radiofrequency-electromagnetic-field-exposure-and.md
30481957,10.4062/biomolther.2018.152,2019,revue,apoptose_mitochondrie,,Biomolecules & therapeutics,Possible Effects of Radiofrequency Electromagnetic Field Exposure on Central Nerve System.,https://pubmed.ncbi.nlm.nih.gov/30481957/,revue/apoptose_mitochondrie/2019_30481957_possible-effects-of-radiofrequency-electromagnetic.md
42134407,10.1088/1361-6560/ae6e17,2026,revue,barriere_hemato_encephalique,neurodeveloppement;thermique,,Experimental and clinical evidence on radiofrequency electromagnetic field effects on the blood-brain barrier: a scoping review.,https://pubmed.ncbi.nlm.nih.gov/42134407/,revue/barriere_hemato_encephalique/2026_42134407_experimental-and-clinical-evidence-on-radiofrequen.md
40131785,10.1080/09553002.2025.2481854,2025,revue,barriere_hemato_encephalique,neuro_comportement_cognition;stress_oxydatif;apoptose_mitochondrie,International journal of radiation biology,Radiofrequency radiation and Alzheimer's disease: harmful and therapeutic implications.,https://pubmed.ncbi.nlm.nih.gov/40131785/,revue/barriere_hemato_encephalique/2025_40131785_radiofrequency-radiation-and-alzheimer-s-disease-h.md
24681584,10.3390/ijms15045366,2014,revue,barriere_hemato_encephalique,stress_oxydatif;neuro_comportement_cognition,International journal of molecular sciences,Searching for the perfect wave: the effect of radiofrequency electromagnetic fields on cells.,https://pubmed.ncbi.nlm.nih.gov/24681584/,revue/barriere_hemato_encephalique/2014_24681584_searching-for-the-perfect-wave-the-effect-of-radio.md
20550949,10.1016/j.brainresrev.2010.06.001,2010,revue,barriere_hemato_encephalique,thermique,Brain research reviews,Electromagnetic fields and the blood-brain barrier.,https://pubmed.ncbi.nlm.nih.gov/20550949/,revue/barriere_hemato_encephalique/2010_20550949_electromagnetic-fields-and-the-blood-brain-barrier.md
18568929,10.1080/15368370802061995,2008,revue,barriere_hemato_encephalique,neuro_comportement_cognition,Electromagnetic biology and medicine,Radiofrequency and extremely low-frequency electromagnetic field effects on the blood-brain barrier.,https://pubmed.ncbi.nlm.nih.gov/18568929/,revue/barriere_hemato_encephalique/2008_18568929_radiofrequency-and-extremely-low-frequency-electro.md
9453702,,1998,revue,barriere_hemato_encephalique,neurodeveloppement;eeg_sommeil;genotoxicite_epigenetique,Bioelectromagnetics,Low-level exposure to radiofrequency electromagnetic fields: health effects and research needs.,https://pubmed.ncbi.nlm.nih.gov/9453702/,revue/barriere_hemato_encephalique/1998_9453702_low-level-exposure-to-radiofrequency-electromagnet.md
40004170,10.3390/ijms26041705,2025,revue,calcium_canaux_ioniques,apoptose_mitochondrie;thermique,,Influence of Super-Low-Intensity Microwave Radiation on Mesenchymal Stem Cells.,https://pubmed.ncbi.nlm.nih.gov/40004170/,revue/calcium_canaux_ioniques/2025_40004170_influence-of-super-low-intensity-microwave-radiati.md
41898377,10.3390/biomedicines14030733,2026,revue,cancer,,Biomedicines,En-Bloc Resection of Stage T4 Non-Small Cell Lung Cancer with Direct Spinal Invasion: Technical Considerations and Comprehensive Literature Review.,https://pubmed.ncbi.nlm.nih.gov/41898377/,revue/cancer/2026_41898377_en-bloc-resection-of-stage-t4-non-small-cell-lung.md
41945987,10.1016/j.ijbiomac.2026.151874,2026,revue,cancer,thermique;neuro_comportement_cognition;dosimetrie_exposition,International journal of biological macromolecules,"Theranostic magnetic hydrogels for treatment, recurrence prevention, tumour modelling and emerging applications in breast cancer management: A review.",https://pubmed.ncbi.nlm.nih.gov/41945987/,revue/cancer/2026_41945987_theranostic-magnetic-hydrogels-for-treatment-recur.md
42437082,10.1016/j.bbrep.2026.102705,2026,revue,cancer,stress_oxydatif;genotoxicite_epigenetique;thermique,,"Non-ionizing radiation and cancer: A review on current evidence, mechanistic insights, and public health implications.",https://pubmed.ncbi.nlm.nih.gov/42437082/,revue/cancer/2026_42437082_non-ionizing-radiation-and-cancer-a-review-on-curr.md
42442967,10.1016/j.envint.2026.110368,2026,revue,cancer,neuroinflammation;reproduction,,"Corrigendum to ""Effects of radiofrequency electromagnetic field exposure on cancer in laboratory animal studies, a systematic review"" [Environ. Int. 199 (2025) 109482].",https://pubmed.ncbi.nlm.nih.gov/42442967/,revue/cancer/2026_42442967_corrigendum-to-effects-of-radiofrequency-electroma.md
42525387,10.1093/bjr/tqag172,2026,revue,cancer,,,Zero Echo Time MRI and Dual-Energy CT Virtual Non-Calcium Imaging in Skeletal Oncology: A Critical Evidence-Based Review.,https://pubmed.ncbi.nlm.nih.gov/42525387/,revue/cancer/2026_42525387_zero-echo-time-mri-and-dual-energy-ct-virtual-non.md
42651014,10.3390/diagnostics16162611,2026,revue,cancer,,,"Clinical Utility of Dual-Energy CT for Detection, Characterization, and Staging of Lung Tumors: A Rapid Review.",https://pubmed.ncbi.nlm.nih.gov/42651014/,revue/cancer/2026_42651014_clinical-utility-of-dual-energy-ct-for-detection-c.md
40339346,10.1016/j.envint.2025.109482,2025,revue,cancer,neuroinflammation;reproduction,,"Effects of radiofrequency electromagnetic field exposure on cancer in laboratory animal studies, a systematic review.",https://pubmed.ncbi.nlm.nih.gov/40339346/,revue/cancer/2025_40339346_effects-of-radiofrequency-electromagnetic-field-ex.md
40966368,,2025,revue,cancer,genotoxicite_epigenetique;thermique,,Development and Testing of a Novel Whole-body Exposure System for Investigative Studies of Radiofrequency Radiation in Rodents,https://pubmed.ncbi.nlm.nih.gov/40966368/,revue/cancer/2025_40966368_development-and-testing-of-a-novel-whole-body-expo.md
41135061,10.1615/critrevbiomedeng.v53.i6.30,2025,revue,cancer,dosimetrie_exposition;neuro_comportement_cognition,,"Toward Breast Tumor Detection: A Miniature Antenna for Industrial, Scientific, and Medical (ISM) Band Implantation.",https://pubmed.ncbi.nlm.nih.gov/41135061/,revue/cancer/2025_41135061_toward-breast-tumor-detection-a-miniature-antenna.md
41362664,10.1016/j.mex.2025.103726,2025,revue,cancer,neuro_comportement_cognition;dosimetrie_exposition,,Microwave head imaging systems for early brain tumor detection: antenna designs and emerging substrates.,https://pubmed.ncbi.nlm.nih.gov/41362664/,revue/cancer/2025_41362664_microwave-head-imaging-systems-for-early-brain-tum.md
41373573,10.3390/ijms262311415,2025,revue,cancer,,International journal of molecular sciences,Synergistic Effects of Non-Ionizing Radiation in the Targeted Modification of Living Tissues.,https://pubmed.ncbi.nlm.nih.gov/41373573/,revue/cancer/2025_41373573_synergistic-effects-of-non-ionizing-radiation-in-t.md
36944196,10.1515/reveh-2022-0248,2024,revue,cancer,neurodeveloppement,Reviews on environmental health,"Relationship between parental exposure to radiofrequency electromagnetic fields and primarily hematopoietic neoplasms (lymphoma, leukemia) and tumors in the central nervous system in children: a systematic review.",https://pubmed.ncbi.nlm.nih.gov/36944196/,revue/cancer/2024_36944196_relationship-between-parental-exposure-to-radiofre.md
39200630,10.3390/ijerph21081020,2024,revue,cancer,,,A Systematic Review on the In Vivo Studies on Radiofrequency (100 kHz-300 GHz) Electromagnetic Field Exposure and Co-Carcinogenesis.,https://pubmed.ncbi.nlm.nih.gov/39200630/,revue/cancer/2024_39200630_a-systematic-review-on-the-in-vivo-studies-on-radi.md
36767440,10.3390/ijerph20032071,2023,revue,cancer,,,In Vivo Studies on Radiofrequency (100 kHz-300 GHz) Electromagnetic Field Exposure and Cancer: A Systematic Review.,https://pubmed.ncbi.nlm.nih.gov/36767440/,revue/cancer/2023_36767440_in-vivo-studies-on-radiofrequency-100-khz-300-ghz.md
34882171,10.1001/jamaoncol.2021.5964,2022,revue,cancer,genotoxicite_epigenetique,JAMA oncology,Radiofrequency Radiation and Cancer: A Review.,https://pubmed.ncbi.nlm.nih.gov/34882171/,revue/cancer/2022_34882171_radiofrequency-radiation-and-cancer-a-review.md
35091376,10.1016/j.envint.2022.107106,2022,revue,cancer,,Environment international,Effects of radiofrequency electromagnetic fields (RF EMF) on cancer in laboratory animal studies.,https://pubmed.ncbi.nlm.nih.gov/35091376/,revue/cancer/2022_35091376_effects-of-radiofrequency-electromagnetic-fields-r.md
35172887,10.1186/s13643-022-01898-4,2022,revue,cancer,,,Protocol for a systematic review of the in vivo studies on radiofrequency (100 kHz-300 GHz) electromagnetic field exposure and cancer.,https://pubmed.ncbi.nlm.nih.gov/35172887/,revue/cancer/2022_35172887_protocol-for-a-systematic-review-of-the-in-vivo-st.md
35626018,10.3390/cancers14102412,2022,revue,cancer,,Cancers,Epidemiology of Glioblastoma Multiforme-Literature Review.,https://pubmed.ncbi.nlm.nih.gov/35626018/,revue/cancer/2022_35626018_epidemiology-of-glioblastoma-multiforme-literature.md
33262809,10.3892/etm.2020.9455,2021,revue,cancer,,Experimental and therapeutic medicine,Exposure to radiofrequency radiation increases the risk of breast cancer: A systematic review and meta-analysis.,https://pubmed.ncbi.nlm.nih.gov/33262809/,revue/cancer/2021_33262809_exposure-to-radiofrequency-radiation-increases-the.md
34433115,10.1016/j.envint.2021.106828,2021,revue,cancer,neurodeveloppement,Environment international,The effect of exposure to radiofrequency fields on cancer risk in the general and working population: A protocol for a systematic review of human observational studies.,https://pubmed.ncbi.nlm.nih.gov/34433115/,revue/cancer/2021_34433115_the-effect-of-exposure-to-radiofrequency-fields-on.md
32906644,10.3390/bios10090115,2020,revue,cancer,,Biosensors,Printed Electrodes in Microfluidic Arrays for Cancer Biomarker Protein Detection.,https://pubmed.ncbi.nlm.nih.gov/32906644/,revue/cancer/2020_32906644_printed-electrodes-in-microfluidic-arrays-for-canc.md
30801980,10.1111/bcpt.13215,2019,revue,cancer,neurodeveloppement;dosimetrie_exposition,Basic & clinical pharmacology & toxicology,The carcinogenic potential of non-ionizing radiations: The cases of S-50 Hz MF and 1.8 GHz GSM radiofrequency radiation.,https://pubmed.ncbi.nlm.nih.gov/30801980/,revue/cancer/2019_30801980_the-carcinogenic-potential-of-non-ionizing-radiati.md
28472042,10.1371/journal.pone.0175136,2017,revue,cancer,,PloS one,Mobile phone use and glioma risk: A systematic review and meta-analysis.,https://pubmed.ncbi.nlm.nih.gov/28472042/,revue/cancer/2017_28472042_mobile-phone-use-and-glioma-risk-a-systematic-revi.md
28656257,10.3892/ijo.2017.4046,2017,revue,cancer,thermique;dosimetrie_exposition,International journal of oncology,"World Health Organization, radiofrequency radiation and health - a hard nut to crack (Review).",https://pubmed.ncbi.nlm.nih.gov/28656257/,revue/cancer/2017_28656257_world-health-organization-radiofrequency-radiation.md
29276705,10.3389/fpubh.2017.00328,2017,revue,cancer,,Frontiers in public health,Are Exposures to Multiple Frequencies the Key to Future Radiofrequency Research?,https://pubmed.ncbi.nlm.nih.gov/29276705/,revue/cancer/2017_29276705_are-exposures-to-multiple-frequencies-the-key-to-f.md
27390472,10.4103/0019-5278.183827,2016,revue,cancer,,,Mobile phone use and possible cancer risk: Current perspectives in India.,https://pubmed.ncbi.nlm.nih.gov/27390472/,revue/cancer/2016_27390472_mobile-phone-use-and-possible-cancer-risk-current.md
18763539,10.1515/reveh.2008.23.2.91,2008,revue,cancer,neurodeveloppement,Reviews on environmental health,Setting prudent public health policy for electromagnetic field exposures.,https://pubmed.ncbi.nlm.nih.gov/18763539/,revue/cancer/2008_18763539_setting-prudent-public-health-policy-for-electroma.md
18927133,10.1093/rpd/ncn270,2008,revue,cancer,neurodeveloppement,Radiation protection dosimetry,Exposure to electromagnetic fields and the risk of childhood leukaemia: a review.,https://pubmed.ncbi.nlm.nih.gov/18927133/,revue/cancer/2008_18927133_exposure-to-electromagnetic-fields-and-the-risk-of.md
PMC7122069,,2007,revue,cancer,dosimetrie_exposition,,Cytogenetic and Carcinogenic Effects of Exposure to Radiofrequency Radiation,,revue/cancer/2007_PMC7122069_cytogenetic-and-carcinogenic-effects-of-exposure-t.md
15579422,10.1289/ehp.7306,2004,revue,cancer,neurodeveloppement;reproduction,Environmental health perspectives,Epidemiology of health effects of radiofrequency exposure.,https://pubmed.ncbi.nlm.nih.gov/15579422/,revue/cancer/2004_15579422_epidemiology-of-health-effects-of-radiofrequency-e.md
9974224,10.1080/08327823.1998.11688382,1998,revue,cancer,reproduction,The Journal of microwave power and electromagnetic energy : a publication of the International Microwave Power Institute,Health effects of microwave exposures: a review of the recent (1995-1998) literature.,https://pubmed.ncbi.nlm.nih.gov/9974224/,revue/cancer/1998_9974224_health-effects-of-microwave-exposures-a-review-of.md
9467083,10.1289/ehp.97105s61565,1997,revue,cancer,neurodeveloppement,Environmental health perspectives,Radiofrequency field exposure and cancer: what do the laboratory studies suggest?,https://pubmed.ncbi.nlm.nih.gov/9467083/,revue/cancer/1997_9467083_radiofrequency-field-exposure-and-cancer-what-do-t.md
3293767,,1988,revue,cancer,thermique,Cancer biochemistry biophysics,Electromagnetic-field exposure and cancer.,https://pubmed.ncbi.nlm.nih.gov/3293767/,revue/cancer/1988_3293767_electromagnetic-field-exposure-and-cancer.md
3546635,,1987,revue,cancer,neurodeveloppement,Journal of occupational medicine. : official publication of the Industrial Medical Association,Leukemia and occupational exposure to electromagnetic fields: review of epidemiologic surveys.,https://pubmed.ncbi.nlm.nih.gov/3546635/,revue/cancer/1987_3546635_leukemia-and-occupational-exposure-to-electromagne.md
42711184,10.1016/j.acra.2026.08.109,2026,revue,dosimetrie_exposition,,Academic radiology,Are Radiology Departments Ready for the Current Underlying Obesity Pandemic? A Narrative Review.,https://pubmed.ncbi.nlm.nih.gov/42711184/,revue/dosimetrie_exposition/2026_42711184_are-radiology-departments-ready-for-the-current-un.md
40761932,10.3389/fpubh.2025.1619781,2025,revue,dosimetrie_exposition,,,Health and safety practices and policies concerning human exposure to RF/microwave radiation.,https://pubmed.ncbi.nlm.nih.gov/40761932/,revue/dosimetrie_exposition/2025_40761932_health-and-safety-practices-and-policies-concernin.md
41487623,10.3389/fpubh.2025.1677583,2025,revue,dosimetrie_exposition,neurodeveloppement,,U.S. policy on wireless technologies and public health protection: regulatory gaps and proposed reforms.,https://pubmed.ncbi.nlm.nih.gov/41487623/,revue/dosimetrie_exposition/2025_41487623_u-s-policy-on-wireless-technologies-and-public-hea.md
36460078,10.1016/j.envres.2022.114979,2023,revue,dosimetrie_exposition,,Environmental research,Measurement studies of personal exposure to radiofrequency electromagnetic fields: A systematic review.,https://pubmed.ncbi.nlm.nih.gov/36460078/,revue/dosimetrie_exposition/2023_36460078_measurement-studies-of-personal-exposure-to-radiof.md
34789598,10.2486/indhealth.2021-0129,2022,revue,dosimetrie_exposition,neuro_comportement_cognition;thermique,Industrial health,Occupational exposure to radiofrequency electromagnetic fields.,https://pubmed.ncbi.nlm.nih.gov/34789598/,revue/dosimetrie_exposition/2022_34789598_occupational-exposure-to-radiofrequency-electromag.md
35438055,10.1080/15368378.2022.2065683,2022,revue,dosimetrie_exposition,,Electromagnetic biology and medicine,"The roles of intensity, exposure duration, and modulation on the biological effects of radiofrequency radiation and exposure guidelines.",https://pubmed.ncbi.nlm.nih.gov/35438055/,revue/dosimetrie_exposition/2022_35438055_the-roles-of-intensity-exposure-duration-and-modul.md
35757616,10.3389/fpubh.2022.875946,2022,revue,dosimetrie_exposition,,Frontiers in public health,Protection of Workers Exposed to Radiofrequency Electromagnetic Fields: A Perspective on Open Questions in the Context of the New ICNIRP 2020 Guidelines.,https://pubmed.ncbi.nlm.nih.gov/35757616/,revue/dosimetrie_exposition/2022_35757616_protection-of-workers-exposed-to-radiofrequency-el.md
35843283,10.1016/j.envres.2022.113851,2022,revue,dosimetrie_exposition,,Environmental research,Evidence for a health risk by RF on humans living around mobile phone base stations: From radiofrequency sickness to cancer.,https://pubmed.ncbi.nlm.nih.gov/35843283/,revue/dosimetrie_exposition/2022_35843283_evidence-for-a-health-risk-by-rf-on-humans-living.md
33727686,10.1038/s41370-021-00307-7,2021,revue,dosimetrie_exposition,,Journal of exposure science & environmental epidemiology,Meta-analysis of in vitro and in vivo studies of the biological effects of low-level millimetre waves.,https://pubmed.ncbi.nlm.nih.gov/33727686/,revue/dosimetrie_exposition/2021_33727686_meta-analysis-of-in-vitro-and-in-vivo-studies-of-t.md
34573686,10.3390/ani11092721,2021,revue,dosimetrie_exposition,,,Tracking Devices for Pets: Health Risk Assessment for Exposure to Radiofrequency Electromagnetic Fields.,https://pubmed.ncbi.nlm.nih.gov/34573686/,revue/dosimetrie_exposition/2021_34573686_tracking-devices-for-pets-health-risk-assessment-f.md
27650031,10.1080/15368378.2016.1220389,2017,revue,dosimetrie_exposition,thermique,Electromagnetic biology and medicine,Review: Weak radiofrequency radiation exposure from mobile phone radiation on plants.,https://pubmed.ncbi.nlm.nih.gov/27650031/,revue/dosimetrie_exposition/2017_27650031_review-weak-radiofrequency-radiation-exposure-from.md
26657246,10.1016/j.scitotenv.2015.11.009,2016,revue,dosimetrie_exposition,,The Science of the total environment,Mobile phone base stations and well-being--A meta-analysis.,https://pubmed.ncbi.nlm.nih.gov/26657246/,revue/dosimetrie_exposition/2016_26657246_mobile-phone-base-stations-and-well-being-a-meta-a.md
23570423,10.1080/15459624.2013.782203,2013,revue,dosimetrie_exposition,,Journal of occupational and environmental hygiene,Assessment of physiotherapists' occupational exposure to radiofrequency electromagnetic fields from shortwave and microwave diathermy devices: a literature review.,https://pubmed.ncbi.nlm.nih.gov/23570423/,revue/dosimetrie_exposition/2013_23570423_assessment-of-physiotherapists-occupational-exposu.md
19750093,10.1289/ehp.0900727,2009,revue,dosimetrie_exposition,,Environmental health perspectives,The precautionary principle in the context of mobile phone and base station radiofrequency exposures.,https://pubmed.ncbi.nlm.nih.gov/19750093/,revue/dosimetrie_exposition/2009_19750093_the-precautionary-principle-in-the-context-of-mobi.md
18359015,10.1016/j.envres.2008.02.003,2008,revue,dosimetrie_exposition,,Environmental research,Radiofrequency electromagnetic field exposure and non-specific symptoms of ill health: a systematic review.,https://pubmed.ncbi.nlm.nih.gov/18359015/,revue/dosimetrie_exposition/2008_18359015_radiofrequency-electromagnetic-field-exposure-and.md
17431492,10.1289/ehp.9633,2007,revue,dosimetrie_exposition,,Environmental health perspectives,Workgroup report: base stations and wireless networks-radiofrequency (RF) exposures and health consequences.,https://pubmed.ncbi.nlm.nih.gov/17431492/,revue/dosimetrie_exposition/2007_17431492_workgroup-report-base-stations-and-wireless-networ.md
42181203,10.3389/fendo.2026.1813234,2026,revue,eeg_sommeil,stress_oxydatif;neurodeveloppement;reproduction,,"Non-chemical, chemical, and biochemical, endocrine disruptors: biphasic health effects and pathophysiological insights.",https://pubmed.ncbi.nlm.nih.gov/42181203/,revue/eeg_sommeil/2026_42181203_non-chemical-chemical-and-biochemical-endocrine-di.md
39672328,10.1016/j.bj.2024.100824,2025,revue,eeg_sommeil,,,"Effects of light, electromagnetic fields and water on biological rhythms.",https://pubmed.ncbi.nlm.nih.gov/39672328/,revue/eeg_sommeil/2025_39672328_effects-of-light-electromagnetic-fields-and-water.md
39995082,10.1002/ame2.12552,2025,revue,eeg_sommeil,stress_oxydatif;reproduction;apoptose_mitochondrie,,The protective effects of melatonin against electromagnetic waves of cell phones in animal models: A systematic review.,https://pubmed.ncbi.nlm.nih.gov/39995082/,revue/eeg_sommeil/2025_39995082_the-protective-effects-of-melatonin-against-electr.md
38640611,10.1016/j.envint.2024.108612,2024,revue,eeg_sommeil,,Environment international,The effects of radiofrequency electromagnetic fields exposure on human self-reported symptoms: A systematic review of human experimental studies.,https://pubmed.ncbi.nlm.nih.gov/38640611/,revue/eeg_sommeil/2024_38640611_the-effects-of-radiofrequency-electromagnetic-fiel.md
34635042,10.2174/1570159x19666210609163946,2022,revue,eeg_sommeil,stress_oxydatif,,Melatonin: a Potential Shield against Electromagnetic Waves.,https://pubmed.ncbi.nlm.nih.gov/34635042/,revue/eeg_sommeil/2022_34635042_melatonin-a-potential-shield-against-electromagnet.md
34735955,10.1016/j.envint.2021.106953,2022,revue,eeg_sommeil,,Environment international,The effects of radiofrequency electromagnetic fields exposure on human self-reported symptoms: A protocol for a systematic review of human experimental studies.,https://pubmed.ncbi.nlm.nih.gov/34735955/,revue/eeg_sommeil/2022_34735955_the-effects-of-radiofrequency-electromagnetic-fiel.md
34180044,10.1111/ane.13492,2021,revue,eeg_sommeil,,Acta neurologica Scandinavica,Smart devices/mobile phone in patients with epilepsy? A systematic review.,https://pubmed.ncbi.nlm.nih.gov/34180044/,revue/eeg_sommeil/2021_34180044_smart-devices-mobile-phone-in-patients-with-epilep.md
34497578,10.3389/fneur.2021.713794,2021,revue,eeg_sommeil,neuro_comportement_cognition,Frontiers in neurology,Seizure Forecasting Using a Novel Sub-Scalp Ultra-Long Term EEG Monitoring System.,https://pubmed.ncbi.nlm.nih.gov/34497578/,revue/eeg_sommeil/2021_34497578_seizure-forecasting-using-a-novel-sub-scalp-ultra.md
34500362,10.1016/j.envint.2021.106852,2021,revue,eeg_sommeil,,Environment international,"The effects of radiofrequency electromagnetic fields exposure on tinnitus, migraine and non-specific symptoms in the general and working population: A protocol for a systematic review on human observational studies.",https://pubmed.ncbi.nlm.nih.gov/34500362/,revue/eeg_sommeil/2021_34500362_the-effects-of-radiofrequency-electromagnetic-fiel.md
24206915,10.5732/cjc.013.10177,2013,revue,eeg_sommeil,cancer,Chinese journal of cancer,Targeted treatment of cancer with radiofrequency electromagnetic fields amplitude-modulated at tumor-specific frequencies.,https://pubmed.ncbi.nlm.nih.gov/24206915/,revue/eeg_sommeil/2013_24206915_targeted-treatment-of-cancer-with-radiofrequency-e.md
20183535,10.1080/10937400903458940,2009,revue,eeg_sommeil,neurodeveloppement;neuro_comportement_cognition,"Journal of toxicology and environmental health. Part B, Critical reviews",Effects of radiofrequency electromagnetic fields on the human nervous system.,https://pubmed.ncbi.nlm.nih.gov/20183535/,revue/eeg_sommeil/2009_20183535_effects-of-radiofrequency-electromagnetic-fields-o.md
8098713,10.1002/jcb.2400510403,1993,revue,eeg_sommeil,plasticite_synaptique,Journal of cellular biochemistry,Static and extremely low frequency electromagnetic field exposure: reported effects on the circadian production of melatonin.,https://pubmed.ncbi.nlm.nih.gov/8098713/,revue/eeg_sommeil/1993_8098713_static-and-extremely-low-frequency-electromagnetic.md
2677573,10.1016/0024-3205(89)90018-0,1989,revue,eeg_sommeil,neuro_comportement_cognition,Life sciences,Neuroendocrine mediated effects of electromagnetic-field exposure: possible role of the pineal gland.,https://pubmed.ncbi.nlm.nih.gov/2677573/,revue/eeg_sommeil/1989_2677573_neuroendocrine-mediated-effects-of-electromagnetic.md
41349167,10.1016/j.radi.2025.103259,2026,revue,general,,"Radiography (London, England : 1995)",Technical performance of dual-energy CT in the evaluation of hypovascular liver metastases: A systematic review and meta-analysis.,https://pubmed.ncbi.nlm.nih.gov/41349167/,revue/general/2026_41349167_technical-performance-of-dual-energy-ct-in-the-eva.md
41405692,10.1007/s00330-025-12191-y,2026,revue,general,,European radiology,"Replacing true non-contrast imaging with DECT in GI bleeding demonstrates non-inferior diagnostic performance, reading time and confidence.",https://pubmed.ncbi.nlm.nih.gov/41405692/,revue/general/2026_41405692_replacing-true-non-contrast-imaging-with-dect-in-g.md
41600235,10.3390/s26020440,2026,revue,general,,,Next-Generation Biomedical Microwave Antennas: Metamaterial Design and Advanced Printing Manufacturing Techniques.,https://pubmed.ncbi.nlm.nih.gov/41600235/,revue/general/2026_41600235_next-generation-biomedical-microwave-antennas-meta.md
41600329,10.3390/s26020533,2026,revue,general,,,Low-Cost Sensors in 5G RF-EMF Exposure Monitoring: Validity and Challenges.,https://pubmed.ncbi.nlm.nih.gov/41600329/,revue/general/2026_41600329_low-cost-sensors-in-5g-rf-emf-exposure-monitoring.md
41645804,10.1002/jum.70195,2026,revue,general,,Journal of ultrasound in medicine : official journal of the American Institute of Ultrasound in Medicine,The Evolving Role of Musculoskeletal Ultrasound in Gout: From Diagnosis to Management-A Narrative Review.,https://pubmed.ncbi.nlm.nih.gov/41645804/,revue/general/2026_41645804_the-evolving-role-of-musculoskeletal-ultrasound-in.md
41670887,10.1007/s11547-026-02180-6,2026,revue,general,,La Radiologia medica,Diagnostic accuracy of dual-energy CT in distinguishing intracerebral hemorrhage from contrast staining: a systematic review and meta-analysis with radiation dose assessment.,https://pubmed.ncbi.nlm.nih.gov/41670887/,revue/general/2026_41670887_diagnostic-accuracy-of-dual-energy-ct-in-distingui.md
41815530,10.34133/research.1101,2026,revue,general,,,Textile Radio-Frequency Active Devices and Systems: Wireless Communication and Energy Harvesting.,https://pubmed.ncbi.nlm.nih.gov/41815530/,revue/general/2026_41815530_textile-radio-frequency-active-devices-and-systems.md
41816397,10.21037/jtd-2025-1-2449,2026,revue,general,,,Application of dual-energy computed tomography combined with radiomics in the clinical diagnosis of lung cancer: a systematic review and meta-analysis.,https://pubmed.ncbi.nlm.nih.gov/41816397/,revue/general/2026_41816397_application-of-dual-energy-computed-tomography-com.md
41962419,10.1016/j.jcrc.2026.155589,2026,revue,general,,,Dual-energy and photon-counting computed tomography in critical care.,https://pubmed.ncbi.nlm.nih.gov/41962419/,revue/general/2026_41962419_dual-energy-and-photon-counting-computed-tomograph.md
41999439,10.1007/s40618-026-02810-w,2026,revue,general,,Journal of endocrinological investigation,"""One-stop-shop"" medical imaging for osteoporosis and obese patients: a narrative review.",https://pubmed.ncbi.nlm.nih.gov/41999439/,revue/general/2026_41999439_one-stop-shop-medical-imaging-for-osteoporosis-and.md
42019412,10.1016/j.bioorg.2026.109879,2026,revue,general,,,Green and sustainable approaches towards synthesis of anticancer bioheterocycles via microwave irradiation.,https://pubmed.ncbi.nlm.nih.gov/42019412/,revue/general/2026_42019412_green-and-sustainable-approaches-towards-synthesis.md
42123069,10.3390/jcm15093337,2026,revue,general,,,Diagnostic Accuracy of Dual Energy CT for Bone Marrow Edema of the Sacroiliac Joints Compared with MRI: A Systematic Review.,https://pubmed.ncbi.nlm.nih.gov/42123069/,revue/general/2026_42123069_diagnostic-accuracy-of-dual-energy-ct-for-bone-mar.md
42169252,10.1111/1754-9485.70126,2026,revue,general,,,Contrast-Induced Encephalopathy Following Elective Endovascular Aneurysm Treatment: The Role of Dual-Energy CT and Correlation With Delphi Diagnostic Criteria.,https://pubmed.ncbi.nlm.nih.gov/42169252/,revue/general/2026_42169252_contrast-induced-encephalopathy-following-elective.md
42190485,10.1016/j.semarthrit.2026.153000,2026,revue,general,,,Tophus measurement as an outcome measure in gout: an updated systematic literature review.,https://pubmed.ncbi.nlm.nih.gov/42190485/,revue/general/2026_42190485_tophus-measurement-as-an-outcome-measure-in-gout-a.md
42194874,10.3390/jcm15103915,2026,revue,general,,Journal of clinical medicine,CT of Soft Tissue Infections: Current and Future Perspectives from Diagnosis to Treatment.,https://pubmed.ncbi.nlm.nih.gov/42194874/,revue/general/2026_42194874_ct-of-soft-tissue-infections-current-and-future-pe.md
42292682,10.31661/jbpe.v0i0.2405-1770,2026,revue,general,,,Bacterial Adaptation to Radiofrequency Electromagnetic Fields Based on Experiences from Ionizing Radiation.,https://pubmed.ncbi.nlm.nih.gov/42292682/,revue/general/2026_42292682_bacterial-adaptation-to-radiofrequency-electromagn.md
42348107,10.1007/s10140-026-02512-z,2026,revue,general,,Emergency radiology,"CT in adult patients with Polytrauma: current practices, protocol optimization, structured reporting and future directions.",https://pubmed.ncbi.nlm.nih.gov/42348107/,revue/general/2026_42348107_ct-in-adult-patients-with-polytrauma-current-pract.md
42406136,10.1007/s00296-026-06223-z,2026,revue,general,,,Axial gout diagnosed by dual-energy CT in a young normouricaemic man with recurrent nephrolithiasis: a case-based review.,https://pubmed.ncbi.nlm.nih.gov/42406136/,revue/general/2026_42406136_axial-gout-diagnosed-by-dual-energy-ct-in-a-young.md
42525727,10.1126/scirobotics.aej8562,2026,revue,general,,,Toward measurement of muscle forces during movement.,https://pubmed.ncbi.nlm.nih.gov/42525727/,revue/general/2026_42525727_toward-measurement-of-muscle-forces-during-movemen.md
42667564,10.1007/s11604-026-02069-4,2026,revue,general,,,What you don't see matters: dual-energy CT in emergency radiology.,https://pubmed.ncbi.nlm.nih.gov/42667564/,revue/general/2026_42667564_what-you-don-t-see-matters-dual-energy-ct-in-emerg.md
42730093,10.7759/cureus.114429,2026,revue,general,,,Impacts of Geomagnetic and Man-Made Electromagnetic Fields on Heart Rate and Its Variability in Healthy Adults: A Scoping Review.,https://pubmed.ncbi.nlm.nih.gov/42730093/,revue/general/2026_42730093_impacts-of-geomagnetic-and-man-made-electromagneti.md
PPR1173925,10.21203/rs.3.rs-8907954/v1,2026,revue,general,,,DECT Diagnosis of Gouty Tophi with Normal Uric Acid: A Case Report,https://doi.org/10.21203/rs.3.rs-8907954/v1,revue/general/2026_PPR1173925_dect-diagnosis-of-gouty-tophi-with-normal-uric-aci.md
PPR1305059,10.14293/pr2199.004305.v1,2026,revue,general,,,"Autonomous Rescue Robots for Post-Disaster Search, Navigation, and Victim Assistance",https://doi.org/10.14293/pr2199.004305.v1,revue/general/2026_PPR1305059_autonomous-rescue-robots-for-post-disaster-search.md
39652433,10.1080/09553002.2024.2435329,2025,revue,general,,,A mechanistic understanding of human magnetoreception validates the phenomenon of electromagnetic hypersensitivity (EHS).,https://pubmed.ncbi.nlm.nih.gov/39652433/,revue/general/2025_39652433_a-mechanistic-understanding-of-human-magnetorecept.md
40295166,10.1111/ceo.14535,2025,revue,general,,Clinical & experimental ophthalmology,Presbyopia Correction in Lens Replacement Surgery: A Review.,https://pubmed.ncbi.nlm.nih.gov/40295166/,revue/general/2025_40295166_presbyopia-correction-in-lens-replacement-surgery.md
40444172,10.1177/11786302251342972,2025,revue,general,,,A Mini-Review of the Potential Health Impacts of Indoor Radiation Exposure in Companion Animals.,https://pubmed.ncbi.nlm.nih.gov/40444172/,revue/general/2025_40444172_a-mini-review-of-the-potential-health-impacts-of-i.md
40755938,10.21037/mhealth-25-4,2025,revue,general,,,Pilot questionnaire survey shows the lack of diagnostic criteria for electromagnetic hypersensitivity: a viewpoint.,https://pubmed.ncbi.nlm.nih.gov/40755938/,revue/general/2025_40755938_pilot-questionnaire-survey-shows-the-lack-of-diagn.md
41185647,10.1093/bjro/tzaf025,2025,revue,general,,BJR open,The role of musculoskeletal radiologists in emergency and trauma settings: current and emerging imaging modalities.,https://pubmed.ncbi.nlm.nih.gov/41185647/,revue/general/2025_41185647_the-role-of-musculoskeletal-radiologists-in-emerge.md
41227584,10.3390/foods14213612,2025,revue,general,,,The Role of Nonconventional Technologies in the Extraction Enhancement and Technofunctionality of Alternative Proteins from Sustainable Sources.,https://pubmed.ncbi.nlm.nih.gov/41227584/,revue/general/2025_41227584_the-role-of-nonconventional-technologies-in-the-ex.md
41304937,10.3390/ph18111692,2025,revue,general,,,Microwave-Assisted Organic Synthesis: An Eco-Friendly Method of Green Chemistry.,https://pubmed.ncbi.nlm.nih.gov/41304937/,revue/general/2025_41304937_microwave-assisted-organic-synthesis-an-eco-friend.md
41358243,10.3389/fpubh.2025.1693873,2025,revue,general,,,Flora and fauna: how nonhuman species interact with natural and man-made EMF at ecosystem levels and public policy recommendations.,https://pubmed.ncbi.nlm.nih.gov/41358243/,revue/general/2025_41358243_flora-and-fauna-how-nonhuman-species-interact-with.md
41789182,10.3389/fmed.2025.1736860,2025,revue,general,,Frontiers in medicine,Diagnostic performance of dual-energy CT for differentiating acute intracranial hemorrhage from contrast staining: a systematic review and meta-analysis.,https://pubmed.ncbi.nlm.nih.gov/41789182/,revue/general/2025_41789182_diagnostic-performance-of-dual-energy-ct-for-diffe.md
38433903,10.1016/j.isci.2024.109201,2024,revue,general,,,Interactions between electromagnetic radiation and biological systems.,https://pubmed.ncbi.nlm.nih.gov/38433903/,revue/general/2024_38433903_interactions-between-electromagnetic-radiation-and.md
39105157,10.1155/2024/3801604,2024,revue,general,,,Thermal and Nonthermal Effects of 5 G Radio-Waves on Human's Tissue.,https://pubmed.ncbi.nlm.nih.gov/39105157/,revue/general/2024_39105157_thermal-and-nonthermal-effects-of-5-g-radio-waves.md
39539656,10.3389/fneur.2024.1462414,2024,revue,general,,,The role of digital device use on the risk of migraine: a univariable and multivariable Mendelian randomization study.,https://pubmed.ncbi.nlm.nih.gov/39539656/,revue/general/2024_39539656_the-role-of-digital-device-use-on-the-risk-of-migr.md
37048013,10.3390/ijerph20075398,2023,revue,general,,,Cell Phone Radiation Exposure Limits and Engineering Solutions.,https://pubmed.ncbi.nlm.nih.gov/37048013/,revue/general/2023_37048013_cell-phone-radiation-exposure-limits-and-engineeri.md
37404215,10.5152/FNJN.2023.22218,2023,revue,general,,Florence Nightingale journal of nursing,The Effect of Mobile Phone-Based Interventions on Blood Pressure in Stroke Patients: A Systematic Review of Randomized Controlled Trials.,https://pubmed.ncbi.nlm.nih.gov/37404215/,revue/general/2023_37404215_the-effect-of-mobile-phone-based-interventions-on.md
35055741,10.3390/ijerph19020920,2022,revue,general,,,Exposure Assessment to Radiofrequency Electromagnetic Fields in Occupational Military Scenarios: A Review.,https://pubmed.ncbi.nlm.nih.gov/35055741/,revue/general/2022_35055741_exposure-assessment-to-radiofrequency-electromagne.md
35658679,10.1098/rsta.2021.0020,2022,revue,general,,"Philosophical transactions. Series A, Mathematical, physical, and engineering sciences",Wireless interfaces for brain neurotechnologies.,https://pubmed.ncbi.nlm.nih.gov/35658679/,revue/general/2022_35658679_wireless-interfaces-for-brain-neurotechnologies.md
35737222,10.1007/s13246-022-01146-y,2022,revue,general,,Physical and engineering sciences in medicine,Instruments to measure environmental and personal radiofrequency-electromagnetic field exposures: an update.,https://pubmed.ncbi.nlm.nih.gov/35737222/,revue/general/2022_35737222_instruments-to-measure-environmental-and-personal.md
33767767,10.3892/etm.2021.9903,2021,revue,general,,Experimental and therapeutic medicine,Exposure to radiofrequency radiation increases the risk of breast cancer: A systematic review and meta-analysis.,https://pubmed.ncbi.nlm.nih.gov/33767767/,revue/general/2021_33767767_exposure-to-radiofrequency-radiation-increases-the.md
32429375,10.3390/s20102833,2020,revue,general,,"Sensors (Basel, Switzerland)",Feasibility of a Wearable Reflectometric System for Sensing Skin Hydration.,https://pubmed.ncbi.nlm.nih.gov/32429375/,revue/general/2020_32429375_feasibility-of-a-wearable-reflectometric-system-fo.md
30884917,10.3390/ijerph16060955,2019,revue,general,,International journal of environmental research and public health,Radio Frequency Electromagnetic Fields Exposure Assessment in Indoor Environments: A Review.,https://pubmed.ncbi.nlm.nih.gov/30884917/,revue/general/2019_30884917_radio-frequency-electromagnetic-fields-exposure-as.md
31202043,10.1016/j.envres.2019.05.048,2019,revue,general,,Environmental research,Public exposure to radiofrequency electromagnetic fields in everyday microenvironments: An updated systematic review for Europe.,https://pubmed.ncbi.nlm.nih.gov/31202043/,revue/general/2019_31202043_public-exposure-to-radiofrequency-electromagnetic.md
31492632,10.1016/S1470-2045(19)30336-5,2019,revue,general,,The Lancet. Oncology,2019 international clinical practice guidelines for the treatment and prophylaxis of venous thromboembolism in patients with cancer.,https://pubmed.ncbi.nlm.nih.gov/31492632/,revue/general/2019_31492632_2019-international-clinical-practice-guidelines-fo.md
31659885,10.19191/EP19.5-6.P374.107,2019,revue,general,,Epidemiologia e prevenzione,"[Radiofrequency electromagnetic fields, mobile phones, and health effects: where are we now?].",https://pubmed.ncbi.nlm.nih.gov/31659885/,revue/general/2019_31659885_radiofrequency-electromagnetic-fields-mobile-phone.md
28766560,10.1038/jes.2017.13,2018,revue,general,,Journal of exposure science & environmental epidemiology,Radiofrequency electromagnetic field exposure in everyday microenvironments in Europe: A systematic literature review.,https://pubmed.ncbi.nlm.nih.gov/28766560/,revue/general/2018_28766560_radiofrequency-electromagnetic-field-exposure-in-e.md
29655646,10.1016/j.envres.2018.01.016,2018,revue,general,,Environmental research,5 G wireless telecommunications expansion: Public health and environmental implications.,https://pubmed.ncbi.nlm.nih.gov/29655646/,revue/general/2018_29655646_5-g-wireless-telecommunications-expansion-public-h.md
24021427,10.1177/0748233713498444,2016,revue,general,,Toxicology and industrial health,Effects of electromagnetic field exposure on the heart: a systematic review.,https://pubmed.ncbi.nlm.nih.gov/24021427/,revue/general/2016_24021427_effects-of-electromagnetic-field-exposure-on-the-h.md
26602000,10.1016/j.bjorl.2015.04.013,2016,revue,general,,Brazilian journal of otorhinolaryngology,Tinnitus and cell phones: the role of electromagnetic radiofrequency radiation.,https://pubmed.ncbi.nlm.nih.gov/26602000/,revue/general/2016_26602000_tinnitus-and-cell-phones-the-role-of-electromagnet.md
26684750,10.1007/s13246-015-0412-z,2016,revue,general,,Australasian physical & engineering sciences in medicine,Instruments to assess and measure personal and environmental radiofrequency-electromagnetic field exposures.,https://pubmed.ncbi.nlm.nih.gov/26684750/,revue/general/2016_26684750_instruments-to-assess-and-measure-personal-and-env.md
27356850,10.1016/j.envint.2016.06.023,2016,revue,general,,Environment international,Lessons learnt on biases and uncertainties in personal exposure measurement surveys of radiofrequency electromagnetic fields with exposimeters.,https://pubmed.ncbi.nlm.nih.gov/27356850/,revue/general/2016_27356850_lessons-learnt-on-biases-and-uncertainties-in-pers.md
24772662,,2013,revue,general,,IARC monographs on the evaluation of carcinogenic risks to humans,"Non-ionizing radiation, Part 2: Radiofrequency electromagnetic fields.",https://pubmed.ncbi.nlm.nih.gov/24772662/,revue/general/2013_24772662_non-ionizing-radiation-part-2-radiofrequency-elect.md
19264463,10.1016/j.pathophys.2009.01.007,2009,revue,general,,Pathophysiology : the official journal of the International Society for Pathophysiology,Electromagnetic pollution from phone masts. Effects on wildlife.,https://pubmed.ncbi.nlm.nih.gov/19264463/,revue/general/2009_19264463_electromagnetic-pollution-from-phone-masts-effects.md
16099687,10.1016/j.acra.2005.05.023,2005,revue,general,,Academic radiology,Impact of electromagnetic field exposure limits in Europe: is the future of interventional MRI safe?,https://pubmed.ncbi.nlm.nih.gov/16099687/,revue/general/2005_16099687_impact-of-electromagnetic-field-exposure-limits-in.md
16249596,10.1259/bjr/21943393,2005,revue,general,,The British journal of radiology,Electromagnetic field exposure limitation and the future of MRI.,https://pubmed.ncbi.nlm.nih.gov/16249596/,revue/general/2005_16249596_electromagnetic-field-exposure-limitation-and-the.md
12492377,10.1667/0033-7587(2003)159[0128:eottpp]2.0.co;2,2003,revue,general,,Radiation research,Environmental objections to the PAVE PAWS radar system: a scientific review.,https://pubmed.ncbi.nlm.nih.gov/12492377/,revue/general/2003_12492377_environmental-objections-to-the-pave-paws-radar-sy.md
12637597,10.1093/occmed/kqg030,2003,revue,general,,"Occupational medicine (Oxford, England)",Neurological effects of radiofrequency radiation.,https://pubmed.ncbi.nlm.nih.gov/12637597/,revue/general/2003_12637597_neurological-effects-of-radiofrequency-radiation.md
9525427,,1998,revue,general,,Health physics,"Guidelines for limiting exposure to time-varying electric, magnetic, and electromagnetic fields (up to 300 GHz). International Commission on Non-Ionizing Radiation Protection.",https://pubmed.ncbi.nlm.nih.gov/9525427/,revue/general/1998_9525427_guidelines-for-limiting-exposure-to-time-varying-e.md
9754855,10.5271/sjweh.317,1998,revue,general,,"Scandinavian journal of work, environment & health",Biological effects of amplitude-modulated radiofrequency radiation.,https://pubmed.ncbi.nlm.nih.gov/9754855/,revue/general/1998_9754855_biological-effects-of-amplitude-modulated-radiofre.md
9358928,10.1002/(sici)1097-0274(199712)32:6<689::aid-ajim17>3.0.co;2-y,1997,revue,general,,American journal of industrial medicine,TV broadcast towers and cancer: the end of innocence for radiofrequency exposures.,https://pubmed.ncbi.nlm.nih.gov/9358928/,revue/general/1997_9358928_tv-broadcast-towers-and-cancer-the-end-of-innocenc.md
7814249,10.1097/00004032-199502000-00001,1995,revue,general,,Health physics,Present knowledge about specific absorption rates inside a human body exposed to radiofrequency electromagnetic fields.,https://pubmed.ncbi.nlm.nih.gov/7814249/,revue/general/1995_7814249_present-knowledge-about-specific-absorption-rates.md
8476743,10.1007/BF02691200,1993,revue,general,,Integrative physiological and behavioral science : the official journal of the Pavlovian Society,A review of neuroendocrine and neurochemical changes associated with static and extremely low frequency electromagnetic field exposure.,https://pubmed.ncbi.nlm.nih.gov/8476743/,revue/general/1993_8476743_a-review-of-neuroendocrine-and-neurochemical-chang.md
1589456,10.1088/0031-9155/37/4/001,1992,revue,general,,Physics in medicine and biology,"Non-ionizing radiation safety: radiofrequency radiation, electric and magnetic fields.",https://pubmed.ncbi.nlm.nih.gov/1589456/,revue/general/1992_1589456_non-ionizing-radiation-safety-radiofrequency-radia.md
2061047,10.1097/00004032-199107000-00001,1991,revue,general,,Health physics,Biological effects of radiofrequency radiation: concepts and criteria.,https://pubmed.ncbi.nlm.nih.gov/2061047/,revue/general/1991_2061047_biological-effects-of-radiofrequency-radiation-con.md
2286052,10.1088/0143-0815/11/4a/310,1990,revue,general,,"Clinical physics and physiological measurement : an official journal of the Hospital Physicists' Association, Deutsche Gesellschaft fur Medizinische Physik and the European Federation of Organisations for Medical Physics",Quantitative thermal imaging.,https://pubmed.ncbi.nlm.nih.gov/2286052/,revue/general/1990_2286052_quantitative-thermal-imaging.md
2651366,10.1097/00004032-198905000-00028,1989,revue,general,,Health physics,Damage criteria for determining microwave exposure.,https://pubmed.ncbi.nlm.nih.gov/2651366/,revue/general/1989_2651366_damage-criteria-for-determining-microwave-exposure.md
3077025,,1988,revue,general,,WHO regional publications. European series,Nonionizing radiation protection. Radiofrequency radiation.,https://pubmed.ncbi.nlm.nih.gov/3077025/,revue/general/1988_3077025_nonionizing-radiation-protection-radiofrequency-ra.md
41478346,10.1016/j.jormas.2025.102703,2026,revue,genotoxicite_epigenetique,stress_oxydatif;cancer,"Journal of stomatology, oral and maxillofacial surgery",Is it time to reconsider chronic electromagnetic field exposure as a possible risk factor in oral cancer?,https://pubmed.ncbi.nlm.nih.gov/41478346/,revue/genotoxicite_epigenetique/2026_41478346_is-it-time-to-reconsider-chronic-electromagnetic-f.md
41145349,10.1515/reveh-2025-0104,2025,revue,genotoxicite_epigenetique,apoptose_mitochondrie,,Radiofrequency radiation-induced gene expression.,https://pubmed.ncbi.nlm.nih.gov/41145349/,revue/genotoxicite_epigenetique/2025_41145349_radiofrequency-radiation-induced-gene-expression.md
39410093,10.3390/foods13193058,2024,revue,genotoxicite_epigenetique,stress_oxydatif,,A Review of Electromagnetic Fields in Cellular Interactions and Cacao Bean Fermentation.,https://pubmed.ncbi.nlm.nih.gov/39410093/,revue/genotoxicite_epigenetique/2024_39410093_a-review-of-electromagnetic-fields-in-cellular-int.md
39476595,10.1016/j.envint.2024.109104,2024,revue,genotoxicite_epigenetique,cancer,Environment international,Genotoxicity of radiofrequency electromagnetic fields on mammalian cells in vitro: A systematic review with narrative synthesis.,https://pubmed.ncbi.nlm.nih.gov/39476595/,revue/genotoxicite_epigenetique/2024_39476595_genotoxicity-of-radiofrequency-electromagnetic-fie.md
39601117,10.1002/em.22642,2024,revue,genotoxicite_epigenetique,cancer,Environmental and molecular mutagenesis,Hollaender award 2023: Adventures in applied genetic toxicology.,https://pubmed.ncbi.nlm.nih.gov/39601117/,revue/genotoxicite_epigenetique/2024_39601117_hollaender-award-2023-adventures-in-applied-geneti.md
36831261,10.3390/cells12040594,2023,revue,genotoxicite_epigenetique,reproduction;stress_oxydatif;neuro_comportement_cognition,,Genotoxic Risks to Male Reproductive Health from Radiofrequency Radiation.,https://pubmed.ncbi.nlm.nih.gov/36831261/,revue/genotoxicite_epigenetique/2023_36831261_genotoxic-risks-to-male-reproductive-health-from-r.md
33486297,10.1016/j.envint.2021.106386,2021,revue,genotoxicite_epigenetique,cancer,Environment international,Genotoxicity of radiofrequency electromagnetic fields: Protocol for a systematic review of in vitro studies.,https://pubmed.ncbi.nlm.nih.gov/33486297/,revue/genotoxicite_epigenetique/2021_33486297_genotoxicity-of-radiofrequency-electromagnetic-fie.md
33539186,10.1080/15368378.2021.1881866,2021,revue,genotoxicite_epigenetique,apoptose_mitochondrie;eeg_sommeil,Electromagnetic biology and medicine,Genetic effects of non-ionizing electromagnetic fields.,https://pubmed.ncbi.nlm.nih.gov/33539186/,revue/genotoxicite_epigenetique/2021_33539186_genetic-effects-of-non-ionizing-electromagnetic-fi.md
34567874,10.7759/cureus.17329,2021,revue,genotoxicite_epigenetique,,,An Exploration of the Effects of Radiofrequency Radiation Emitted by Mobile Phones and Extremely Low Frequency Radiation on Thyroid Hormones and Thyroid Gland Histopathology.,https://pubmed.ncbi.nlm.nih.gov/34567874/,revue/genotoxicite_epigenetique/2021_34567874_an-exploration-of-the-effects-of-radiofrequency-ra.md
23378005,10.1007/978-94-007-5896-4_6,2013,revue,genotoxicite_epigenetique,,Advances in experimental medicine and biology,Effects of radiofrequency-modulated electromagnetic fields on proteome.,https://pubmed.ncbi.nlm.nih.gov/23378005/,revue/genotoxicite_epigenetique/2013_23378005_effects-of-radiofrequency-modulated-electromagneti.md
19073278,10.1016/j.mrrev.2008.11.002,2009,revue,genotoxicite_epigenetique,,Mutation research,Genetic damage in subjects exposed to radiofrequency radiation.,https://pubmed.ncbi.nlm.nih.gov/19073278/,revue/genotoxicite_epigenetique/2009_19073278_genetic-damage-in-subjects-exposed-to-radiofrequen.md
19708776,10.1667/RR1726.1,2009,revue,genotoxicite_epigenetique,neuro_comportement_cognition;cancer,Radiation research,Radiofrequency radiation and gene/protein expression: a review.,https://pubmed.ncbi.nlm.nih.gov/19708776/,revue/genotoxicite_epigenetique/2009_19708776_radiofrequency-radiation-and-gene-protein-expressi.md
18494173,10.1667/rr0987.1,2008,revue,genotoxicite_epigenetique,dosimetrie_exposition,Radiation research,Genetic damage in mammalian somatic cells exposed to radiofrequency radiation: a meta-analysis of data from 63 publications (1990-2005).,https://pubmed.ncbi.nlm.nih.gov/18494173/,revue/genotoxicite_epigenetique/2008_18494173_genetic-damage-in-mammalian-somatic-cells-exposed.md
18795152,10.1289/ehp.11279,2008,revue,genotoxicite_epigenetique,,Environmental health perspectives,Gene and protein expression following exposure to radiofrequency fields from mobile phones.,https://pubmed.ncbi.nlm.nih.gov/18795152/,revue/genotoxicite_epigenetique/2008_18795152_gene-and-protein-expression-following-exposure-to.md
14628315,10.1002/bem.10176,2003,revue,genotoxicite_epigenetique,apoptose_mitochondrie;cancer,Bioelectromagnetics,"Radiofrequency exposure and mammalian cell toxicity, genotoxicity, and transformation.",https://pubmed.ncbi.nlm.nih.gov/14628315/,revue/genotoxicite_epigenetique/2003_14628315_radiofrequency-exposure-and-mammalian-cell-toxicit.md
9707093,10.1002/(sici)1098-2280(1998)32:1<1::aid-em1>3.0.co;2-q,1998,revue,genotoxicite_epigenetique,thermique,Environmental and molecular mutagenesis,Genotoxicity of radiofrequency radiation. DNA/Genetox Expert Panel.,https://pubmed.ncbi.nlm.nih.gov/9707093/,revue/genotoxicite_epigenetique/1998_9707093_genotoxicity-of-radiofrequency-radiation-dna-genet.md
8496241,10.1002/jcb.2400510401,1993,revue,genotoxicite_epigenetique,,Journal of cellular biochemistry,Effects of electromagnetic field exposure on gene transcription.,https://pubmed.ncbi.nlm.nih.gov/8496241/,revue/genotoxicite_epigenetique/1993_8496241_effects-of-electromagnetic-field-exposure-on-gene.md
41311192,10.1002/tcr.202500151,2026,revue,neuro_comportement_cognition,stress_oxydatif;apoptose_mitochondrie,"Chemical record (New York, N.Y.)",Thiazolotriazoles: Their Biological Activity and Structure-Activity Relationships.,https://pubmed.ncbi.nlm.nih.gov/41311192/,revue/neuro_comportement_cognition/2026_41311192_thiazolotriazoles-their-biological-activity-and-st.md
41561002,10.1039/d5ra08166a,2026,revue,neuro_comportement_cognition,,RSC advances,An overview on emerging green organic corrosion inhibitors: sustainable solution for oil and gas industrial applications.,https://pubmed.ncbi.nlm.nih.gov/41561002/,revue/neuro_comportement_cognition/2026_41561002_an-overview-on-emerging-green-organic-corrosion-in.md
41932003,10.1016/j.cryobiol.2026.105627,2026,revue,neuro_comportement_cognition,thermique,,Electric fields for warming cryopreserved tissue.,https://pubmed.ncbi.nlm.nih.gov/41932003/,revue/neuro_comportement_cognition/2026_41932003_electric-fields-for-warming-cryopreserved-tissue.md
42220131,10.2174/0113816128456160260522052912,2026,revue,neuro_comportement_cognition,stress_oxydatif,Current pharmaceutical design,From History to Innovation: Pathophysiology and the Evolving Landscape of Urolithiasis Diagnosis and Treatment.,https://pubmed.ncbi.nlm.nih.gov/42220131/,revue/neuro_comportement_cognition/2026_42220131_from-history-to-innovation-pathophysiology-and-the.md
42318412,10.3389/fmed.2026.1845195,2026,revue,neuro_comportement_cognition,cancer,,Research progress on the application of dual energy CT in gastric diseases.,https://pubmed.ncbi.nlm.nih.gov/42318412/,revue/neuro_comportement_cognition/2026_42318412_research-progress-on-the-application-of-dual-energ.md
42451259,10.3390/s26134015,2026,revue,neuro_comportement_cognition,,"Sensors (Basel, Switzerland)","Precision Livestock Farming and Biomedical Engineering: Assessing Feed Quality, Animal Health, and Behavior Using Machine Learning for Sensor Data.",https://pubmed.ncbi.nlm.nih.gov/42451259/,revue/neuro_comportement_cognition/2026_42451259_precision-livestock-farming-and-biomedical-enginee.md
40076887,10.3390/ijms26052268,2025,revue,neuro_comportement_cognition,eeg_sommeil,,Brain Disease-Modifying Effects of Radiofrequency as a Non-Contact Neuronal Stimulation Technology.,https://pubmed.ncbi.nlm.nih.gov/40076887/,revue/neuro_comportement_cognition/2025_40076887_brain-disease-modifying-effects-of-radiofrequency.md
41149527,10.3390/nano15201558,2025,revue,neuro_comportement_cognition,,,"Electromagnetic Interference in the Modern Era: Concerns, Trends, and Nanomaterial-Based Solutions.",https://pubmed.ncbi.nlm.nih.gov/41149527/,revue/neuro_comportement_cognition/2025_41149527_electromagnetic-interference-in-the-modern-era-con.md
38104437,10.1016/j.envint.2023.108338,2024,revue,neuro_comportement_cognition,eeg_sommeil,Environment international,"The effects of radiofrequency electromagnetic fields exposure on tinnitus, migraine and non-specific symptoms in the general and working population: A systematic review and meta-analysis on human observational studies.",https://pubmed.ncbi.nlm.nih.gov/38104437/,revue/neuro_comportement_cognition/2024_38104437_the-effects-of-radiofrequency-electromagnetic-fiel.md
38533994,10.1002/14651858.CD011851.pub3,2024,revue,neuro_comportement_cognition,,The Cochrane database of systematic reviews,Mobile phone text messaging for medication adherence in secondary prevention of cardiovascular disease.,https://pubmed.ncbi.nlm.nih.gov/38533994/,revue/neuro_comportement_cognition/2024_38533994_mobile-phone-text-messaging-for-medication-adheren.md
38817835,10.3389/fpsyg.2024.1391258,2024,revue,neuro_comportement_cognition,,Frontiers in psychology,The effects of mobile phone dependence on athletic performance and its mechanisms.,https://pubmed.ncbi.nlm.nih.gov/38817835/,revue/neuro_comportement_cognition/2024_38817835_the-effects-of-mobile-phone-dependence-on-athletic.md
38821015,10.1016/j.envint.2024.108779,2024,revue,neuro_comportement_cognition,neurodeveloppement,Environment international,The effects of radiofrequency exposure on cognition: A systematic review and meta-analysis of human observational studies.,https://pubmed.ncbi.nlm.nih.gov/38821015/,revue/neuro_comportement_cognition/2024_38821015_the-effects-of-radiofrequency-exposure-on-cognitio.md
39104617,10.34172/bi.2023.30064,2024,revue,neuro_comportement_cognition,stress_oxydatif;barriere_hemato_encephalique;plasticite_synaptique,,Unveiling the biological effects of radio-frequency and extremely-low frequency electromagnetic fields on the central nervous system performance.,https://pubmed.ncbi.nlm.nih.gov/39104617/,revue/neuro_comportement_cognition/2024_39104617_unveiling-the-biological-effects-of-radio-frequenc.md
39265322,10.1016/j.envint.2024.108899,2024,revue,neuro_comportement_cognition,dosimetrie_exposition,Environment international,The effect of exposure to radiofrequency electromagnetic fields on cognitive performance in human experimental studies: Systematic review and meta-analyses.,https://pubmed.ncbi.nlm.nih.gov/39265322/,revue/neuro_comportement_cognition/2024_39265322_the-effect-of-exposure-to-radiofrequency-electroma.md
39325510,10.2196/59876,2024,revue,neuro_comportement_cognition,eeg_sommeil,JMIR research protocols,Optimizing Detection and Prediction of Cognitive Function in Multiple Sclerosis With Ambulatory Cognitive Tests: Protocol for the Longitudinal Observational CogDetect-MS Study.,https://pubmed.ncbi.nlm.nih.gov/39325510/,revue/neuro_comportement_cognition/2024_39325510_optimizing-detection-and-prediction-of-cognitive-f.md
39413371,10.2196/50451,2024,revue,neuro_comportement_cognition,,JMIR dermatology,AI in Psoriatic Disease: Scoping Review.,https://pubmed.ncbi.nlm.nih.gov/39413371/,revue/neuro_comportement_cognition/2024_39413371_ai-in-psoriatic-disease-scoping-review.md
39640342,10.25259/sni_731_2024,2024,revue,neuro_comportement_cognition,stress_oxydatif;thermique,,"Microwave radiofrequencies, 5G, 6G, graphene nanomaterials: Technologies used in neurological warfare.",https://pubmed.ncbi.nlm.nih.gov/39640342/,revue/neuro_comportement_cognition/2024_39640342_microwave-radiofrequencies-5g-6g-graphene-nanomate.md
35238501,10.1515/reveh-2021-0169,2023,revue,neuro_comportement_cognition,,,"Electromagnetic hypersensitivity close to mobile phone base stations - a case study in Stockholm, Sweden.",https://pubmed.ncbi.nlm.nih.gov/35238501/,revue/neuro_comportement_cognition/2023_35238501_electromagnetic-hypersensitivity-close-to-mobile-p.md
38384281,10.1109/SMC53992.2023.10394274,2023,revue,neuro_comportement_cognition,eeg_sommeil,"Conference proceedings. IEEE International Conference on Systems, Man, and Cybernetics",MorpheusNet: Resource efficient sleep stage classifier for embedded on-line systems.,https://pubmed.ncbi.nlm.nih.gov/38384281/,revue/neuro_comportement_cognition/2023_38384281_morpheusnet-resource-efficient-sleep-stage-classif.md
34953282,10.1016/j.envint.2021.106972,2022,revue,neuro_comportement_cognition,neurodeveloppement,Environment international,The effect of long-term radiofrequency exposure on cognition in human observational studies: A protocol for a systematic review.,https://pubmed.ncbi.nlm.nih.gov/34953282/,revue/neuro_comportement_cognition/2022_34953282_the-effect-of-long-term-radiofrequency-exposure-on.md
36012552,10.3390/ijms23169288,2022,revue,neuro_comportement_cognition,dosimetrie_exposition,,"Microwave Radiation and the Brain: Mechanisms, Current Status, and Future Prospects.",https://pubmed.ncbi.nlm.nih.gov/36012552/,revue/neuro_comportement_cognition/2022_36012552_microwave-radiation-and-the-brain-mechanisms-curre.md
34333292,10.1016/j.envint.2021.106783,2021,revue,neuro_comportement_cognition,dosimetrie_exposition,Environment international,The effect of exposure to radiofrequency electromagnetic fields on cognitive performance in human experimental studies: A protocol for a systematic review.,https://pubmed.ncbi.nlm.nih.gov/34333292/,revue/neuro_comportement_cognition/2021_34333292_the-effect-of-exposure-to-radiofrequency-electroma.md
34402382,10.1080/09553002.2021.1969055,2021,revue,neuro_comportement_cognition,eeg_sommeil,International journal of radiation biology,Threshold of radiofrequency electromagnetic field effect on human brain.,https://pubmed.ncbi.nlm.nih.gov/34402382/,revue/neuro_comportement_cognition/2021_34402382_threshold-of-radiofrequency-electromagnetic-field.md
34485223,10.3389/fpubh.2021.691880,2021,revue,neuro_comportement_cognition,plasticite_synaptique,,Effects of Radiofrequency Electromagnetic Radiation on Neurotransmitters in the Brain.,https://pubmed.ncbi.nlm.nih.gov/34485223/,revue/neuro_comportement_cognition/2021_34485223_effects-of-radiofrequency-electromagnetic-radiatio.md
31071933,10.3390/ijerph16091607,2019,revue,neuro_comportement_cognition,,,Can Low-Level Exposure to Radiofrequency Fields Effect Cognitive Behaviour in Laboratory Animals? A Systematic Review of the Literature Related to Spatial Learning and Place Memory.,https://pubmed.ncbi.nlm.nih.gov/31071933/,revue/neuro_comportement_cognition/2019_31071933_can-low-level-exposure-to-radiofrequency-fields-ef.md
31463749,10.1007/s11356-019-06278-5,2019,revue,neuro_comportement_cognition,barriere_hemato_encephalique;thermique,Environmental science and pollution research international,Radiofrequency electromagnetic radiation-induced behavioral changes and their possible basis.,https://pubmed.ncbi.nlm.nih.gov/31463749/,revue/neuro_comportement_cognition/2019_31463749_radiofrequency-electromagnetic-radiation-induced-b.md
28426166,10.1002/bem.22052,2017,revue,neuro_comportement_cognition,eeg_sommeil;plasticite_synaptique,Bioelectromagnetics,Acute effects of radiofrequency electromagnetic field emitted by mobile phone on brain function.,https://pubmed.ncbi.nlm.nih.gov/28426166/,revue/neuro_comportement_cognition/2017_28426166_acute-effects-of-radiofrequency-electromagnetic-fi.md
29502514,10.1186/s40779-017-0139-0,2017,revue,neuro_comportement_cognition,stress_oxydatif;dosimetrie_exposition,,Recent advances in the effects of microwave radiation on brains.,https://pubmed.ncbi.nlm.nih.gov/29502514/,revue/neuro_comportement_cognition/2017_29502514_recent-advances-in-the-effects-of-microwave-radiat.md
26615484,10.1016/j.scitotenv.2015.11.073,2016,revue,neuro_comportement_cognition,,The Science of the total environment,Radiotelemetry and wildlife: Highlighting a gap in the knowledge on radiofrequency radiation effects.,https://pubmed.ncbi.nlm.nih.gov/26615484/,revue/neuro_comportement_cognition/2016_26615484_radiotelemetry-and-wildlife-highlighting-a-gap-in.md
26556835,10.1515/reveh-2015-0016,2015,revue,neuro_comportement_cognition,thermique,Reviews on environmental health,The microwave syndrome or electro-hypersensitivity: historical background.,https://pubmed.ncbi.nlm.nih.gov/26556835/,revue/neuro_comportement_cognition/2015_26556835_the-microwave-syndrome-or-electro-hypersensitivity.md
24843789,10.1186/2052-336X-12-75,2014,revue,neuro_comportement_cognition,,Journal of environmental health science & engineering,Looking at the other side of the coin: the search for possible biopositive cognitive effects of the exposure to 900 MHz GSM mobile phone radiofrequency radiation.,https://pubmed.ncbi.nlm.nih.gov/24843789/,revue/neuro_comportement_cognition/2014_24843789_looking-at-the-other-side-of-the-coin-the-search-f.md
23261519,10.1016/j.envint.2012.10.009,2013,revue,neuro_comportement_cognition,reproduction,Environment international,A review of the ecological effects of radiofrequency electromagnetic fields (RF-EMF).,https://pubmed.ncbi.nlm.nih.gov/23261519/,revue/neuro_comportement_cognition/2013_23261519_a-review-of-the-ecological-effects-of-radiofrequen.md
22245541,10.1016/j.envint.2011.12.002,2012,revue,neuro_comportement_cognition,eeg_sommeil,Environment international,Non-specific physical symptoms and electromagnetic field exposure in the general population: can we get more specific? A systematic review.,https://pubmed.ncbi.nlm.nih.gov/22245541/,revue/neuro_comportement_cognition/2012_22245541_non-specific-physical-symptoms-and-electromagnetic.md
17327852,10.1038/sj.jes.7500555,2008,revue,neuro_comportement_cognition,,Journal of exposure science & environmental epidemiology,Comparison of measuring instruments for radiofrequency radiation from mobile telephones in epidemiological studies: implications for exposure assessment.,https://pubmed.ncbi.nlm.nih.gov/17327852/,revue/neuro_comportement_cognition/2008_17327852_comparison-of-measuring-instruments-for-radiofrequ.md
17928386,10.1136/oem.2006.031450,2008,revue,neuro_comportement_cognition,,Occupational and environmental medicine,A meta-analysis for neurobehavioural effects due to electromagnetic field exposure emitted by GSM mobile phones.,https://pubmed.ncbi.nlm.nih.gov/17928386/,revue/neuro_comportement_cognition/2008_17928386_a-meta-analysis-for-neurobehavioural-effects-due-t.md
16724317,10.1002/bem.20247,2006,revue,neuro_comportement_cognition,,Bioelectromagnetics,Exposure to ELF magnetic and ELF-modulated radiofrequency fields: the time course of physiological and cognitive effects observed in recent studies (2001-2005).,https://pubmed.ncbi.nlm.nih.gov/16724317/,revue/neuro_comportement_cognition/2006_16724317_exposure-to-elf-magnetic-and-elf-modulated-radiofr.md
16019045,10.1016/j.taap.2005.03.028,2005,revue,neuro_comportement_cognition,genotoxicite_epigenetique;apoptose_mitochondrie;thermique,Toxicology and applied pharmacology,Genetic effects of radiofrequency radiation (RFR).,https://pubmed.ncbi.nlm.nih.gov/16019045/,revue/neuro_comportement_cognition/2005_16019045_genetic-effects-of-radiofrequency-radiation-rfr.md
10716164,,2000,revue,neuro_comportement_cognition,dosimetrie_exposition,"Aviation, space, and environmental medicine",Review of extensive workups of 34 patients overexposed to radiofrequency radiation.,https://pubmed.ncbi.nlm.nih.gov/10716164/,revue/neuro_comportement_cognition/2000_10716164_review-of-extensive-workups-of-34-patients-overexp.md
9258703,10.1007/s004200050181,1997,revue,neuro_comportement_cognition,thermique,International archives of occupational and environmental health,Exposure to extremely-low-frequency electromagnetic fields and radiofrequency radiation: cardiovascular effects in humans.,https://pubmed.ncbi.nlm.nih.gov/9258703/,revue/neuro_comportement_cognition/1997_9258703_exposure-to-extremely-low-frequency-electromagneti.md
3528012,10.1080/09553008614550841,1986,revue,neuro_comportement_cognition,reproduction,"International journal of radiation biology and related studies in physics, chemistry, and medicine",The biological effects of radiofrequency radiation: a critical review and recommendations.,https://pubmed.ncbi.nlm.nih.gov/3528012/,revue/neuro_comportement_cognition/1986_3528012_the-biological-effects-of-radiofrequency-radiation.md
3533816,10.1080/09553008614551211,1986,revue,neuro_comportement_cognition,barriere_hemato_encephalique;thermique,"International journal of radiation biology and related studies in physics, chemistry, and medicine",The effects of low-level radiofrequency and microwave radiation on brain tissue and animal behaviour.,https://pubmed.ncbi.nlm.nih.gov/3533816/,revue/neuro_comportement_cognition/1986_3533816_the-effects-of-low-level-radiofrequency-and-microw.md
41911438,10.2196/86479,2026,revue,neurodeveloppement,,,Determining the Impact of Nonionizing Electromagnetic Waves on Human Pregnancy and Teratogenicity: Protocol for Systematic Review and Meta-Analysis.,https://pubmed.ncbi.nlm.nih.gov/41911438/,revue/neurodeveloppement/2026_41911438_determining-the-impact-of-nonionizing-electromagne.md
41975739,10.3390/diagnostics16071026,2026,revue,neurodeveloppement,dosimetrie_exposition,"Diagnostics (Basel, Switzerland)",Potential Benefits of Ultra-High Field MRI for Embryonic and Fetal Brain Investigation: A Comprehensive Review.,https://pubmed.ncbi.nlm.nih.gov/41975739/,revue/neurodeveloppement/2026_41975739_potential-benefits-of-ultra-high-field-mri-for-emb.md
42385664,10.1016/j.radi.2026.103478,2026,revue,neurodeveloppement,neuro_comportement_cognition,"Radiography (London, England : 1995)",Optimisation of radiation dose and image quality in paediatric chest and abdominal CT examinations: A systematic review.,https://pubmed.ncbi.nlm.nih.gov/42385664/,revue/neurodeveloppement/2026_42385664_optimisation-of-radiation-dose-and-image-quality-i.md
42799090,10.3389/fpubh.2026.1915745,2026,revue,neurodeveloppement,stress_oxydatif;genotoxicite_epigenetique;cancer,,A review of potential health risks of radiofrequency electromagnetic field exposure from mobile phones and base stations in children and pregnant women.,https://pubmed.ncbi.nlm.nih.gov/42799090/,revue/neurodeveloppement/2026_42799090_a-review-of-potential-health-risks-of-radiofrequen.md
38889394,10.1515/reveh-2024-0017,2025,revue,neurodeveloppement,neuro_comportement_cognition;dosimetrie_exposition,Reviews on environmental health,Summary of seven Swedish case reports on the microwave syndrome associated with 5G radiofrequency radiation.,https://pubmed.ncbi.nlm.nih.gov/38889394/,revue/neurodeveloppement/2025_38889394_summary-of-seven-swedish-case-reports-on-the-micro.md
41210241,10.3389/fped.2025.1430160,2025,revue,neurodeveloppement,,Frontiers in pediatrics,The value of dual-energy CT virtual monoenergetic imaging and metal-artifacts reduction system after metal plate correction of congenital funnel chest in child: a single center retrospective study.,https://pubmed.ncbi.nlm.nih.gov/41210241/,revue/neurodeveloppement/2025_41210241_the-value-of-dual-energy-ct-virtual-monoenergetic.md
41255679,10.5409/wjcp.v14.i4.108823,2025,revue,neurodeveloppement,,World journal of clinical pediatrics,Dual-energy computed tomography in children: Technique and clinical applications.,https://pubmed.ncbi.nlm.nih.gov/41255679/,revue/neurodeveloppement/2025_41255679_dual-energy-computed-tomography-in-children-techni.md
41648050,10.3389/fped.2025.1681384,2025,revue,neurodeveloppement,,Frontiers in pediatrics,New advances in efficacy prediction of extracorporeal shock wave lithotripsy in pediatrics: a narrative review.,https://pubmed.ncbi.nlm.nih.gov/41648050/,revue/neurodeveloppement/2025_41648050_new-advances-in-efficacy-prediction-of-extracorpor.md
37609829,10.1515/reveh-2023-0046,2024,revue,neurodeveloppement,,Reviews on environmental health,The European Union assessments of radiofrequency radiation health risks - another hard nut to crack (Review).,https://pubmed.ncbi.nlm.nih.gov/37609829/,revue/neurodeveloppement/2024_37609829_the-european-union-assessments-of-radiofrequency-r.md
38783888,10.4103/ijoem.ijoem_89_23,2024,revue,neurodeveloppement,stress_oxydatif;apoptose_mitochondrie,,Investigation of the Adverse Health Effects of Cell Phone Radiation and Propose Solutions to Minimize Them: A Systematic Review.,https://pubmed.ncbi.nlm.nih.gov/38783888/,revue/neurodeveloppement/2024_38783888_investigation-of-the-adverse-health-effects-of-cel.md
36935315,10.1016/j.cppeds.2023.101374,2023,revue,neurodeveloppement,thermique,,"Wireless technologies, non-ionizing electromagnetic fields and children: Identifying and reducing health risks.",https://pubmed.ncbi.nlm.nih.gov/36935315/,revue/neurodeveloppement/2023_36935315_wireless-technologies-non-ionizing-electromagnetic.md
37197358,10.1515/med-2023-0697,2023,revue,neurodeveloppement,stress_oxydatif;genotoxicite_epigenetique,"Open medicine (Warsaw, Poland)",Electromagnetic fields exposure on fetal and childhood abnormalities: Systematic review and meta-analysis.,https://pubmed.ncbi.nlm.nih.gov/37197358/,revue/neurodeveloppement/2023_37197358_electromagnetic-fields-exposure-on-fetal-and-child.md
37729852,10.1016/j.envint.2023.108178,2023,revue,neurodeveloppement,reproduction;neuro_comportement_cognition;thermique,Environment international,Effects of Radiofrequency Electromagnetic Field (RF-EMF) exposure on pregnancy and birth outcomes: A systematic review of experimental studies on non-human mammals.,https://pubmed.ncbi.nlm.nih.gov/37729852/,revue/neurodeveloppement/2023_37729852_effects-of-radiofrequency-electromagnetic-field-rf.md
35648738,10.1371/journal.pone.0268641,2022,revue,neurodeveloppement,neuro_comportement_cognition,PloS one,Systematic review of the physiological and health-related effects of radiofrequency electromagnetic field exposure from wireless communication devices on children and adolescents in experimental and epidemiological human studies.,https://pubmed.ncbi.nlm.nih.gov/35648738/,revue/neurodeveloppement/2022_35648738_systematic-review-of-the-physiological-and-health.md
35792772,10.2478/aiht-2022-73-3402,2022,revue,neurodeveloppement,thermique,,Wi-Fi technology and human health impact: a brief review of current knowledge.,https://pubmed.ncbi.nlm.nih.gov/35792772/,revue/neurodeveloppement/2022_35792772_wi-fi-technology-and-human-health-impact-a-brief-r.md
33395944,10.1016/j.envint.2020.106300,2021,revue,neurodeveloppement,neuro_comportement_cognition;stress_oxydatif,Environment international,Prioritizing health outcomes when assessing the effects of exposure to radiofrequency electromagnetic fields: A survey among experts.,https://pubmed.ncbi.nlm.nih.gov/33395944/,revue/neurodeveloppement/2021_33395944_prioritizing-health-outcomes-when-assessing-the-ef.md
33594846,10.1515/reveh-2020-0168,2021,revue,neurodeveloppement,thermique;cancer;dosimetrie_exposition,Reviews on environmental health,Lost opportunities for cancer prevention: historical evidence on early warnings with emphasis on radiofrequency radiation.,https://pubmed.ncbi.nlm.nih.gov/33594846/,revue/neurodeveloppement/2021_33594846_lost-opportunities-for-cancer-prevention-historica.md
34095816,10.3389/frai.2021.543176,2021,revue,neurodeveloppement,,Frontiers in artificial intelligence,CNN-Based LCD Transcription of Blood Pressure From a Mobile Phone Camera.,https://pubmed.ncbi.nlm.nih.gov/34095816/,revue/neurodeveloppement/2021_34095816_cnn-based-lcd-transcription-of-blood-pressure-from.md
33302600,10.3390/ijerph17249179,2020,revue,neurodeveloppement,neuro_comportement_cognition,International journal of environmental research and public health,Exposure to Radiofrequency Electromagnetic Field in the High-Frequency Band and Cognitive Function in Children and Adolescents: A Literature Review.,https://pubmed.ncbi.nlm.nih.gov/33302600/,revue/neurodeveloppement/2020_33302600_exposure-to-radiofrequency-electromagnetic-field-i.md
28504324,10.1111/cdev.12824,2018,revue,neurodeveloppement,neuro_comportement_cognition;genotoxicite_epigenetique,Child development,"Electromagnetic Fields, Pulsed Radiofrequency Radiation, and Epigenetics: How Wireless Technologies May Affect Childhood Development.",https://pubmed.ncbi.nlm.nih.gov/28504324/,revue/neurodeveloppement/2018_28504324_electromagnetic-fields-pulsed-radiofrequency-radia.md
26661935,10.14670/HH-11-707,2016,revue,neurodeveloppement,neuro_comportement_cognition,Histology and histopathology,Controversies on electromagnetic field exposure and the nervous systems of children.,https://pubmed.ncbi.nlm.nih.gov/26661935/,revue/neurodeveloppement/2016_26661935_controversies-on-electromagnetic-field-exposure-an.md
26686296,10.1016/j.jchemneu.2015.11.005,2016,revue,neurodeveloppement,reproduction,Journal of chemical neuroanatomy,Electromagnetic field and brain development.,https://pubmed.ncbi.nlm.nih.gov/26686296/,revue/neurodeveloppement/2016_26686296_electromagnetic-field-and-brain-development.md
25563669,10.1016/j.psychres.2014.11.067,2015,revue,neurodeveloppement,,Psychiatry research,"How connected are people with schizophrenia? Cell phone, computer, email, and social media use.",https://pubmed.ncbi.nlm.nih.gov/25563669/,revue/neurodeveloppement/2015_25563669_how-connected-are-people-with-schizophrenia-cell-p.md
26613328,10.1515/reveh-2015-0030,2015,revue,neurodeveloppement,,Reviews on environmental health,Radiofrequency exposure in young and old: different sensitivities in light of age-relevant natural differences.,https://pubmed.ncbi.nlm.nih.gov/26613328/,revue/neurodeveloppement/2015_26613328_radiofrequency-exposure-in-young-and-old-different.md
24963454,10.1089/ped.2013.0308,2014,revue,neurodeveloppement,,"Pediatric allergy, immunology, and pulmonology",Mobile Phone Dermatitis in Children and Adults: A Review of the Literature.,https://pubmed.ncbi.nlm.nih.gov/24963454/,revue/neurodeveloppement/2014_24963454_mobile-phone-dermatitis-in-children-and-adults-a-r.md
25205214,10.1080/10937404.2014.923356,2014,revue,neurodeveloppement,,"Journal of toxicology and environmental health. Part B, Critical reviews",Could myelin damage from radiofrequency electromagnetic field exposure help explain the functional impairment electrohypersensitivity? A review of the evidence.,https://pubmed.ncbi.nlm.nih.gov/25205214/,revue/neurodeveloppement/2014_25205214_could-myelin-damage-from-radiofrequency-electromag.md
23872299,10.1016/j.pbiomolbio.2013.07.002,2013,revue,neurodeveloppement,stress_oxydatif,Progress in biophysics and molecular biology,Spatial and temporal RF electromagnetic field exposure of children and adults in indoor micro environments in Belgium and Greece.,https://pubmed.ncbi.nlm.nih.gov/23872299/,revue/neurodeveloppement/2013_23872299_spatial-and-temporal-rf-electromagnetic-field-expo.md
21124713,10.2471/BLT.09.071852,2010,revue,neurodeveloppement,dosimetrie_exposition,Bulletin of the World Health Organization,Systematic review on the health effects of exposure to radiofrequency electromagnetic fields from mobile phone base stations.,https://pubmed.ncbi.nlm.nih.gov/21124713/,revue/neurodeveloppement/2010_21124713_systematic-review-on-the-health-effects-of-exposur.md
18242044,10.1016/j.biopha.2007.12.004,2008,revue,neurodeveloppement,cancer;thermique,Biomedicine & pharmacotherapy = Biomedecine & pharmacotherapie,Biological effects from electromagnetic field exposure and public exposure standards.,https://pubmed.ncbi.nlm.nih.gov/18242044/,revue/neurodeveloppement/2008_18242044_biological-effects-from-electromagnetic-field-expo.md
14628313,10.1002/bem.10127,2003,revue,neurodeveloppement,thermique,Bioelectromagnetics,Radiofrequency fields and teratogenesis.,https://pubmed.ncbi.nlm.nih.gov/14628313/,revue/neurodeveloppement/2003_14628313_radiofrequency-fields-and-teratogenesis.md
8548523,10.3322/canjclin.46.1.29,1996,revue,neurodeveloppement,,CA: a cancer journal for clinicians,Electromagnetic field exposure and cancer: a review of epidemiologic evidence.,https://pubmed.ncbi.nlm.nih.gov/8548523/,revue/neurodeveloppement/1996_8548523_electromagnetic-field-exposure-and-cancer-a-review.md
3905624,10.1007/BF00396595,1985,revue,neurodeveloppement,,International archives of occupational and environmental health,Epidemiological studies of human exposures to radiofrequency radiation. A critical review.,https://pubmed.ncbi.nlm.nih.gov/3905624/,revue/neurodeveloppement/1985_3905624_epidemiological-studies-of-human-exposures-to-radi.md
6347972,10.1097/00004032-198307000-00011,1983,revue,neurodeveloppement,thermique;dosimetrie_exposition,Health physics,A suggested limit for population exposure to radiofrequency radiation.,https://pubmed.ncbi.nlm.nih.gov/6347972/,revue/neurodeveloppement/1983_6347972_a-suggested-limit-for-population-exposure-to-radio.md
7039662,10.1136/oem.39.2.105,1982,revue,neurodeveloppement,thermique,British journal of industrial medicine,Health implications of exposure to radiofrequency/microwave energies.,https://pubmed.ncbi.nlm.nih.gov/7039662/,revue/neurodeveloppement/1982_7039662_health-implications-of-exposure-to-radiofrequency.md
42182622,10.21037/jtd-2025-1-2648,2026,revue,neuroinflammation,cancer,Journal of thoracic disease,Comorbidity of chronic obstructive pulmonary disease and pulmonary tuberculosis: a bibliometric analysis (2011-2025) with narrative review.,https://pubmed.ncbi.nlm.nih.gov/42182622/,revue/neuroinflammation/2026_42182622_comorbidity-of-chronic-obstructive-pulmonary-disea.md
42418111,10.1007/s12640-026-00810-5,2026,revue,neuroinflammation,calcium_canaux_ioniques;neuro_comportement_cognition;dosimetrie_exposition,Neurotoxicity research,Biological Effects of High-Frequency Electromagnetic Fields on CNS Function and Neuroimmune Responses: A Systematic Review of In Vitro and In Vivo Experimental Studies.,https://pubmed.ncbi.nlm.nih.gov/42418111/,revue/neuroinflammation/2026_42418111_biological-effects-of-high-frequency-electromagnet.md
40363190,10.3390/s25092749,2025,revue,plasticite_synaptique,,,Effects of Mobile Electromagnetic Exposure on Brain Oscillations and Cortical Excitability: Scoping Review.,https://pubmed.ncbi.nlm.nih.gov/40363190/,revue/plasticite_synaptique/2025_40363190_effects-of-mobile-electromagnetic-exposure-on-brai.md
41809810,10.21037/tau-2025-aw-833,2026,revue,reproduction,stress_oxydatif;genotoxicite_epigenetique,Translational andrology and urology,Environmental and microbiome determinants of sperm quality: a narrative review on male health.,https://pubmed.ncbi.nlm.nih.gov/41809810/,revue/reproduction/2026_41809810_environmental-and-microbiome-determinants-of-sperm.md
38584548,10.2174/0118744710285874240326041025,2025,revue,reproduction,eeg_sommeil;cancer,,Response of Male Reproductive System against Ionizing Radiation and Available Radio-protective Agents: Cellular and Molecular Insight.,https://pubmed.ncbi.nlm.nih.gov/38584548/,revue/reproduction/2025_38584548_response-of-male-reproductive-system-against-ioniz.md
40108785,10.1080/15368378.2025.2480664,2025,revue,reproduction,stress_oxydatif;genotoxicite_epigenetique;dosimetrie_exposition,,The effects of radiofrequency radiation on male reproductive health and potential mechanisms.,https://pubmed.ncbi.nlm.nih.gov/40108785/,revue/reproduction/2025_40108785_the-effects-of-radiofrequency-radiation-on-male-re.md
41034851,10.1186/s12940-025-01220-4,2025,revue,reproduction,stress_oxydatif;cancer;neurodeveloppement,,The WHO-commissioned systematic reviews on health effects of radiofrequency radiation provide no assurance of safety.,https://pubmed.ncbi.nlm.nih.gov/41034851/,revue/reproduction/2025_41034851_the-who-commissioned-systematic-reviews-on-health.md
41073070,10.1080/20477724.2025.2573317,2025,revue,reproduction,,,Disrupting vector competence: exploring radiofrequency exposure as a novel approach to mosquito-borne disease prevention in a changing climate.,https://pubmed.ncbi.nlm.nih.gov/41073070/,revue/reproduction/2025_41073070_disrupting-vector-competence-exploring-radiofreque.md
42417336,,2025,revue,reproduction,stress_oxydatif;eeg_sommeil,"Urologiia (Moscow, Russia : 1999)",[The effect of melatonin on male reproductive function (indicators of ejaculate)].,https://pubmed.ncbi.nlm.nih.gov/42417336/,revue/reproduction/2025_42417336_the-effect-of-melatonin-on-male-reproductive-funct.md
38263592,10.5653/cerm.2023.06121,2024,revue,reproduction,,,Detrimental impact of cell phone radiation on sperm DNA integrity.,https://pubmed.ncbi.nlm.nih.gov/38263592/,revue/reproduction/2024_38263592_detrimental-impact-of-cell-phone-radiation-on-sper.md
38492496,10.1016/j.envint.2024.108509,2024,revue,reproduction,neurodeveloppement;dosimetrie_exposition,Environment international,Effects of radiofrequency electromagnetic field (RF-EMF) exposure on male fertility: A systematic review of experimental studies on non-human mammals and human sperm in vitro.,https://pubmed.ncbi.nlm.nih.gov/38492496/,revue/reproduction/2024_38492496_effects-of-radiofrequency-electromagnetic-field-rf.md
38880061,10.1016/j.envint.2024.108817,2024,revue,reproduction,neurodeveloppement,Environment international,The effects of radiofrequency exposure on male fertility: A systematic review of human observational studies with dose-response meta-analysis.,https://pubmed.ncbi.nlm.nih.gov/38880061/,revue/reproduction/2024_38880061_the-effects-of-radiofrequency-exposure-on-male-fer.md
38880062,10.1016/j.envint.2024.108816,2024,revue,reproduction,neurodeveloppement,Environment international,The effects of radiofrequency exposure on adverse female reproductive outcomes: A systematic review of human observational studies with dose-response meta-analysis.,https://pubmed.ncbi.nlm.nih.gov/38880062/,revue/reproduction/2024_38880062_the-effects-of-radiofrequency-exposure-on-adverse.md
39566441,10.1016/j.envint.2024.108940,2024,revue,reproduction,stress_oxydatif,,The effects of radiofrequency electromagnetic field exposure on biomarkers of oxidative stress in vivo and in vitro: A systematic review of experimental studies.,https://pubmed.ncbi.nlm.nih.gov/39566441/,revue/reproduction/2024_39566441_the-effects-of-radiofrequency-electromagnetic-fiel.md
39896841,10.3389/frph.2024.1515166,2024,revue,reproduction,,,Histopathologic effects of mobile phone radiation exposure on the testes and sperm parameters: a systematic literature review of animal studies.,https://pubmed.ncbi.nlm.nih.gov/39896841/,revue/reproduction/2024_39896841_histopathologic-effects-of-mobile-phone-radiation.md
34384508,10.1017/S096719942100037X,2022,revue,reproduction,stress_oxydatif,"Zygote (Cambridge, England)",Effects of mobile phone radiofrequency radiation on sperm quality.,https://pubmed.ncbi.nlm.nih.gov/34384508/,revue/reproduction/2022_34384508_effects-of-mobile-phone-radiofrequency-radiation-o.md
34735951,10.1016/j.envint.2021.106968,2022,revue,reproduction,neurodeveloppement,Environment international,The effects of radiofrequency exposure on male fertility and adverse reproductive outcomes: A protocol for two systematic reviews of human observational studies with meta-analysis.,https://pubmed.ncbi.nlm.nih.gov/34735951/,revue/reproduction/2022_34735951_the-effects-of-radiofrequency-exposure-on-male-fer.md
34969603,10.1016/j.androl.2020.10.004,2022,revue,reproduction,neurodeveloppement,Revista internacional de andrologia,The effects of wireless devices on male reproductive health: A literature overview.,https://pubmed.ncbi.nlm.nih.gov/34969603/,revue/reproduction/2022_34969603_the-effects-of-wireless-devices-on-male-reproducti.md
33471575,10.1080/15368378.2021.1874973,2021,revue,reproduction,stress_oxydatif,Electromagnetic biology and medicine,Association between reproductive health and nonionizing radiation exposure.,https://pubmed.ncbi.nlm.nih.gov/33471575/,revue/reproduction/2021_33471575_association-between-reproductive-health-and-nonion.md
33497741,10.1016/j.reprotox.2021.01.007,2021,revue,reproduction,stress_oxydatif,"Reproductive toxicology (Elmsford, N.Y.)",Radiofrequency radiation: A possible threat to male fertility.,https://pubmed.ncbi.nlm.nih.gov/33497741/,revue/reproduction/2021_33497741_radiofrequency-radiation-a-possible-threat-to-male.md
33597038,10.1186/s40779-021-00303-w,2021,revue,reproduction,,,Establishment of injury models in studies of biological effects induced by microwave radiation.,https://pubmed.ncbi.nlm.nih.gov/33597038/,revue/reproduction/2021_33597038_establishment-of-injury-models-in-studies-of-biolo.md
34454359,10.1016/j.envint.2021.106806,2021,revue,reproduction,neurodeveloppement;dosimetrie_exposition,Environment international,Effects of Radiofrequency Electromagnetic Field (RF-EMF) exposure on male fertility and pregnancy and birth outcomes: Protocols for a systematic review of experimental studies in non-human mammals and in human sperm exposed in vitro.,https://pubmed.ncbi.nlm.nih.gov/34454359/,revue/reproduction/2021_34454359_effects-of-radiofrequency-electromagnetic-field-rf.md
34630149,10.3389/fphys.2021.732420,2021,revue,reproduction,apoptose_mitochondrie;stress_oxydatif,,Effect of Radiation Emitted by Wireless Devices on Male Reproductive Hormones: A Systematic Review.,https://pubmed.ncbi.nlm.nih.gov/34630149/,revue/reproduction/2021_34630149_effect-of-radiation-emitted-by-wireless-devices-on.md
33311902,10.4103/jhrs.jhrs_126_19,2020,revue,reproduction,stress_oxydatif;thermique,,Does the Use of Mobile Phone Affect Male Fertility? A Mini-Review.,https://pubmed.ncbi.nlm.nih.gov/33311902/,revue/reproduction/2020_33311902_does-the-use-of-mobile-phone-affect-male-fertility.md
31353326,10.1620/tjem.248.169,2019,revue,reproduction,stress_oxydatif;genotoxicite_epigenetique,,Adverse Effects of Wi-Fi Radiation on Male Reproductive System: A Systematic Review.,https://pubmed.ncbi.nlm.nih.gov/31353326/,revue/reproduction/2019_31353326_adverse-effects-of-wi-fi-radiation-on-male-reprodu.md
29422451,10.2196/resprot.9102,2018,revue,reproduction,,JMIR research protocols,Influence of Radiofrequency Electromagnetic Fields on the Fertility System: Protocol for a Systematic Review and Meta-Analysis.,https://pubmed.ncbi.nlm.nih.gov/29422451/,revue/reproduction/2018_29422451_influence-of-radiofrequency-electromagnetic-fields.md
29573716,10.1016/j.envres.2018.01.035,2018,revue,reproduction,neurodeveloppement;stress_oxydatif;apoptose_mitochondrie,Environmental research,Wi-Fi is an important threat to human health.,https://pubmed.ncbi.nlm.nih.gov/29573716/,revue/reproduction/2018_29573716_wi-fi-is-an-important-threat-to-human-health.md
29884548,10.1016/j.envres.2018.02.031,2018,revue,reproduction,stress_oxydatif;genotoxicite_epigenetique,Environmental research,Effects of mobile phone exposure on metabolomics in the male and female reproductive systems.,https://pubmed.ncbi.nlm.nih.gov/29884548/,revue/reproduction/2018_29884548_effects-of-mobile-phone-exposure-on-metabolomics-i.md
30445985,10.1186/s12958-018-0431-1,2018,revue,reproduction,stress_oxydatif;genotoxicite_epigenetique,,Radiations and male fertility.,https://pubmed.ncbi.nlm.nih.gov/30445985/,revue/reproduction/2018_30445985_radiations-and-male-fertility.md
30964085,10.4103/ijmr.ijmr_1056_18,2018,revue,reproduction,genotoxicite_epigenetique;thermique;dosimetrie_exposition,,Effect of radiofrequency radiation on reproductive health.,https://pubmed.ncbi.nlm.nih.gov/30964085/,revue/reproduction/2018_30964085_effect-of-radiofrequency-radiation-on-reproductive.md
22926544,10.1007/s12013-012-9414-6,2013,revue,reproduction,stress_oxydatif;genotoxicite_epigenetique;apoptose_mitochondrie,Cell biochemistry and biophysics,Biophysical evaluation of radiofrequency electromagnetic field effects on male reproductive pattern.,https://pubmed.ncbi.nlm.nih.gov/22926544/,revue/reproduction/2013_22926544_biophysical-evaluation-of-radiofrequency-electroma.md
22563544,10.5653/cerm.2012.39.1.1,2012,revue,reproduction,neurodeveloppement;apoptose_mitochondrie,Clinical and experimental reproductive medicine,Effect of electromagnetic field exposure on the reproductive system.,https://pubmed.ncbi.nlm.nih.gov/22563544/,revue/reproduction/2012_22563544_effect-of-electromagnetic-field-exposure-on-the-re.md
18063530,10.2478/v10004-007-0038-y,2007,revue,reproduction,,Arhiv za higijenu rada i toksikologiju,[Effects of radiofrequency electromagnetic fields on mammalian spermatogenesis].,https://pubmed.ncbi.nlm.nih.gov/18063530/,revue/reproduction/2007_18063530_effects-of-radiofrequency-electromagnetic-fields-o.md
9990158,10.1179/oeh.1995.1.1.47,1995,revue,reproduction,thermique,International journal of occupational and environmental health,"Epidemiologic Evidence of Radiofrequency Radiation (Microwave) Effects on Health in Military, Broadcasting, and Occupational Studies.",https://pubmed.ncbi.nlm.nih.gov/9990158/,revue/reproduction/1995_9990158_epidemiologic-evidence-of-radiofrequency-radiation.md
8206019,10.1289/ehp.93101s4107,1993,revue,reproduction,neurodeveloppement,Environmental health perspectives,Human adverse reproductive outcomes and electromagnetic field exposures: review of epidemiologic studies.,https://pubmed.ncbi.nlm.nih.gov/8206019/,revue/reproduction/1993_8206019_human-adverse-reproductive-outcomes-and-electromag.md
2462414,,1988,revue,reproduction,thermique,"Aviation, space, and environmental medicine",Mechanisms of biological effects of radiofrequency electromagnetic fields: an overview.,https://pubmed.ncbi.nlm.nih.gov/2462414/,revue/reproduction/1988_2462414_mechanisms-of-biological-effects-of-radiofrequency.md
40970078,10.7759/cureus.90355,2025,revue,stress_oxydatif,genotoxicite_epigenetique;reproduction;neuro_comportement_cognition,,A Systematic Review of the Impact of Electromagnetic Waves on Living Beings.,https://pubmed.ncbi.nlm.nih.gov/40970078/,revue/stress_oxydatif/2025_40970078_a-systematic-review-of-the-impact-of-electromagnet.md
41111969,10.3389/fneur.2025.1616435,2025,revue,stress_oxydatif,,,Review of the evidence on the influence of Wi-Fi 2.4 GHz radiation on oxidative stress and its possible relationship with Alzheimer's disease.,https://pubmed.ncbi.nlm.nih.gov/41111969/,revue/stress_oxydatif/2025_41111969_review-of-the-evidence-on-the-influence-of-wi-fi-2.md
38773047,10.1007/s10661-024-12623-0,2024,revue,stress_oxydatif,dosimetrie_exposition;eeg_sommeil;apoptose_mitochondrie,,Review on the impact of cell phone radiation effects on green plants.,https://pubmed.ncbi.nlm.nih.gov/38773047/,revue/stress_oxydatif/2024_38773047_review-on-the-impact-of-cell-phone-radiation-effec.md
39244061,10.1016/j.scitotenv.2024.176023,2024,revue,stress_oxydatif,apoptose_mitochondrie,The Science of the total environment,Redox cell signalling triggered by black carbon and/or radiofrequency electromagnetic fields: Influence on cell death.,https://pubmed.ncbi.nlm.nih.gov/39244061/,revue/stress_oxydatif/2024_39244061_redox-cell-signalling-triggered-by-black-carbon-an.md
36818013,10.31661/jbpe.v0i0.2109-1398,2023,revue,stress_oxydatif,neuroinflammation;apoptose_mitochondrie;dosimetrie_exposition,,Exposure to Low Levels of Radiofrequency Electromagnetic Fields Emitted from Cell-phones as a Promising Treatment of Alzheimer's Disease: A Scoping Review Study.,https://pubmed.ncbi.nlm.nih.gov/36818013/,revue/stress_oxydatif/2023_36818013_exposure-to-low-levels-of-radiofrequency-electroma.md
32885667,10.1080/09603123.2020.1806212,2022,revue,stress_oxydatif,dosimetrie_exposition;cancer,International journal of environmental health research,Non-ionizing radiation as possible carcinogen.,https://pubmed.ncbi.nlm.nih.gov/32885667/,revue/stress_oxydatif/2022_32885667_non-ionizing-radiation-as-possible-carcinogen.md
34662800,10.1016/j.envint.2021.106932,2022,revue,stress_oxydatif,,Environment international,The effect of radiofrequency electromagnetic fields (RF-EMF) on biomarkers of oxidative stress in vivo and in vitro: A protocol for a systematic review.,https://pubmed.ncbi.nlm.nih.gov/34662800/,revue/stress_oxydatif/2022_34662800_the-effect-of-radiofrequency-electromagnetic-field.md
35863710,10.1016/j.envpol.2022.119793,2022,revue,stress_oxydatif,neuroinflammation;apoptose_mitochondrie,"Environmental pollution (Barking, Essex : 1987)",Immunotoxicity of radiofrequency radiation.,https://pubmed.ncbi.nlm.nih.gov/35863710/,revue/stress_oxydatif/2022_35863710_immunotoxicity-of-radiofrequency-radiation.md
36605238,10.3389/fpubh.2022.986315,2022,revue,stress_oxydatif,,,Wireless technology is an environmental stressor requiring new understanding and approaches in health care.,https://pubmed.ncbi.nlm.nih.gov/36605238/,revue/stress_oxydatif/2022_36605238_wireless-technology-is-an-environmental-stressor-r.md
33917298,10.3390/ijms22073772,2021,revue,stress_oxydatif,cancer,,Manmade Electromagnetic Fields and Oxidative Stress-Biological Effects and Consequences for Health.,https://pubmed.ncbi.nlm.nih.gov/33917298/,revue/stress_oxydatif/2021_33917298_manmade-electromagnetic-fields-and-oxidative-stres.md
34778597,,2021,revue,stress_oxydatif,,,Evidence for a connection between coronavirus disease-19 and exposure to radiofrequency radiation from wireless communications including 5G.,https://pubmed.ncbi.nlm.nih.gov/34778597/,revue/stress_oxydatif/2021_34778597_evidence-for-a-connection-between-coronavirus-dise.md
32289567,10.1016/j.envres.2020.109445,2020,revue,stress_oxydatif,barriere_hemato_encephalique;apoptose_mitochondrie;neuro_comportement_cognition,Environmental research,"Electromagnetic hypersensitivity (EHS, microwave syndrome) - Review of mechanisms.",https://pubmed.ncbi.nlm.nih.gov/32289567/,revue/stress_oxydatif/2020_32289567_electromagnetic-hypersensitivity-ehs-microwave-syn.md
30023251,10.1016/j.jmau.2017.07.003,2017,revue,stress_oxydatif,eeg_sommeil;genotoxicite_epigenetique,Journal of microscopy and ultrastructure,Effects of electromagnetic fields exposure on the antioxidant defense system.,https://pubmed.ncbi.nlm.nih.gov/30023251/,revue/stress_oxydatif/2017_30023251_effects-of-electromagnetic-fields-exposure-on-the.md
26151230,10.3109/15368378.2015.1043557,2016,revue,stress_oxydatif,cancer,Electromagnetic biology and medicine,Oxidative mechanisms of biological activity of low-intensity radiofrequency radiation.,https://pubmed.ncbi.nlm.nih.gov/26151230/,revue/stress_oxydatif/2016_26151230_oxidative-mechanisms-of-biological-activity-of-low.md
26371078,10.1016/j.jchemneu.2015.09.001,2016,revue,stress_oxydatif,genotoxicite_epigenetique,Journal of chemical neuroanatomy,The link between radiofrequencies emitted from wireless technologies and oxidative stress.,https://pubmed.ncbi.nlm.nih.gov/26371078/,revue/stress_oxydatif/2016_26371078_the-link-between-radiofrequencies-emitted-from-wir.md
26718608,10.1016/j.jchemneu.2015.12.008,2016,revue,stress_oxydatif,,Journal of chemical neuroanatomy,Controversies related to electromagnetic field exposure on peripheral nerves.,https://pubmed.ncbi.nlm.nih.gov/26718608/,revue/stress_oxydatif/2016_26718608_controversies-related-to-electromagnetic-field-exp.md
27601711,10.1530/REP-16-0126,2016,revue,stress_oxydatif,reproduction;genotoxicite_epigenetique;apoptose_mitochondrie,"Reproduction (Cambridge, England)",The effects of radiofrequency electromagnetic radiation on sperm function.,https://pubmed.ncbi.nlm.nih.gov/27601711/,revue/stress_oxydatif/2016_27601711_the-effects-of-radiofrequency-electromagnetic-radi.md
23152390,10.2478/10004-1254-63-2012-2215,2012,revue,stress_oxydatif,thermique,Arhiv za higijenu rada i toksikologiju,Biological indicators in response to radiofrequency/microwave exposure.,https://pubmed.ncbi.nlm.nih.gov/23152390/,revue/stress_oxydatif/2012_23152390_biological-indicators-in-response-to-radiofrequenc.md
41445170,10.1093/milmed/usaf613,2026,revue,thermique,dosimetrie_exposition,,Radio Frequency Exposure in Military Contexts: A Narrative Review of Thermal Effects and Safety Considerations.,https://pubmed.ncbi.nlm.nih.gov/41445170/,revue/thermique/2026_41445170_radio-frequency-exposure-in-military-contexts-a-na.md
42122726,10.3390/polym18091103,2026,revue,thermique,,,Use of Microwave Technology for Agro-Based Polymers: A Selective Review.,https://pubmed.ncbi.nlm.nih.gov/42122726/,revue/thermique/2026_42122726_use-of-microwave-technology-for-agro-based-polymer.md
42196072,10.3390/gels12050385,2026,revue,thermique,dosimetrie_exposition,"Gels (Basel, Switzerland)","Advances in Magnetic Nanomaterials, Ferrofluids, and Ferrogels: From Structure to Biomedical and Engineering Applications.",https://pubmed.ncbi.nlm.nih.gov/42196072/,revue/thermique/2026_42196072_advances-in-magnetic-nanomaterials-ferrofluids-and.md
42530729,10.1007/s10439-026-04301-8,2026,revue,thermique,cancer;dosimetrie_exposition,Annals of biomedical engineering,Metamaterial-Assisted Miniaturized Antennas for Targeted Microwave Hyperthermia: From Deep Tissue Focus to Energy Efficiency.,https://pubmed.ncbi.nlm.nih.gov/42530729/,revue/thermique/2026_42530729_metamaterial-assisted-miniaturized-antennas-for-ta.md
42646427,10.3390/nano16161018,2026,revue,thermique,stress_oxydatif;dosimetrie_exposition,"Nanomaterials (Basel, Switzerland)","Magnetothermally Responsive Mesoporous Silica Nanocarriers: Materials Design, Thermoresponsive Gates and Controlled Drug Release.",https://pubmed.ncbi.nlm.nih.gov/42646427/,revue/thermique/2026_42646427_magnetothermally-responsive-mesoporous-silica-nano.md
42733872,10.2147/IJN.S628845,2026,revue,thermique,stress_oxydatif;dosimetrie_exposition,International journal of nanomedicine,Advancements in Superparamagnetic Iron Oxide Nanoparticles for Magnetic Hyperthermia as a Promising Strategy to Combat Antibacterial Resistance.,https://pubmed.ncbi.nlm.nih.gov/42733872/,revue/thermique/2026_42733872_advancements-in-superparamagnetic-iron-oxide-nanop.md
42797853,10.3390/v18091022,2026,revue,thermique,,,Can Non-Thermal Microwave Irradiation Inactivate Viruses? A Review with Some Computations.,https://pubmed.ncbi.nlm.nih.gov/42797853/,revue/thermique/2026_42797853_can-non-thermal-microwave-irradiation-inactivate-v.md
40339686,10.1016/j.ando.2025.101782,2025,revue,thermique,,,Electromagnetic fields from mobile phones: A risk for maintaining energy homeostasis?,https://pubmed.ncbi.nlm.nih.gov/40339686/,revue/thermique/2025_40339686_electromagnetic-fields-from-mobile-phones-a-risk-f.md
40400318,10.1098/rsta.2024.0069,2025,revue,thermique,,,"Microwave power sources for industrial, scientific and medical applications.",https://pubmed.ncbi.nlm.nih.gov/40400318/,revue/thermique/2025_40400318_microwave-power-sources-for-industrial-scientific.md
40662412,10.1002/bem.70014,2025,revue,thermique,dosimetrie_exposition,,Impact of Radiofrequency Electromagnetic Fields on Cardiac Activity at Rest: A Systematic Review of Healthy Human Studies.,https://pubmed.ncbi.nlm.nih.gov/40662412/,revue/thermique/2025_40662412_impact-of-radiofrequency-electromagnetic-fields-on.md
37990587,10.1515/reveh-2023-0072,2024,revue,thermique,,Reviews on environmental health,Biological effects of electromagnetic fields on insects: a systematic review and meta-analysis.,https://pubmed.ncbi.nlm.nih.gov/37990587/,revue/thermique/2024_37990587_biological-effects-of-electromagnetic-fields-on-in.md
38491820,10.1093/rpd/ncae045,2024,revue,thermique,dosimetrie_exposition,,Evaluating radiofrequency electromagnetic field exposure in confined spaces: a systematic review of recent studies and future directions.,https://pubmed.ncbi.nlm.nih.gov/38491820/,revue/thermique/2024_38491820_evaluating-radiofrequency-electromagnetic-field-ex.md
39019469,10.1080/02656736.2024.2379992,2024,revue,thermique,apoptose_mitochondrie;genotoxicite_epigenetique;calcium_canaux_ioniques,"International journal of hyperthermia : the official journal of European Society for Hyperthermic Oncology, North American Hyperthermia Group",Literature review: potential non-thermal molecular effects of external radiofrequency electromagnetic fields on cancer.,https://pubmed.ncbi.nlm.nih.gov/39019469/,revue/thermique/2024_39019469_literature-review-potential-non-thermal-molecular.md
36353271,10.3389/fpubh.2022.992645,2022,revue,thermique,dosimetrie_exposition,Frontiers in public health,It is mandatory to review environmental radiofrequency electromagnetic field measurement protocols and exposure regulations: An opinion article.,https://pubmed.ncbi.nlm.nih.gov/36353271/,revue/thermique/2022_36353271_it-is-mandatory-to-review-environmental-radiofrequ.md
33761473,10.1088/1361-6560/abf1b7,2021,revue,thermique,dosimetrie_exposition,Physics in medicine and biology,Human exposure to radiofrequency energy above 6 GHz: review of computational dosimetry studies.,https://pubmed.ncbi.nlm.nih.gov/33761473/,revue/thermique/2021_33761473_human-exposure-to-radiofrequency-energy-above-6-gh.md
19264460,10.1016/j.pathophys.2009.02.001,2009,revue,thermique,neuro_comportement_cognition,Pathophysiology : the official journal of the International Society for Pathophysiology,Cell phone radiation: Evidence from ELF and RF studies supporting more inclusive risk identification and assessment.,https://pubmed.ncbi.nlm.nih.gov/19264460/,revue/thermique/2009_19264460_cell-phone-radiation-evidence-from-elf-and-rf-stud.md
17495663,10.1097/01.HP.0000262572.64418.38,2007,revue,thermique,neuro_comportement_cognition,Health physics,Thermal mechanisms of interaction of radiofrequency energy with biological systems with relevance to exposure guidelines.,https://pubmed.ncbi.nlm.nih.gov/17495663/,revue/thermique/2007_17495663_thermal-mechanisms-of-interaction-of-radiofrequenc.md
15135881,10.1016/j.neulet.2003.12.028,2004,revue,thermique,,Neuroscience letters,Diseases of modern living: neurological changes associated with mobile phones and radiofrequency radiation in humans.,https://pubmed.ncbi.nlm.nih.gov/15135881/,revue/thermique/2004_15135881_diseases-of-modern-living-neurological-changes-ass.md
14628311,10.1002/bem.10117,2003,revue,thermique,dosimetrie_exposition;barriere_hemato_encephalique,Bioelectromagnetics,Ocular effects of radiofrequency energy.,https://pubmed.ncbi.nlm.nih.gov/14628311/,revue/thermique/2003_14628311_ocular-effects-of-radiofrequency-energy.md
382232,10.1007/BF01326892,1979,revue,thermique,,Radiation and environmental biophysics,Interaction of radiofrequency and microwave radiation with living systems. A review of mechanisms.,https://pubmed.ncbi.nlm.nih.gov/382232/,revue/thermique/1979_382232_interaction-of-radiofrequency-and-microwave-radiat.md
397349,10.1080/16070658.1979.11689176,1979,revue,thermique,,The Journal of microwave power,A review of selected biological effects and dosimetric data useful for development of radiofrequency safety standards for human exposure.,https://pubmed.ncbi.nlm.nih.gov/397349/,revue/thermique/1979_397349_a-review-of-selected-biological-effects-and-dosime.md
